company,sector,model_type,problem_type,sequence_length,epoch,train_loss,val_loss,train_samples,val_samples,test_samples
AAPL,Consumer Goods,BiLSTM,regression,12,1,0.4167283597664955,0.5471669955131335,312,78,78
AAPL,Consumer Goods,BiLSTM,regression,12,2,0.3629992573689192,0.5510487464758066,312,78,78
AAPL,Consumer Goods,BiLSTM,regression,12,3,0.35343998746994215,0.5530958970387777,312,78,78
AAPL,Consumer Goods,BiLSTM,regression,12,4,0.33749162157376605,0.5531341112576998,312,78,78
AAPL,Consumer Goods,BiLSTM,regression,12,5,0.33422011671922147,0.5630541122876681,312,78,78
AAPL,Consumer Goods,BiLSTM,regression,12,6,0.3377713721532088,0.5918258856504391,312,78,78
AAPL,Consumer Goods,BiLSTM,regression,12,7,0.3340379366507897,0.6285049945880206,312,78,78
AAPL,Consumer Goods,BiLSTM,regression,12,8,0.32527211155646885,0.6535906822253497,312,78,78
AAPL,Consumer Goods,BiLSTM,regression,12,9,0.31985026063063204,0.64991906667367,312,78,78
AAPL,Consumer Goods,BiLSTM,regression,12,10,0.31762689504867947,0.6688574858200855,312,78,78
AAPL,Consumer Goods,BiLSTM,regression,12,11,0.32195472411620313,0.6825196467913114,312,78,78
AAPL,Consumer Goods,BiLSTM,regression,12,12,0.31183083546467316,0.6743094401481824,312,78,78
AAPL,Consumer Goods,BiLSTM,regression,12,13,0.31082179225408113,0.6734342636206211,312,78,78
AAPL,Consumer Goods,BiLSTM,regression,12,14,0.3094887878650274,0.6767015701685196,312,78,78
AAPL,Consumer Goods,BiLSTM,regression,12,15,0.3021965584693811,0.6688628257849277,312,78,78
AAPL,Consumer Goods,BiLSTM,regression,12,16,0.3008800126039065,0.672445419507149,312,78,78
ABBV,Healthcare,BiLSTM,regression,12,1,0.410294365788263,0.3595369356743833,189,47,47
ABBV,Healthcare,BiLSTM,regression,12,2,0.3820668019787975,0.3599978317605688,189,47,47
ABBV,Healthcare,BiLSTM,regression,12,3,0.37018966312130924,0.35955895261561616,189,47,47
ABBV,Healthcare,BiLSTM,regression,12,4,0.36114243043478206,0.35795703974175963,189,47,47
ABBV,Healthcare,BiLSTM,regression,12,5,0.34846508755254996,0.3594364308296366,189,47,47
ABBV,Healthcare,BiLSTM,regression,12,6,0.34020579594468314,0.3665222018323046,189,47,47
ABBV,Healthcare,BiLSTM,regression,12,7,0.34506684857070763,0.374104786426463,189,47,47
ABBV,Healthcare,BiLSTM,regression,12,8,0.3520076690369813,0.3764467175970686,189,47,47
ABBV,Healthcare,BiLSTM,regression,12,9,0.3455449153506567,0.38935305590325214,189,47,47
ABBV,Healthcare,BiLSTM,regression,12,10,0.3180068431707917,0.4012738009716602,189,47,47
ABBV,Healthcare,BiLSTM,regression,12,11,0.33130282289767393,0.3814212641817458,189,47,47
ABBV,Healthcare,BiLSTM,regression,12,12,0.309399048881556,0.36446826255067866,189,47,47
ABBV,Healthcare,BiLSTM,regression,12,13,0.3170826531276501,0.36063386151131166,189,47,47
ABBV,Healthcare,BiLSTM,regression,12,14,0.31502782336618534,0.38595305858774387,189,47,47
ABBV,Healthcare,BiLSTM,regression,12,15,0.3032918677680076,0.3951871915066496,189,47,47
ABBV,Healthcare,BiLSTM,regression,12,16,0.2991740371657427,0.39964999670678,189,47,47
ABBV,Healthcare,BiLSTM,regression,12,17,0.29516354983761195,0.3997893663162881,189,47,47
ABBV,Healthcare,BiLSTM,regression,12,18,0.3086011904888052,0.40452791148043693,189,47,47
ABBV,Healthcare,BiLSTM,regression,12,19,0.30160423048904966,0.3932441168643059,189,47,47
AMGN,Healthcare,BiLSTM,regression,12,1,0.458296182204266,0.7289494993735333,196,49,48
AMGN,Healthcare,BiLSTM,regression,12,2,0.4208574562656636,0.7238217105670851,196,49,48
AMGN,Healthcare,BiLSTM,regression,12,3,0.38792842748213785,0.7243160860879081,196,49,48
AMGN,Healthcare,BiLSTM,regression,12,4,0.3900158003884919,0.7242226442512201,196,49,48
AMGN,Healthcare,BiLSTM,regression,12,5,0.36211832567137114,0.7203463425441664,196,49,48
AMGN,Healthcare,BiLSTM,regression,12,6,0.35663770352091106,0.7126698712913357,196,49,48
AMGN,Healthcare,BiLSTM,regression,12,7,0.3755635619163513,0.7074880332362895,196,49,48
AMGN,Healthcare,BiLSTM,regression,12,8,0.36875000048656853,0.7089132946364733,196,49,48
AMGN,Healthcare,BiLSTM,regression,12,9,0.3850894071617905,0.7341075880186898,196,49,48
AMGN,Healthcare,BiLSTM,regression,12,10,0.3693263749687039,0.7911005555366983,196,49,48
AMGN,Healthcare,BiLSTM,regression,12,11,0.35920111378844904,0.8641919213898328,196,49,48
AMGN,Healthcare,BiLSTM,regression,12,12,0.3620198369026184,0.9021318518385595,196,49,48
AMGN,Healthcare,BiLSTM,regression,12,13,0.3629912940823302,0.8591610168924138,196,49,48
AMGN,Healthcare,BiLSTM,regression,12,14,0.35244695629392353,0.8728017515065719,196,49,48
AMGN,Healthcare,BiLSTM,regression,12,15,0.335405737769847,0.9186646792353416,196,49,48
AMGN,Healthcare,BiLSTM,regression,12,16,0.33543190177606075,0.9157268331975353,196,49,48
AMGN,Healthcare,BiLSTM,regression,12,17,0.3404137005611342,0.9370791680958807,196,49,48
AMGN,Healthcare,BiLSTM,regression,12,18,0.3311157725295242,0.9086286863502191,196,49,48
AMGN,Healthcare,BiLSTM,regression,12,19,0.3342020110208161,0.8651031292214686,196,49,48
AMGN,Healthcare,BiLSTM,regression,12,20,0.33191611085619244,0.8202334131513324,196,49,48
AMGN,Healthcare,BiLSTM,regression,12,21,0.32690511066086436,0.8212721286987772,196,49,48
AMGN,Healthcare,BiLSTM,regression,12,22,0.3335426753881026,0.8827436700159189,196,49,48
AMZN,Services,BiLSTM,regression,12,1,0.32950858216659695,0.32311502569600153,306,76,76
AMZN,Services,BiLSTM,regression,12,2,0.31422571419111267,0.3250454381892556,306,76,76
AMZN,Services,BiLSTM,regression,12,3,0.3084141888649635,0.32885332483994334,306,76,76
AMZN,Services,BiLSTM,regression,12,4,0.31527914759380365,0.33654169032448217,306,76,76
AMZN,Services,BiLSTM,regression,12,5,0.29814524938857634,0.3729430405717147,306,76,76
AMZN,Services,BiLSTM,regression,12,6,0.3084416190783183,0.428125190107446,306,76,76
AMZN,Services,BiLSTM,regression,12,7,0.3030266753988328,0.5431042313575745,306,76,76
AMZN,Services,BiLSTM,regression,12,8,0.2906831448374231,0.576156264857242,306,76,76
AMZN,Services,BiLSTM,regression,12,9,0.3018562108083488,0.70131222197884,306,76,76
AMZN,Services,BiLSTM,regression,12,10,0.29701190057143667,0.6371773481369019,306,76,76
AMZN,Services,BiLSTM,regression,12,11,0.29135894600082846,0.7107990854664853,306,76,76
AMZN,Services,BiLSTM,regression,12,12,0.2785528541779986,0.8350160874818501,306,76,76
AMZN,Services,BiLSTM,regression,12,13,0.2967332506101895,0.8237423834047819,306,76,76
AMZN,Services,BiLSTM,regression,12,14,0.28568756775139204,0.9024447516391152,306,76,76
AMZN,Services,BiLSTM,regression,12,15,0.28200627697838676,0.9997690100418893,306,76,76
AMZN,Services,BiLSTM,regression,12,16,0.2773195692137176,0.9995331826962923,306,76,76
BA,Industrial Goods,BiLSTM,regression,12,1,0.4325947753061051,0.37894983475024885,211,52,52
BA,Industrial Goods,BiLSTM,regression,12,2,0.38475646551751413,0.3763872751822838,211,52,52
BA,Industrial Goods,BiLSTM,regression,12,3,0.36607748481899643,0.3699271587225107,211,52,52
BA,Industrial Goods,BiLSTM,regression,12,4,0.3356887225008689,0.36127705757434553,211,52,52
BA,Industrial Goods,BiLSTM,regression,12,5,0.3410843992826498,0.3576059295580937,211,52,52
BA,Industrial Goods,BiLSTM,regression,12,6,0.31419851217789674,0.3506792692037729,211,52,52
BA,Industrial Goods,BiLSTM,regression,12,7,0.34886562555887124,0.34909220842214733,211,52,52
BA,Industrial Goods,BiLSTM,regression,12,8,0.303249337803131,0.345935745881154,211,52,52
BA,Industrial Goods,BiLSTM,regression,12,9,0.3274664556104425,0.3558880938933446,211,52,52
BA,Industrial Goods,BiLSTM,regression,12,10,0.32518724285030814,0.3690015765336844,211,52,52
BA,Industrial Goods,BiLSTM,regression,12,11,0.304663661249441,0.3960978021988502,211,52,52
BA,Industrial Goods,BiLSTM,regression,12,12,0.3269745994235667,0.40463616297795224,211,52,52
BA,Industrial Goods,BiLSTM,regression,12,13,0.2946700344294733,0.4142369215305035,211,52,52
BA,Industrial Goods,BiLSTM,regression,12,14,0.3177344114718279,0.43389050318644595,211,52,52
BA,Industrial Goods,BiLSTM,regression,12,15,0.301687209244588,0.43788636189240676,211,52,52
BA,Industrial Goods,BiLSTM,regression,12,16,0.31676240293618063,0.45015207620767445,211,52,52
BA,Industrial Goods,BiLSTM,regression,12,17,0.3012263135746192,0.46118730765122634,211,52,52
BA,Industrial Goods,BiLSTM,regression,12,18,0.2897384104570506,0.47433352928895217,211,52,52
BA,Industrial Goods,BiLSTM,regression,12,19,0.3047452782285157,0.4825901480821463,211,52,52
BA,Industrial Goods,BiLSTM,regression,12,20,0.29220463031841115,0.48575209654294527,211,52,52
BA,Industrial Goods,BiLSTM,regression,12,21,0.3018562545849814,0.4807215195435744,211,52,52
BA,Industrial Goods,BiLSTM,regression,12,22,0.2893606468823284,0.48881362493221575,211,52,52
BA,Industrial Goods,BiLSTM,regression,12,23,0.2788797804812119,0.5151886206406814,211,52,52
BABA,Services,BiLSTM,regression,12,1,0.3818430177345397,0.8476298802938217,157,39,49
BABA,Services,BiLSTM,regression,12,2,0.3916254092933266,0.8464311346029624,157,39,49
BABA,Services,BiLSTM,regression,12,3,0.35673513021438746,0.8464131752649943,157,39,49
BABA,Services,BiLSTM,regression,12,4,0.3421510442806657,0.84616313683681,157,39,49
BABA,Services,BiLSTM,regression,12,5,0.31496626005810535,0.8454834826481648,157,39,49
BABA,Services,BiLSTM,regression,12,6,0.3037108374629051,0.8447358058049128,157,39,49
BABA,Services,BiLSTM,regression,12,7,0.3130650879091518,0.8431388254349048,157,39,49
BABA,Services,BiLSTM,regression,12,8,0.3012873482931951,0.8422836279257749,157,39,49
BABA,Services,BiLSTM,regression,12,9,0.2940035346586993,0.8411602538365585,157,39,49
BABA,Services,BiLSTM,regression,12,10,0.298527312506536,0.853238847775337,157,39,49
BABA,Services,BiLSTM,regression,12,11,0.3007609390529098,0.8603654725429339,157,39,49
BABA,Services,BiLSTM,regression,12,12,0.3001062034801313,0.9037344776667081,157,39,49
BABA,Services,BiLSTM,regression,12,13,0.2682599347488136,0.9763394777591412,157,39,49
BABA,Services,BiLSTM,regression,12,14,0.2791754134521363,0.9698658814797034,157,39,49
BABA,Services,BiLSTM,regression,12,15,0.27520512870162916,0.9193968039292556,157,39,49
BABA,Services,BiLSTM,regression,12,16,0.2745997417884268,0.9468063085507123,157,39,49
BABA,Services,BiLSTM,regression,12,17,0.26745341101269815,0.990229009053646,157,39,49
BABA,Services,BiLSTM,regression,12,18,0.2665837792454252,0.9988655631358807,157,39,49
BABA,Services,BiLSTM,regression,12,19,0.2867763262645454,1.0624269170638843,157,39,49
BABA,Services,BiLSTM,regression,12,20,0.2568110210500705,1.1579743532034068,157,39,49
BABA,Services,BiLSTM,regression,12,21,0.2636959869770487,1.2637823697848198,157,39,49
BABA,Services,BiLSTM,regression,12,22,0.2632752702494336,1.1542322926032238,157,39,49
BABA,Services,BiLSTM,regression,12,23,0.26451565657451653,1.0040607437109337,157,39,49
BABA,Services,BiLSTM,regression,12,24,0.2582204465273839,0.9169892118527339,157,39,49
BAC,Financial,BiLSTM,regression,12,1,0.41045608612853035,0.5237897735246471,284,71,70
BAC,Financial,BiLSTM,regression,12,2,0.375689008076426,0.5214564179030943,284,71,70
BAC,Financial,BiLSTM,regression,12,3,0.36719507566640075,0.5189550728865073,284,71,70
BAC,Financial,BiLSTM,regression,12,4,0.3673614582545321,0.5151228417812939,284,71,70
BAC,Financial,BiLSTM,regression,12,5,0.36735959183162364,0.5193880913962781,284,71,70
BAC,Financial,BiLSTM,regression,12,6,0.3674371895236029,0.5368997530198433,284,71,70
BAC,Financial,BiLSTM,regression,12,7,0.35495772475088144,0.7761294959296643,284,71,70
BAC,Financial,BiLSTM,regression,12,8,0.3674473441402677,0.8154372732404253,284,71,70
BAC,Financial,BiLSTM,regression,12,9,0.34454073998290047,1.331001209541106,284,71,70
BAC,Financial,BiLSTM,regression,12,10,0.3575981287679202,1.2883503437042236,284,71,70
BAC,Financial,BiLSTM,regression,12,11,0.3482255129746988,1.0263708897039925,284,71,70
BAC,Financial,BiLSTM,regression,12,12,0.3347854303642058,1.347973366858254,284,71,70
BAC,Financial,BiLSTM,regression,12,13,0.33281668537939096,1.4356329827241494,284,71,70
BAC,Financial,BiLSTM,regression,12,14,0.32125437584981115,1.281296496659937,284,71,70
BAC,Financial,BiLSTM,regression,12,15,0.3307275507651584,1.3051715585547434,284,71,70
BAC,Financial,BiLSTM,regression,12,16,0.3084858903582667,1.400705011797623,284,71,70
BAC,Financial,BiLSTM,regression,12,17,0.30442645295824805,1.4314381723672571,284,71,70
BAC,Financial,BiLSTM,regression,12,18,0.3124197925060568,1.4462884345524747,284,71,70
BAC,Financial,BiLSTM,regression,12,19,0.3166255787224837,1.5183768238819821,284,71,70
BHP,Basic Matierials,BiLSTM,regression,12,1,0.4121980548978926,0.5170863270759583,111,27,45
BHP,Basic Matierials,BiLSTM,regression,12,2,0.39465914868019725,0.5248761177062988,111,27,45
BHP,Basic Matierials,BiLSTM,regression,12,3,0.36841133585921276,0.5381413102149963,111,27,45
BHP,Basic Matierials,BiLSTM,regression,12,4,0.33121136609498447,0.5519206523895264,111,27,45
BHP,Basic Matierials,BiLSTM,regression,12,5,0.3278514571018047,0.564190149307251,111,27,45
BHP,Basic Matierials,BiLSTM,regression,12,6,0.34552576305629973,0.5756867527961731,111,27,45
BHP,Basic Matierials,BiLSTM,regression,12,7,0.32081033812986837,0.5967664122581482,111,27,45
BHP,Basic Matierials,BiLSTM,regression,12,8,0.3230220688892914,0.6249716877937317,111,27,45
BHP,Basic Matierials,BiLSTM,regression,12,9,0.3236341261648917,0.6574977040290833,111,27,45
BHP,Basic Matierials,BiLSTM,regression,12,10,0.294040717251666,0.7021186351776123,111,27,45
BHP,Basic Matierials,BiLSTM,regression,12,11,0.31308660394436605,0.7473738193511963,111,27,45
BHP,Basic Matierials,BiLSTM,regression,12,12,0.2785004012219541,0.8075401186943054,111,27,45
BHP,Basic Matierials,BiLSTM,regression,12,13,0.29847779816335385,0.882354199886322,111,27,45
BHP,Basic Matierials,BiLSTM,regression,12,14,0.2639623719292718,0.9685649275779724,111,27,45
BHP,Basic Matierials,BiLSTM,regression,12,15,0.2992763672326062,1.0632249116897583,111,27,45
BHP,Basic Matierials,BiLSTM,regression,12,16,0.29643210688152827,1.1138911247253418,111,27,45
BP,Basic Matierials,BiLSTM,regression,12,1,0.41605120055815753,0.6463531795002165,170,42,42
BP,Basic Matierials,BiLSTM,regression,12,2,0.37634659619892347,0.6451241345632643,170,42,42
BP,Basic Matierials,BiLSTM,regression,12,3,0.37583744175293865,0.6443801607404437,170,42,42
BP,Basic Matierials,BiLSTM,regression,12,4,0.3391841437886743,0.6448101287796384,170,42,42
BP,Basic Matierials,BiLSTM,regression,12,5,0.3329391186728197,0.6472461081686474,170,42,42
BP,Basic Matierials,BiLSTM,regression,12,6,0.32015824458178355,0.6483583421934218,170,42,42
BP,Basic Matierials,BiLSTM,regression,12,7,0.31924439107670505,0.6513553318523225,170,42,42
BP,Basic Matierials,BiLSTM,regression,12,8,0.32870213073842663,0.6619566224870228,170,42,42
BP,Basic Matierials,BiLSTM,regression,12,9,0.30896966615143945,0.6804942119689215,170,42,42
BP,Basic Matierials,BiLSTM,regression,12,10,0.3084174550631467,0.7096857797531855,170,42,42
BP,Basic Matierials,BiLSTM,regression,12,11,0.31529491613892946,0.7414673850649879,170,42,42
BP,Basic Matierials,BiLSTM,regression,12,12,0.29688906283939587,0.7844238735380626,170,42,42
BP,Basic Matierials,BiLSTM,regression,12,13,0.29521439601393307,0.815758656887781,170,42,42
BP,Basic Matierials,BiLSTM,regression,12,14,0.27439652120365815,0.8234367597670782,170,42,42
BP,Basic Matierials,BiLSTM,regression,12,15,0.27903935733963464,0.8325610870406741,170,42,42
BP,Basic Matierials,BiLSTM,regression,12,16,0.26406102531096515,0.8538322051366171,170,42,42
BP,Basic Matierials,BiLSTM,regression,12,17,0.30371799907263586,0.8408703548567635,170,42,42
BP,Basic Matierials,BiLSTM,regression,12,18,0.26900695106562444,0.813347027415321,170,42,42
C,Financial,BiLSTM,regression,12,1,0.4448823684807023,0.5448303516481964,287,71,71
C,Financial,BiLSTM,regression,12,2,0.38844691767302125,0.5438513697033197,287,71,71
C,Financial,BiLSTM,regression,12,3,0.37854376996020406,0.5510206046238751,287,71,71
C,Financial,BiLSTM,regression,12,4,0.36443515350386657,0.5640305255500364,287,71,71
C,Financial,BiLSTM,regression,12,5,0.3813794960335987,0.5833517682384437,287,71,71
C,Financial,BiLSTM,regression,12,6,0.3447373317820685,0.6806626387045417,287,71,71
C,Financial,BiLSTM,regression,12,7,0.3485364448733446,0.7470129325356282,287,71,71
C,Financial,BiLSTM,regression,12,8,0.3432991382656197,0.7319428316304382,287,71,71
C,Financial,BiLSTM,regression,12,9,0.33744708856223765,0.7836414273356048,287,71,71
C,Financial,BiLSTM,regression,12,10,0.33585662200060457,0.7521532270270335,287,71,71
C,Financial,BiLSTM,regression,12,11,0.3269789379336693,0.8051052546836961,287,71,71
C,Financial,BiLSTM,regression,12,12,0.32953453790850756,1.0205499219222807,287,71,71
C,Financial,BiLSTM,regression,12,13,0.31620907139695065,0.9046065689812244,287,71,71
C,Financial,BiLSTM,regression,12,14,0.31699193058736647,0.9851005866493977,287,71,71
C,Financial,BiLSTM,regression,12,15,0.3166116937631514,1.1746361104535386,287,71,71
C,Financial,BiLSTM,regression,12,16,0.3138367823918937,1.149958848953247,287,71,71
C,Financial,BiLSTM,regression,12,17,0.3107180511286865,1.2898845924458033,287,71,71
CAT,Industrial Goods,BiLSTM,regression,12,1,0.39440932067540974,0.6235500726045347,208,51,51
CAT,Industrial Goods,BiLSTM,regression,12,2,0.3542582209293659,0.6330349468717388,208,51,51
CAT,Industrial Goods,BiLSTM,regression,12,3,0.35354741834677184,0.6416046958343655,208,51,51
CAT,Industrial Goods,BiLSTM,regression,12,4,0.3194243288957156,0.6547296503010918,208,51,51
CAT,Industrial Goods,BiLSTM,regression,12,5,0.334699619274873,0.6832268705555037,208,51,51
CAT,Industrial Goods,BiLSTM,regression,12,6,0.3367284352962787,0.7237464142780677,208,51,51
CAT,Industrial Goods,BiLSTM,regression,12,7,0.312679376739722,0.7858171860376993,208,51,51
CAT,Industrial Goods,BiLSTM,regression,12,8,0.3062643064902379,0.85472805593528,208,51,51
CAT,Industrial Goods,BiLSTM,regression,12,9,0.3135062903165817,0.9379434258330102,208,51,51
CAT,Industrial Goods,BiLSTM,regression,12,10,0.30221144281900847,1.0082465340109432,208,51,51
CAT,Industrial Goods,BiLSTM,regression,12,11,0.2921915375269376,1.0644899466458488,208,51,51
CAT,Industrial Goods,BiLSTM,regression,12,12,0.29967325925827026,1.1181751139023726,208,51,51
CAT,Industrial Goods,BiLSTM,regression,12,13,0.2852331938651892,1.1458078809812957,208,51,51
CAT,Industrial Goods,BiLSTM,regression,12,14,0.2970223060021034,1.20289726117078,208,51,51
CAT,Industrial Goods,BiLSTM,regression,12,15,0.29523664025159985,1.2366402055702956,208,51,51
CAT,Industrial Goods,BiLSTM,regression,12,16,0.2663268446922302,1.2959834734598796,208,51,51
CELG,Healthcare,BiLSTM,regression,12,1,0.43237951846801087,0.47256043502839945,239,59,59
CELG,Healthcare,BiLSTM,regression,12,2,0.40554284251384654,0.47279902231895315,239,59,59
CELG,Healthcare,BiLSTM,regression,12,3,0.40872019301772616,0.47250127085184646,239,59,59
CELG,Healthcare,BiLSTM,regression,12,4,0.37952162132103573,0.4723065950102725,239,59,59
CELG,Healthcare,BiLSTM,regression,12,5,0.38546446776290316,0.47510721824936947,239,59,59
CELG,Healthcare,BiLSTM,regression,12,6,0.38422623535454525,0.4897120463646064,239,59,59
CELG,Healthcare,BiLSTM,regression,12,7,0.37852618924369374,0.515570492057477,239,59,59
CELG,Healthcare,BiLSTM,regression,12,8,0.36700339736923515,0.5598679366758315,239,59,59
CELG,Healthcare,BiLSTM,regression,12,9,0.34526269963969747,0.6415538464562368,239,59,59
CELG,Healthcare,BiLSTM,regression,12,10,0.3649297229103962,0.7078973378165293,239,59,59
CELG,Healthcare,BiLSTM,regression,12,11,0.3403381423471363,0.6643476354873786,239,59,59
CELG,Healthcare,BiLSTM,regression,12,12,0.33024939143383353,0.7846122970015316,239,59,59
CELG,Healthcare,BiLSTM,regression,12,13,0.3334679467969858,0.7543943342515977,239,59,59
CELG,Healthcare,BiLSTM,regression,12,14,0.3321641479700679,0.7090594950368849,239,59,59
CELG,Healthcare,BiLSTM,regression,12,15,0.34126325971037774,0.7100007079415402,239,59,59
CELG,Healthcare,BiLSTM,regression,12,16,0.34330086216766964,0.7415096577951463,239,59,59
CELG,Healthcare,BiLSTM,regression,12,17,0.3443231025250886,0.7308813384023763,239,59,59
CELG,Healthcare,BiLSTM,regression,12,18,0.33354097835439017,0.7541521686618611,239,59,59
CELG,Healthcare,BiLSTM,regression,12,19,0.32785429300498764,0.7564468787888349,239,59,59
CMCSA,Services,BiLSTM,regression,12,1,0.4122490125187373,0.38285488973964343,177,44,44
CMCSA,Services,BiLSTM,regression,12,2,0.35822854473092464,0.38508307933807373,177,44,44
CMCSA,Services,BiLSTM,regression,12,3,0.3818271557490031,0.3875305164944042,177,44,44
CMCSA,Services,BiLSTM,regression,12,4,0.3585990443404785,0.39162448861382226,177,44,44
CMCSA,Services,BiLSTM,regression,12,5,0.352634103453092,0.41145527362823486,177,44,44
CMCSA,Services,BiLSTM,regression,12,6,0.3580597512802835,0.43200135772878473,177,44,44
CMCSA,Services,BiLSTM,regression,12,7,0.34321157314346334,0.46192903410304675,177,44,44
CMCSA,Services,BiLSTM,regression,12,8,0.32622883717219037,0.5282632925293662,177,44,44
CMCSA,Services,BiLSTM,regression,12,9,0.32969284007104777,0.6086728518659418,177,44,44
CMCSA,Services,BiLSTM,regression,12,10,0.34696960146144284,0.6950960484418002,177,44,44
CMCSA,Services,BiLSTM,regression,12,11,0.33683320711561515,0.7793829224326394,177,44,44
CMCSA,Services,BiLSTM,regression,12,12,0.31269476204942176,0.8734840804880316,177,44,44
CMCSA,Services,BiLSTM,regression,12,13,0.3364349436120125,0.9017703858288851,177,44,44
CMCSA,Services,BiLSTM,regression,12,14,0.3189855393885219,0.8661473014137961,177,44,44
CMCSA,Services,BiLSTM,regression,12,15,0.3206464587631872,0.8777274110100486,177,44,44
CMCSA,Services,BiLSTM,regression,12,16,0.31895762547261297,0.9209150726144965,177,44,44
CSCO,Technology,BiLSTM,regression,12,1,0.384830157602987,0.5626987161174897,248,62,62
CSCO,Technology,BiLSTM,regression,12,2,0.34387954781132357,0.562328459755067,248,62,62
CSCO,Technology,BiLSTM,regression,12,3,0.3370001123797509,0.5630298660647485,248,62,62
CSCO,Technology,BiLSTM,regression,12,4,0.32272500376547536,0.5635867349563106,248,62,62
CSCO,Technology,BiLSTM,regression,12,5,0.3250696288962518,0.5587396179476092,248,62,62
CSCO,Technology,BiLSTM,regression,12,6,0.3094866117162089,0.5643440350409477,248,62,62
CSCO,Technology,BiLSTM,regression,12,7,0.3115427489242246,0.5694925900428526,248,62,62
CSCO,Technology,BiLSTM,regression,12,8,0.3091927593754184,0.5968456729765861,248,62,62
CSCO,Technology,BiLSTM,regression,12,9,0.29054507757386855,0.6587625953458971,248,62,62
CSCO,Technology,BiLSTM,regression,12,10,0.29603095737195784,0.7082823803347926,248,62,62
CSCO,Technology,BiLSTM,regression,12,11,0.2981162436546818,0.7079544471156213,248,62,62
CSCO,Technology,BiLSTM,regression,12,12,0.27083946956742194,0.7174152385803961,248,62,62
CSCO,Technology,BiLSTM,regression,12,13,0.297147364866349,0.6903581100125467,248,62,62
CSCO,Technology,BiLSTM,regression,12,14,0.26631044139785154,0.6601773423533286,248,62,62
CSCO,Technology,BiLSTM,regression,12,15,0.28079889474376557,0.6614813573898808,248,62,62
CSCO,Technology,BiLSTM,regression,12,16,0.276693049938448,0.706346707959329,248,62,62
CSCO,Technology,BiLSTM,regression,12,17,0.2743447504697307,0.7058373708878795,248,62,62
CSCO,Technology,BiLSTM,regression,12,18,0.2599372325404998,0.7078996781379946,248,62,62
CSCO,Technology,BiLSTM,regression,12,19,0.2575615351238558,0.6764599680900574,248,62,62
CSCO,Technology,BiLSTM,regression,12,20,0.2671937322424304,0.6243301437747094,248,62,62
CVX,Basic Matierials,BiLSTM,regression,12,1,0.43377033096772655,0.979326362963076,216,54,53
CVX,Basic Matierials,BiLSTM,regression,12,2,0.39499506464710943,0.979987793498569,216,54,53
CVX,Basic Matierials,BiLSTM,regression,12,3,0.3627757071344941,0.983400406660857,216,54,53
CVX,Basic Matierials,BiLSTM,regression,12,4,0.3542214736894325,0.9884382662949739,216,54,53
CVX,Basic Matierials,BiLSTM,regression,12,5,0.34208802437340774,1.0073560299696747,216,54,53
CVX,Basic Matierials,BiLSTM,regression,12,6,0.3214654668613716,1.0422681790811044,216,54,53
CVX,Basic Matierials,BiLSTM,regression,12,7,0.33182671666145325,1.1420412240204987,216,54,53
CVX,Basic Matierials,BiLSTM,regression,12,8,0.3106134357275786,1.2629325345710471,216,54,53
CVX,Basic Matierials,BiLSTM,regression,12,9,0.34063727794973936,1.3675455384784274,216,54,53
CVX,Basic Matierials,BiLSTM,regression,12,10,0.3160038932606026,1.616058932410346,216,54,53
CVX,Basic Matierials,BiLSTM,regression,12,11,0.3320233537643044,1.7921217415067885,216,54,53
CVX,Basic Matierials,BiLSTM,regression,12,12,0.3134662795949865,1.8034102342746876,216,54,53
CVX,Basic Matierials,BiLSTM,regression,12,13,0.31093125679978617,1.9559048988201,216,54,53
CVX,Basic Matierials,BiLSTM,regression,12,14,0.3134267959329817,2.2236583586092347,216,54,53
CVX,Basic Matierials,BiLSTM,regression,12,15,0.3117781642962385,2.5079725318484836,216,54,53
CVX,Basic Matierials,BiLSTM,regression,12,16,0.28735280644010613,2.679953442679511,216,54,53
D,Utilities,BiLSTM,regression,12,1,0.41545730139079845,0.4278776775783216,285,71,71
D,Utilities,BiLSTM,regression,12,2,0.3860259981531846,0.42684061384536853,285,71,71
D,Utilities,BiLSTM,regression,12,3,0.37356345433937876,0.4223876179943622,285,71,71
D,Utilities,BiLSTM,regression,12,4,0.38235139564463966,0.4203752254096555,285,71,71
D,Utilities,BiLSTM,regression,12,5,0.3528713926934359,0.4234894505688842,285,71,71
D,Utilities,BiLSTM,regression,12,6,0.3532574866424527,0.43179527134962487,285,71,71
D,Utilities,BiLSTM,regression,12,7,0.3404864261547724,0.4516684958632563,285,71,71
D,Utilities,BiLSTM,regression,12,8,0.35410752165735815,0.4910275868966546,285,71,71
D,Utilities,BiLSTM,regression,12,9,0.33884089359065944,0.49775123512241204,285,71,71
D,Utilities,BiLSTM,regression,12,10,0.33184122213146144,0.49959883219759227,285,71,71
D,Utilities,BiLSTM,regression,12,11,0.3256862417647713,0.4976792856001518,285,71,71
D,Utilities,BiLSTM,regression,12,12,0.32262845698155856,0.6503211427742327,285,71,71
D,Utilities,BiLSTM,regression,12,13,0.33394866852383864,0.5856505859066063,285,71,71
D,Utilities,BiLSTM,regression,12,14,0.31213894204089515,0.569113014449536,285,71,71
D,Utilities,BiLSTM,regression,12,15,0.325246359224905,0.6002301540173275,285,71,71
D,Utilities,BiLSTM,regression,12,16,0.3052940332053,0.5724476760541889,285,71,71
D,Utilities,BiLSTM,regression,12,17,0.30404301060919176,0.5553423888246778,285,71,71
D,Utilities,BiLSTM,regression,12,18,0.316877205068605,0.5954399024936515,285,71,71
D,Utilities,BiLSTM,regression,12,19,0.30368843402778894,0.5971532128226589,285,71,71
DIS,Services,BiLSTM,regression,12,1,0.3880113478078217,0.7705399950996774,244,61,60
DIS,Services,BiLSTM,regression,12,2,0.38090681809870924,0.7704635330888091,244,61,60
DIS,Services,BiLSTM,regression,12,3,0.3534392058605053,0.7704734059630848,244,61,60
DIS,Services,BiLSTM,regression,12,4,0.3610410365413447,0.7755007098932736,244,61,60
DIS,Services,BiLSTM,regression,12,5,0.3513403021898426,0.7981322046186103,244,61,60
DIS,Services,BiLSTM,regression,12,6,0.3565581770705395,0.8511417166131442,244,61,60
DIS,Services,BiLSTM,regression,12,7,0.34569269150006965,0.9251675586231419,244,61,60
DIS,Services,BiLSTM,regression,12,8,0.3517281948054423,1.1024548675193162,244,61,60
DIS,Services,BiLSTM,regression,12,9,0.3395369286175634,1.2377767816918794,244,61,60
DIS,Services,BiLSTM,regression,12,10,0.3428928626121068,1.3952035825760638,244,61,60
DIS,Services,BiLSTM,regression,12,11,0.3433843865746357,1.5677751126836559,244,61,60
DIS,Services,BiLSTM,regression,12,12,0.3373749627441656,1.608777114602386,244,61,60
DIS,Services,BiLSTM,regression,12,13,0.32720143848755323,1.6786550967419733,244,61,60
DIS,Services,BiLSTM,regression,12,14,0.33015052534517697,1.7677248696811865,244,61,60
DIS,Services,BiLSTM,regression,12,15,0.3220915776051459,1.7644912375778448,244,61,60
DIS,Services,BiLSTM,regression,12,16,0.3368663458062,1.7776586051847114,244,61,60
DIS,Services,BiLSTM,regression,12,17,0.32102720891354514,1.6907618592997067,244,61,60
FB,Technology,BiLSTM,regression,12,1,0.3928360930345591,0.36520463537860226,309,77,77
FB,Technology,BiLSTM,regression,12,2,0.370095059034508,0.36483968852402326,309,77,77
FB,Technology,BiLSTM,regression,12,3,0.3613967501036943,0.3666523246022014,309,77,77
FB,Technology,BiLSTM,regression,12,4,0.3524865223076737,0.3776778725834636,309,77,77
FB,Technology,BiLSTM,regression,12,5,0.3516244362183759,0.38278538530523126,309,77,77
FB,Technology,BiLSTM,regression,12,6,0.3450776584036528,0.3998281042297165,309,77,77
FB,Technology,BiLSTM,regression,12,7,0.3453611649066499,0.42363859925951275,309,77,77
FB,Technology,BiLSTM,regression,12,8,0.32964078358654836,0.5210609350885663,309,77,77
FB,Technology,BiLSTM,regression,12,9,0.3346458696142369,0.582399928724611,309,77,77
FB,Technology,BiLSTM,regression,12,10,0.32658867566909605,0.6636102756896576,309,77,77
FB,Technology,BiLSTM,regression,12,11,0.3138048532132578,0.6806664683602073,309,77,77
FB,Technology,BiLSTM,regression,12,12,0.31900021178244004,0.7564923623939613,309,77,77
FB,Technology,BiLSTM,regression,12,13,0.3048397144453425,0.8297729879230648,309,77,77
FB,Technology,BiLSTM,regression,12,14,0.3123412028099727,0.8499126000837847,309,77,77
FB,Technology,BiLSTM,regression,12,15,0.31403475493482014,0.899879968011534,309,77,77
FB,Technology,BiLSTM,regression,12,16,0.3075944710896625,0.998326783056383,309,77,77
FB,Technology,BiLSTM,regression,12,17,0.30865082892206497,0.9853913598246389,309,77,77
GE,Industrial Goods,BiLSTM,regression,12,1,0.35609791950503394,0.5984348129870286,268,67,66
GE,Industrial Goods,BiLSTM,regression,12,2,0.3321236712274267,0.5941521391939761,268,67,66
GE,Industrial Goods,BiLSTM,regression,12,3,0.32007537915635464,0.5923005128974346,268,67,66
GE,Industrial Goods,BiLSTM,regression,12,4,0.33428691416534023,0.5919581669480053,268,67,66
GE,Industrial Goods,BiLSTM,regression,12,5,0.320150943167174,0.5870661824496824,268,67,66
GE,Industrial Goods,BiLSTM,regression,12,6,0.3142673130800475,0.5739244293810716,268,67,66
GE,Industrial Goods,BiLSTM,regression,12,7,0.30675077638519344,0.5606273786345525,268,67,66
GE,Industrial Goods,BiLSTM,regression,12,8,0.30101982159401053,0.5625639317640617,268,67,66
GE,Industrial Goods,BiLSTM,regression,12,9,0.2846109740324874,0.5866131835909032,268,67,66
GE,Industrial Goods,BiLSTM,regression,12,10,0.3054881104782446,0.5915231864843795,268,67,66
GE,Industrial Goods,BiLSTM,regression,12,11,0.2994001739060701,0.5842256510435645,268,67,66
GE,Industrial Goods,BiLSTM,regression,12,12,0.29482805662190736,0.5911051817794344,268,67,66
GE,Industrial Goods,BiLSTM,regression,12,13,0.2863726882792231,0.5679375449223305,268,67,66
GE,Industrial Goods,BiLSTM,regression,12,14,0.2886822301505217,0.5747086236725992,268,67,66
GE,Industrial Goods,BiLSTM,regression,12,15,0.30329244172395164,0.5567155613828061,268,67,66
GE,Industrial Goods,BiLSTM,regression,12,16,0.2813463064272012,0.5584199695444819,268,67,66
GE,Industrial Goods,BiLSTM,regression,12,17,0.28717235776025857,0.5551560868078204,268,67,66
GE,Industrial Goods,BiLSTM,regression,12,18,0.2830390078363134,0.5607863557872488,268,67,66
GE,Industrial Goods,BiLSTM,regression,12,19,0.27432691061229847,0.5714375812615922,268,67,66
GE,Industrial Goods,BiLSTM,regression,12,20,0.2797487082321252,0.5647861405984679,268,67,66
GE,Industrial Goods,BiLSTM,regression,12,21,0.278319994793899,0.5576833308632694,268,67,66
GE,Industrial Goods,BiLSTM,regression,12,22,0.2737518650159907,0.564211968165725,268,67,66
GE,Industrial Goods,BiLSTM,regression,12,23,0.2617998416744061,0.5796627749258013,268,67,66
GE,Industrial Goods,BiLSTM,regression,12,24,0.26988231702082194,0.5647577243064766,268,67,66
GE,Industrial Goods,BiLSTM,regression,12,25,0.2744614693767099,0.5736473033677286,268,67,66
GE,Industrial Goods,BiLSTM,regression,12,26,0.2853800889605017,0.558636521225545,268,67,66
GE,Industrial Goods,BiLSTM,regression,12,27,0.25564402708811546,0.5718879824254051,268,67,66
GE,Industrial Goods,BiLSTM,regression,12,28,0.25737842556033563,0.5940015547311128,268,67,66
GE,Industrial Goods,BiLSTM,regression,12,29,0.26087617929746854,0.5757258667874692,268,67,66
GE,Industrial Goods,BiLSTM,regression,12,30,0.250522656116023,0.5657063882742355,268,67,66
GE,Industrial Goods,BiLSTM,regression,12,31,0.24952988871442738,0.5668555569292894,268,67,66
GE,Industrial Goods,BiLSTM,regression,12,32,0.24685224668303532,0.5711706503113704,268,67,66
GOOG,Technology,BiLSTM,regression,12,1,0.41938279588501176,0.6695423000737241,308,76,76
GOOG,Technology,BiLSTM,regression,12,2,0.39640826838357107,0.6681227746762728,308,76,76
GOOG,Technology,BiLSTM,regression,12,3,0.3852350649895606,0.6653915455466822,308,76,76
GOOG,Technology,BiLSTM,regression,12,4,0.3765676145429735,0.6642825038809526,308,76,76
GOOG,Technology,BiLSTM,regression,12,5,0.3752328134202338,0.6538583542171278,308,76,76
GOOG,Technology,BiLSTM,regression,12,6,0.3648182339482493,0.6513472293552599,308,76,76
GOOG,Technology,BiLSTM,regression,12,7,0.3415438850204666,0.6668752620094701,308,76,76
GOOG,Technology,BiLSTM,regression,12,8,0.36098160139926067,0.6568915781221891,308,76,76
GOOG,Technology,BiLSTM,regression,12,9,0.35555093087159195,0.683996507996007,308,76,76
GOOG,Technology,BiLSTM,regression,12,10,0.34562966034009857,0.6774312885184037,308,76,76
GOOG,Technology,BiLSTM,regression,12,11,0.3423696055814817,0.6563634872436523,308,76,76
GOOG,Technology,BiLSTM,regression,12,12,0.33804067582279057,0.6719486901634618,308,76,76
GOOG,Technology,BiLSTM,regression,12,13,0.32764575195002865,0.6624079503511128,308,76,76
GOOG,Technology,BiLSTM,regression,12,14,0.3272785908216006,0.6682038871865523,308,76,76
GOOG,Technology,BiLSTM,regression,12,15,0.3156233623430326,0.6910839080810547,308,76,76
GOOG,Technology,BiLSTM,regression,12,16,0.3112412261498439,0.6756531878521568,308,76,76
GOOG,Technology,BiLSTM,regression,12,17,0.32340851155194367,0.6920383478465834,308,76,76
GOOG,Technology,BiLSTM,regression,12,18,0.30997584469906697,0.6891500761634425,308,76,76
GOOG,Technology,BiLSTM,regression,12,19,0.29363198713822797,0.6968407819145604,308,76,76
GOOG,Technology,BiLSTM,regression,12,20,0.2865240132653868,0.6994879935917101,308,76,76
GOOG,Technology,BiLSTM,regression,12,21,0.3056521729215399,0.7633106394817954,308,76,76
HD,Services,BiLSTM,regression,12,1,0.39958720045343876,0.5240888911850599,197,49,49
HD,Services,BiLSTM,regression,12,2,0.3847166398908886,0.5237421223095485,197,49,49
HD,Services,BiLSTM,regression,12,3,0.3621313899074714,0.5177499128847706,197,49,49
HD,Services,BiLSTM,regression,12,4,0.3503136973695707,0.5084793798777522,197,49,49
HD,Services,BiLSTM,regression,12,5,0.34519618097219973,0.499285343958407,197,49,49
HD,Services,BiLSTM,regression,12,6,0.3370594487993548,0.48858480064236387,197,49,49
HD,Services,BiLSTM,regression,12,7,0.31415402321948616,0.47140990957921863,197,49,49
HD,Services,BiLSTM,regression,12,8,0.3153693917855091,0.4621296196567769,197,49,49
HD,Services,BiLSTM,regression,12,9,0.3305936237125832,0.47198603226214036,197,49,49
HD,Services,BiLSTM,regression,12,10,0.3205621263702509,0.49648654825833377,197,49,49
HD,Services,BiLSTM,regression,12,11,0.30199739862668334,0.5139878331398477,197,49,49
HD,Services,BiLSTM,regression,12,12,0.3181399966443553,0.5432496703400904,197,49,49
HD,Services,BiLSTM,regression,12,13,0.2939243756688488,0.5383425063016464,197,49,49
HD,Services,BiLSTM,regression,12,14,0.3238051959176354,0.5609435025526552,197,49,49
HD,Services,BiLSTM,regression,12,15,0.30582739730474306,0.5547040530613491,197,49,49
HD,Services,BiLSTM,regression,12,16,0.2887279053743418,0.5398704762361488,197,49,49
HD,Services,BiLSTM,regression,12,17,0.2998514976257903,0.5480346594538007,197,49,49
HD,Services,BiLSTM,regression,12,18,0.2848707327080257,0.5736161689369046,197,49,49
HD,Services,BiLSTM,regression,12,19,0.2816826962880072,0.6109404344947971,197,49,49
HD,Services,BiLSTM,regression,12,20,0.2930418372456797,0.6720168724351999,197,49,49
HD,Services,BiLSTM,regression,12,21,0.28869346987815375,0.6939795224034057,197,49,49
HD,Services,BiLSTM,regression,12,22,0.2848792189193256,0.6724973941335872,197,49,49
HD,Services,BiLSTM,regression,12,23,0.29019513075726894,0.6007512503740738,197,49,49
INTC,Technology,BiLSTM,regression,12,1,0.3684429234928555,0.4724214931032551,270,67,67
INTC,Technology,BiLSTM,regression,12,2,0.38861087030834623,0.4738733804047997,270,67,67
INTC,Technology,BiLSTM,regression,12,3,0.3581535456357179,0.47638060441657676,270,67,67
INTC,Technology,BiLSTM,regression,12,4,0.33744625449180604,0.47848924149328204,270,67,67
INTC,Technology,BiLSTM,regression,12,5,0.3357918253651372,0.4817744840436907,270,67,67
INTC,Technology,BiLSTM,regression,12,6,0.3247034048592603,0.49481920341947183,270,67,67
INTC,Technology,BiLSTM,regression,12,7,0.3302116338853483,0.5169358947383824,270,67,67
INTC,Technology,BiLSTM,regression,12,8,0.33888008219224436,0.5155266292059599,270,67,67
INTC,Technology,BiLSTM,regression,12,9,0.3341625831745289,0.526863902362425,270,67,67
INTC,Technology,BiLSTM,regression,12,10,0.32518389798976755,0.5351908420448872,270,67,67
INTC,Technology,BiLSTM,regression,12,11,0.32343431887803253,0.5415557035759314,270,67,67
INTC,Technology,BiLSTM,regression,12,12,0.32275407314300536,0.5296260492125554,270,67,67
INTC,Technology,BiLSTM,regression,12,13,0.320737154395492,0.5315069511755189,270,67,67
INTC,Technology,BiLSTM,regression,12,14,0.31274488965670266,0.5468871895946673,270,67,67
INTC,Technology,BiLSTM,regression,12,15,0.2998985367792624,0.5442366048471251,270,67,67
INTC,Technology,BiLSTM,regression,12,16,0.3046357927498994,0.5338894199969163,270,67,67
JNJ,Healthcare,BiLSTM,regression,12,1,0.4100752754622147,0.49578560004800054,238,59,59
JNJ,Healthcare,BiLSTM,regression,12,2,0.40075631452207805,0.49562297130035143,238,59,59
JNJ,Healthcare,BiLSTM,regression,12,3,0.3836401551961899,0.49533038725287226,238,59,59
JNJ,Healthcare,BiLSTM,regression,12,4,0.37000024393826975,0.49553179841930584,238,59,59
JNJ,Healthcare,BiLSTM,regression,12,5,0.35786182164144115,0.49952689368846054,238,59,59
JNJ,Healthcare,BiLSTM,regression,12,6,0.3568741263461714,0.5242146546557799,238,59,59
JNJ,Healthcare,BiLSTM,regression,12,7,0.33722413713190735,0.566686544377925,238,59,59
JNJ,Healthcare,BiLSTM,regression,12,8,0.3516413102380368,0.6013940613148576,238,59,59
JNJ,Healthcare,BiLSTM,regression,12,9,0.33978944328151833,0.7141489073381586,238,59,59
JNJ,Healthcare,BiLSTM,regression,12,10,0.33405874343980263,0.8457733433125383,238,59,59
JNJ,Healthcare,BiLSTM,regression,12,11,0.3267331229788916,0.8389983338824774,238,59,59
JNJ,Healthcare,BiLSTM,regression,12,12,0.3364510484853712,0.8903879876864158,238,59,59
JNJ,Healthcare,BiLSTM,regression,12,13,0.3094078373758733,0.9390451827291715,238,59,59
JNJ,Healthcare,BiLSTM,regression,12,14,0.3138015540081914,0.910973991377879,238,59,59
JNJ,Healthcare,BiLSTM,regression,12,15,0.312139176270541,0.9190344648846125,238,59,59
JNJ,Healthcare,BiLSTM,regression,12,16,0.3148029377730955,0.8571834220724591,238,59,59
JNJ,Healthcare,BiLSTM,regression,12,17,0.3220320525540023,0.8481653403427641,238,59,59
JNJ,Healthcare,BiLSTM,regression,12,18,0.29686344490081323,0.9006777031946991,238,59,59
JPM,Financial,BiLSTM,regression,12,1,0.40676748148792297,0.4962060273583256,269,67,67
JPM,Financial,BiLSTM,regression,12,2,0.36807526293518816,0.494243386966079,269,67,67
JPM,Financial,BiLSTM,regression,12,3,0.3622562389502295,0.49460443987775204,269,67,67
JPM,Financial,BiLSTM,regression,12,4,0.34161455746476976,0.49570783928259093,269,67,67
JPM,Financial,BiLSTM,regression,12,5,0.3430434843199847,0.5268229032630352,269,67,67
JPM,Financial,BiLSTM,regression,12,6,0.33496397595201727,0.5805736744581763,269,67,67
JPM,Financial,BiLSTM,regression,12,7,0.3340025027888415,0.703121667477622,269,67,67
JPM,Financial,BiLSTM,regression,12,8,0.31529020991688766,1.0733251553862841,269,67,67
JPM,Financial,BiLSTM,regression,12,9,0.3232408332669602,1.2313051526226215,269,67,67
JPM,Financial,BiLSTM,regression,12,10,0.3215719838678615,1.0582375241749322,269,67,67
JPM,Financial,BiLSTM,regression,12,11,0.3102408660278001,1.0626587547473054,269,67,67
JPM,Financial,BiLSTM,regression,12,12,0.3144852468626207,1.1718519588014973,269,67,67
JPM,Financial,BiLSTM,regression,12,13,0.29803921370922853,1.1533461755781031,269,67,67
JPM,Financial,BiLSTM,regression,12,14,0.30165255828639387,1.0976230101798898,269,67,67
JPM,Financial,BiLSTM,regression,12,15,0.31696616331994754,1.1569581957005743,269,67,67
JPM,Financial,BiLSTM,regression,12,16,0.2969591447522649,1.5483978897777957,269,67,67
JPM,Financial,BiLSTM,regression,12,17,0.29442507770868037,1.3052974174271768,269,67,67
KO,Consumer Goods,BiLSTM,regression,12,1,0.3745609786199487,0.30743674855483205,230,57,57
KO,Consumer Goods,BiLSTM,regression,12,2,0.32970299215420434,0.30213238429604916,230,57,57
KO,Consumer Goods,BiLSTM,regression,12,3,0.31780532935391304,0.30052532647785385,230,57,57
KO,Consumer Goods,BiLSTM,regression,12,4,0.29000467010166336,0.2891410249367095,230,57,57
KO,Consumer Goods,BiLSTM,regression,12,5,0.2938136808250261,0.2831388800813441,230,57,57
KO,Consumer Goods,BiLSTM,regression,12,6,0.27926655048909393,0.27371781750729207,230,57,57
KO,Consumer Goods,BiLSTM,regression,12,7,0.2742710719128018,0.2700113324742568,230,57,57
KO,Consumer Goods,BiLSTM,regression,12,8,0.27791341287286386,0.27475900294487937,230,57,57
KO,Consumer Goods,BiLSTM,regression,12,9,0.280884935868823,0.27542221859881755,230,57,57
KO,Consumer Goods,BiLSTM,regression,12,10,0.27313074722238206,0.27842081220526443,230,57,57
KO,Consumer Goods,BiLSTM,regression,12,11,0.2675779652660308,0.27701761011491743,230,57,57
KO,Consumer Goods,BiLSTM,regression,12,12,0.25847523005112355,0.2906477367668821,230,57,57
KO,Consumer Goods,BiLSTM,regression,12,13,0.25497196951638096,0.28553469609795956,230,57,57
KO,Consumer Goods,BiLSTM,regression,12,14,0.2516426729767219,0.3481464715380418,230,57,57
KO,Consumer Goods,BiLSTM,regression,12,15,0.2581286869619204,0.331413117417118,230,57,57
KO,Consumer Goods,BiLSTM,regression,12,16,0.24891750248877897,0.3132422754639073,230,57,57
KO,Consumer Goods,BiLSTM,regression,12,17,0.2372053066511517,0.2962920257919713,230,57,57
KO,Consumer Goods,BiLSTM,regression,12,18,0.24363503196965094,0.30586058894793194,230,57,57
KO,Consumer Goods,BiLSTM,regression,12,19,0.23818557662484438,0.31399913628896076,230,57,57
KO,Consumer Goods,BiLSTM,regression,12,20,0.2436107599540897,0.3096656245097779,230,57,57
KO,Consumer Goods,BiLSTM,regression,12,21,0.25532233510976254,0.3119414103658576,230,57,57
KO,Consumer Goods,BiLSTM,regression,12,22,0.23753164899737939,0.3169329061842801,230,57,57
LMT,Industrial Goods,BiLSTM,regression,12,1,0.4218579674589223,0.1930781453847885,116,29,48
LMT,Industrial Goods,BiLSTM,regression,12,2,0.38897475497475986,0.19326262176036835,116,29,48
LMT,Industrial Goods,BiLSTM,regression,12,3,0.38361865898658487,0.1926012635231018,116,29,48
LMT,Industrial Goods,BiLSTM,regression,12,4,0.387755516274222,0.19227127730846405,116,29,48
LMT,Industrial Goods,BiLSTM,regression,12,5,0.38545008157861643,0.1922510862350464,116,29,48
LMT,Industrial Goods,BiLSTM,regression,12,6,0.353458967188309,0.19170910120010376,116,29,48
LMT,Industrial Goods,BiLSTM,regression,12,7,0.3546938608432638,0.1915564388036728,116,29,48
LMT,Industrial Goods,BiLSTM,regression,12,8,0.3238059729337692,0.1939571499824524,116,29,48
LMT,Industrial Goods,BiLSTM,regression,12,9,0.33911079065553074,0.19644899666309357,116,29,48
LMT,Industrial Goods,BiLSTM,regression,12,10,0.3445721114503926,0.19370190799236298,116,29,48
LMT,Industrial Goods,BiLSTM,regression,12,11,0.33438243845413473,0.19341760873794556,116,29,48
LMT,Industrial Goods,BiLSTM,regression,12,12,0.32389319867923344,0.2005813866853714,116,29,48
LMT,Industrial Goods,BiLSTM,regression,12,13,0.33599868211252937,0.21615982055664062,116,29,48
LMT,Industrial Goods,BiLSTM,regression,12,14,0.32093174293123444,0.24297332763671875,116,29,48
LMT,Industrial Goods,BiLSTM,regression,12,15,0.3102504472280371,0.2722369134426117,116,29,48
LMT,Industrial Goods,BiLSTM,regression,12,16,0.3250199946863898,0.30150824785232544,116,29,48
LMT,Industrial Goods,BiLSTM,regression,12,17,0.311933284175807,0.31585240364074707,116,29,48
LMT,Industrial Goods,BiLSTM,regression,12,18,0.3013604946177581,0.3440752625465393,116,29,48
LMT,Industrial Goods,BiLSTM,regression,12,19,0.307890555981932,0.3748157024383545,116,29,48
LMT,Industrial Goods,BiLSTM,regression,12,20,0.30422391151559763,0.39547598361968994,116,29,48
LMT,Industrial Goods,BiLSTM,regression,12,21,0.2743929562897518,0.41863423585891724,116,29,48
LMT,Industrial Goods,BiLSTM,regression,12,22,0.31574056580148896,0.39387089014053345,116,29,48
MA,Financial,BiLSTM,regression,12,1,0.44022255865010346,0.33578329194675793,176,44,44
MA,Financial,BiLSTM,regression,12,2,0.4013795256614685,0.33621997183019464,176,44,44
MA,Financial,BiLSTM,regression,12,3,0.37173277681524103,0.33826093782078137,176,44,44
MA,Financial,BiLSTM,regression,12,4,0.3855098526586186,0.3436371088027954,176,44,44
MA,Financial,BiLSTM,regression,12,5,0.3592959141189402,0.35434993830594147,176,44,44
MA,Financial,BiLSTM,regression,12,6,0.37446498058058997,0.36794073473323474,176,44,44
MA,Financial,BiLSTM,regression,12,7,0.3447827967730435,0.39478742534464056,176,44,44
MA,Financial,BiLSTM,regression,12,8,0.3613380031152205,0.42081943967125635,176,44,44
MA,Financial,BiLSTM,regression,12,9,0.3331340314312415,0.44606718691912567,176,44,44
MA,Financial,BiLSTM,regression,12,10,0.3329351165077903,0.4819661487232555,176,44,44
MA,Financial,BiLSTM,regression,12,11,0.34443718465891754,0.536040875044736,176,44,44
MA,Financial,BiLSTM,regression,12,12,0.3394800912250172,0.6045078743587841,176,44,44
MA,Financial,BiLSTM,regression,12,13,0.3391190780834718,0.6408741690895774,176,44,44
MA,Financial,BiLSTM,regression,12,14,0.3233472447503697,0.6564371585845947,176,44,44
MA,Financial,BiLSTM,regression,12,15,0.34431183338165283,0.6422253034331582,176,44,44
MA,Financial,BiLSTM,regression,12,16,0.337622387165373,0.6247290264476429,176,44,44
MCD,Services,BiLSTM,regression,12,1,0.4060739093638481,0.49877780470354804,235,58,58
MCD,Services,BiLSTM,regression,12,2,0.37217298631972456,0.49723525293942156,235,58,58
MCD,Services,BiLSTM,regression,12,3,0.34071344023055217,0.49303422303035344,235,58,58
MCD,Services,BiLSTM,regression,12,4,0.36359819490858847,0.48900697765679196,235,58,58
MCD,Services,BiLSTM,regression,12,5,0.35811134158296787,0.4843613998643283,235,58,58
MCD,Services,BiLSTM,regression,12,6,0.34711541153014974,0.4790975369256118,235,58,58
MCD,Services,BiLSTM,regression,12,7,0.33855365020163514,0.46749494815694875,235,58,58
MCD,Services,BiLSTM,regression,12,8,0.3134153087088402,0.4626384562459485,235,58,58
MCD,Services,BiLSTM,regression,12,9,0.3146761837157797,0.46651339325411567,235,58,58
MCD,Services,BiLSTM,regression,12,10,0.3310355013989388,0.4694761695532963,235,58,58
MCD,Services,BiLSTM,regression,12,11,0.3197123571913293,0.47624317530927984,235,58,58
MCD,Services,BiLSTM,regression,12,12,0.32175219477491174,0.4825679063796997,235,58,58
MCD,Services,BiLSTM,regression,12,13,0.30442548470294223,0.48619794228981283,235,58,58
MCD,Services,BiLSTM,regression,12,14,0.30062621736780126,0.48332007589011355,235,58,58
MCD,Services,BiLSTM,regression,12,15,0.2832326058377611,0.47944148244528934,235,58,58
MCD,Services,BiLSTM,regression,12,16,0.3149625224001864,0.47796111682365683,235,58,58
MCD,Services,BiLSTM,regression,12,17,0.30676377022520024,0.4800785944379609,235,58,58
MCD,Services,BiLSTM,regression,12,18,0.3062061407464616,0.48609294973570727,235,58,58
MCD,Services,BiLSTM,regression,12,19,0.3082594324933722,0.48721970566387834,235,58,58
MCD,Services,BiLSTM,regression,12,20,0.28166110972140695,0.486069878627514,235,58,58
MCD,Services,BiLSTM,regression,12,21,0.3041133819742406,0.48536826824319773,235,58,58
MCD,Services,BiLSTM,regression,12,22,0.3016401619353193,0.4853798068802932,235,58,58
MCD,Services,BiLSTM,regression,12,23,0.2974905218215699,0.48370008427521277,235,58,58
MDT,Healthcare,BiLSTM,regression,12,1,0.42168705280010516,0.2533082365989685,104,26,43
MDT,Healthcare,BiLSTM,regression,12,2,0.3692598297045781,0.2523174285888672,104,26,43
MDT,Healthcare,BiLSTM,regression,12,3,0.3689415775812589,0.2505418062210083,104,26,43
MDT,Healthcare,BiLSTM,regression,12,4,0.3841450122686533,0.24715423583984375,104,26,43
MDT,Healthcare,BiLSTM,regression,12,5,0.36144717840047985,0.2438720315694809,104,26,43
MDT,Healthcare,BiLSTM,regression,12,6,0.365126364506208,0.24163635075092316,104,26,43
MDT,Healthcare,BiLSTM,regression,12,7,0.361608257660499,0.23951230943202972,104,26,43
MDT,Healthcare,BiLSTM,regression,12,8,0.3601410205547626,0.238331139087677,104,26,43
MDT,Healthcare,BiLSTM,regression,12,9,0.30936359900694627,0.2369927316904068,104,26,43
MDT,Healthcare,BiLSTM,regression,12,10,0.3418104579815498,0.23505666851997375,104,26,43
MDT,Healthcare,BiLSTM,regression,12,11,0.34534101761304414,0.23282554745674133,104,26,43
MDT,Healthcare,BiLSTM,regression,12,12,0.29770012543751645,0.23184537887573242,104,26,43
MDT,Healthcare,BiLSTM,regression,12,13,0.327919976069377,0.23156748712062836,104,26,43
MDT,Healthcare,BiLSTM,regression,12,14,0.3191166130396036,0.23287788033485413,104,26,43
MDT,Healthcare,BiLSTM,regression,12,15,0.33235697792126584,0.2350863367319107,104,26,43
MDT,Healthcare,BiLSTM,regression,12,16,0.30987675144122195,0.23562346398830414,104,26,43
MDT,Healthcare,BiLSTM,regression,12,17,0.309020085976674,0.2325696349143982,104,26,43
MDT,Healthcare,BiLSTM,regression,12,18,0.3014904146011059,0.2512041926383972,104,26,43
MDT,Healthcare,BiLSTM,regression,12,19,0.30094768221561724,0.313447505235672,104,26,43
MDT,Healthcare,BiLSTM,regression,12,20,0.32847651610007655,0.31176429986953735,104,26,43
MDT,Healthcare,BiLSTM,regression,12,21,0.3171578416457543,0.2607567012310028,104,26,43
MDT,Healthcare,BiLSTM,regression,12,22,0.29677619613133943,0.2586835026741028,104,26,43
MDT,Healthcare,BiLSTM,regression,12,23,0.30633452305426967,0.25796112418174744,104,26,43
MDT,Healthcare,BiLSTM,regression,12,24,0.3044988260819362,0.2557327449321747,104,26,43
MDT,Healthcare,BiLSTM,regression,12,25,0.2817942431339851,0.25648120045661926,104,26,43
MDT,Healthcare,BiLSTM,regression,12,26,0.27641741129068226,0.2690080404281616,104,26,43
MDT,Healthcare,BiLSTM,regression,12,27,0.27243634829154384,0.29502221941947937,104,26,43
MDT,Healthcare,BiLSTM,regression,12,28,0.2740800449481377,0.2996375858783722,104,26,43
MMM,Industrial Goods,BiLSTM,regression,12,1,0.40432945224973893,0.6388600667317709,144,36,45
MMM,Industrial Goods,BiLSTM,regression,12,2,0.40950919522179496,0.6406191984812418,144,36,45
MMM,Industrial Goods,BiLSTM,regression,12,3,0.3922378453943465,0.642036517461141,144,36,45
MMM,Industrial Goods,BiLSTM,regression,12,4,0.38046949439578587,0.6433330376942953,144,36,45
MMM,Industrial Goods,BiLSTM,regression,12,5,0.3537132839361827,0.6448890235688951,144,36,45
MMM,Industrial Goods,BiLSTM,regression,12,6,0.34664006365670097,0.6467927561865913,144,36,45
MMM,Industrial Goods,BiLSTM,regression,12,7,0.34246142043007743,0.6521858241822984,144,36,45
MMM,Industrial Goods,BiLSTM,regression,12,8,0.3597242037455241,0.6603946288426717,144,36,45
MMM,Industrial Goods,BiLSTM,regression,12,9,0.3327273726463318,0.6707926326327853,144,36,45
MMM,Industrial Goods,BiLSTM,regression,12,10,0.35577282640669083,0.6817139652040269,144,36,45
MMM,Industrial Goods,BiLSTM,regression,12,11,0.3418993618753221,0.6894238260057237,144,36,45
MMM,Industrial Goods,BiLSTM,regression,12,12,0.3509991765022278,0.7054047319624159,144,36,45
MMM,Industrial Goods,BiLSTM,regression,12,13,0.3469518522421519,0.7179119851854112,144,36,45
MMM,Industrial Goods,BiLSTM,regression,12,14,0.3303915825155046,0.725663873884413,144,36,45
MMM,Industrial Goods,BiLSTM,regression,12,15,0.31814154651429916,0.7350619236628214,144,36,45
MMM,Industrial Goods,BiLSTM,regression,12,16,0.33268602026833427,0.752005139986674,144,36,45
MO,Consumer Goods,BiLSTM,regression,12,1,0.4473145802815755,0.6004945039749146,144,36,45
MO,Consumer Goods,BiLSTM,regression,12,2,0.39326439301172894,0.6028791069984436,144,36,45
MO,Consumer Goods,BiLSTM,regression,12,3,0.3746500578191545,0.604690412680308,144,36,45
MO,Consumer Goods,BiLSTM,regression,12,4,0.3546396825048659,0.6081947220696343,144,36,45
MO,Consumer Goods,BiLSTM,regression,12,5,0.35294487741258407,0.6132816606097751,144,36,45
MO,Consumer Goods,BiLSTM,regression,12,6,0.3476797474755181,0.6184256606631808,144,36,45
MO,Consumer Goods,BiLSTM,regression,12,7,0.33383963174290127,0.6221757001347012,144,36,45
MO,Consumer Goods,BiLSTM,regression,12,8,0.3293224142657386,0.6201649440659417,144,36,45
MO,Consumer Goods,BiLSTM,regression,12,9,0.31073483493593,0.6213931772443984,144,36,45
MO,Consumer Goods,BiLSTM,regression,12,10,0.3097536265850067,0.6338648796081543,144,36,45
MO,Consumer Goods,BiLSTM,regression,12,11,0.32585348354445565,0.6582535041703118,144,36,45
MO,Consumer Goods,BiLSTM,regression,12,12,0.2996971607208252,0.6902009977234734,144,36,45
MO,Consumer Goods,BiLSTM,regression,12,13,0.2869945863882701,0.7373599211374918,144,36,45
MO,Consumer Goods,BiLSTM,regression,12,14,0.2682064341174232,0.7837778992123074,144,36,45
MO,Consumer Goods,BiLSTM,regression,12,15,0.31053201026386684,0.8196490208307902,144,36,45
MO,Consumer Goods,BiLSTM,regression,12,16,0.26281730665100944,0.8366833196745979,144,36,45
MRK,Healthcare,BiLSTM,regression,12,1,0.40443552228120655,0.5278754601111779,208,52,51
MRK,Healthcare,BiLSTM,regression,12,2,0.3842038970727187,0.5281795584238492,208,52,51
MRK,Healthcare,BiLSTM,regression,12,3,0.36527065818126386,0.524843000448667,208,52,51
MRK,Healthcare,BiLSTM,regression,12,4,0.3604379433851976,0.5230492445138785,208,52,51
MRK,Healthcare,BiLSTM,regression,12,5,0.37215943061388457,0.5227656777088459,208,52,51
MRK,Healthcare,BiLSTM,regression,12,6,0.348378435923503,0.5245377467228816,208,52,51
MRK,Healthcare,BiLSTM,regression,12,7,0.33537872021014875,0.5239972242942224,208,52,51
MRK,Healthcare,BiLSTM,regression,12,8,0.31896886229515076,0.5285206299561721,208,52,51
MRK,Healthcare,BiLSTM,regression,12,9,0.3407796346224271,0.5385913894726679,208,52,51
MRK,Healthcare,BiLSTM,regression,12,10,0.33658534517655003,0.5341899211590106,208,52,51
MRK,Healthcare,BiLSTM,regression,12,11,0.34320818460904634,0.5615698741032527,208,52,51
MRK,Healthcare,BiLSTM,regression,12,12,0.3282649081486922,0.5744202733039856,208,52,51
MRK,Healthcare,BiLSTM,regression,12,13,0.3239380900676434,0.5996483197579017,208,52,51
MRK,Healthcare,BiLSTM,regression,12,14,0.3120188254576463,0.6060598538472102,208,52,51
MRK,Healthcare,BiLSTM,regression,12,15,0.32117180411632246,0.5838659634956946,208,52,51
MRK,Healthcare,BiLSTM,regression,12,16,0.31386332557751584,0.577019581427941,208,52,51
MRK,Healthcare,BiLSTM,regression,12,17,0.2956971296897301,0.6108609758890592,208,52,51
MRK,Healthcare,BiLSTM,regression,12,18,0.3007436188367697,0.6511807487561152,208,52,51
MRK,Healthcare,BiLSTM,regression,12,19,0.2991589857981755,0.6460335850715637,208,52,51
MRK,Healthcare,BiLSTM,regression,12,20,0.30065834522247314,0.6439770276729877,208,52,51
MSFT,Technology,BiLSTM,regression,12,1,0.36483564344935593,0.5123568515519838,299,74,74
MSFT,Technology,BiLSTM,regression,12,2,0.34432101419139466,0.5106190539695121,299,74,74
MSFT,Technology,BiLSTM,regression,12,3,0.3143922281903168,0.5072416421529409,299,74,74
MSFT,Technology,BiLSTM,regression,12,4,0.31790068795449755,0.5059380660185943,299,74,74
MSFT,Technology,BiLSTM,regression,12,5,0.3129860694990509,0.5013386011123657,299,74,74
MSFT,Technology,BiLSTM,regression,12,6,0.3105738879645549,0.5137734670896787,299,74,74
MSFT,Technology,BiLSTM,regression,12,7,0.29868042229808694,0.5187304438771428,299,74,74
MSFT,Technology,BiLSTM,regression,12,8,0.29303948795516355,0.52690597804817,299,74,74
MSFT,Technology,BiLSTM,regression,12,9,0.3012380318896826,0.5524018487414798,299,74,74
MSFT,Technology,BiLSTM,regression,12,10,0.29925808764022327,0.5456947249335211,299,74,74
MSFT,Technology,BiLSTM,regression,12,11,0.27827331797534405,0.559272965869388,299,74,74
MSFT,Technology,BiLSTM,regression,12,12,0.2858874360753541,0.545324631639429,299,74,74
MSFT,Technology,BiLSTM,regression,12,13,0.2839551289942751,0.5827668969695633,299,74,74
MSFT,Technology,BiLSTM,regression,12,14,0.291039714097578,0.5792017401875676,299,74,74
MSFT,Technology,BiLSTM,regression,12,15,0.2816063471163396,0.5604550709595552,299,74,74
MSFT,Technology,BiLSTM,regression,12,16,0.2794924292676026,0.5501431903323611,299,74,74
MSFT,Technology,BiLSTM,regression,12,17,0.270512878446276,0.5475098925667841,299,74,74
MSFT,Technology,BiLSTM,regression,12,18,0.2629005261089491,0.5422612976383518,299,74,74
MSFT,Technology,BiLSTM,regression,12,19,0.2733792781231794,0.557274966626554,299,74,74
MSFT,Technology,BiLSTM,regression,12,20,0.27265810134219487,0.5521200089841276,299,74,74
NVS,Healthcare,BiLSTM,regression,12,1,0.37262943387031555,0.35585808753967285,96,23,39
NVS,Healthcare,BiLSTM,regression,12,2,0.3661861717700958,0.3550192713737488,96,23,39
NVS,Healthcare,BiLSTM,regression,12,3,0.3227563103040059,0.35410457849502563,96,23,39
NVS,Healthcare,BiLSTM,regression,12,4,0.32825903097788495,0.3562115728855133,96,23,39
NVS,Healthcare,BiLSTM,regression,12,5,0.3244461963574092,0.3585055470466614,96,23,39
NVS,Healthcare,BiLSTM,regression,12,6,0.3416803479194641,0.35865911841392517,96,23,39
NVS,Healthcare,BiLSTM,regression,12,7,0.3145674765110016,0.3611379563808441,96,23,39
NVS,Healthcare,BiLSTM,regression,12,8,0.30995909372965497,0.36450377106666565,96,23,39
NVS,Healthcare,BiLSTM,regression,12,9,0.28651609520117444,0.36533641815185547,96,23,39
NVS,Healthcare,BiLSTM,regression,12,10,0.29377753535906476,0.3690185248851776,96,23,39
NVS,Healthcare,BiLSTM,regression,12,11,0.2907118449608485,0.373553067445755,96,23,39
NVS,Healthcare,BiLSTM,regression,12,12,0.26257174213727313,0.37708625197410583,96,23,39
NVS,Healthcare,BiLSTM,regression,12,13,0.31713660558064777,0.38279926776885986,96,23,39
NVS,Healthcare,BiLSTM,regression,12,14,0.28046728670597076,0.39024385809898376,96,23,39
NVS,Healthcare,BiLSTM,regression,12,15,0.2739918529987335,0.40162816643714905,96,23,39
NVS,Healthcare,BiLSTM,regression,12,16,0.2899363289276759,0.4080938696861267,96,23,39
NVS,Healthcare,BiLSTM,regression,12,17,0.2904717028141022,0.40411514043807983,96,23,39
NVS,Healthcare,BiLSTM,regression,12,18,0.2869503895441691,0.3923656642436981,96,23,39
ORCL,Technology,BiLSTM,regression,12,1,0.363248641210827,0.43221533563401965,183,45,45
ORCL,Technology,BiLSTM,regression,12,2,0.3214367111849655,0.43335371944639417,183,45,45
ORCL,Technology,BiLSTM,regression,12,3,0.3252724444931322,0.43736442459954156,183,45,45
ORCL,Technology,BiLSTM,regression,12,4,0.3090790576947843,0.4405525896284315,183,45,45
ORCL,Technology,BiLSTM,regression,12,5,0.31690950162423764,0.4466431286599901,183,45,45
ORCL,Technology,BiLSTM,regression,12,6,0.2952832100821323,0.4576760835117764,183,45,45
ORCL,Technology,BiLSTM,regression,12,7,0.2867498513453645,0.4673092457983229,183,45,45
ORCL,Technology,BiLSTM,regression,12,8,0.278579549222696,0.4863249235683017,183,45,45
ORCL,Technology,BiLSTM,regression,12,9,0.2699445826434047,0.5097802691989475,183,45,45
ORCL,Technology,BiLSTM,regression,12,10,0.29135559442264786,0.5280053112241957,183,45,45
ORCL,Technology,BiLSTM,regression,12,11,0.27286030319544785,0.5665186564127604,183,45,45
ORCL,Technology,BiLSTM,regression,12,12,0.27220630662037376,0.6086222171783447,183,45,45
ORCL,Technology,BiLSTM,regression,12,13,0.2798628815210582,0.6624855571322971,183,45,45
ORCL,Technology,BiLSTM,regression,12,14,0.27628897790048945,0.7244897365570069,183,45,45
ORCL,Technology,BiLSTM,regression,12,15,0.2617907440238963,0.7829065614276463,183,45,45
ORCL,Technology,BiLSTM,regression,12,16,0.2523981200867012,0.7441607528262668,183,45,45
PCLN,Services,BiLSTM,regression,12,1,0.3499266321168226,0.35877368555349465,272,68,68
PCLN,Services,BiLSTM,regression,12,2,0.34546967464334827,0.3589453574489145,272,68,68
PCLN,Services,BiLSTM,regression,12,3,0.32292263297473683,0.3582812530152938,272,68,68
PCLN,Services,BiLSTM,regression,12,4,0.3232080866308773,0.3593415477696587,272,68,68
PCLN,Services,BiLSTM,regression,12,5,0.3209668310249553,0.3616812369402717,272,68,68
PCLN,Services,BiLSTM,regression,12,6,0.30754803734667163,0.3620743190540987,272,68,68
PCLN,Services,BiLSTM,regression,12,7,0.31467435815755057,0.37474990592283364,272,68,68
PCLN,Services,BiLSTM,regression,12,8,0.31330929433598237,0.38468807234483604,272,68,68
PCLN,Services,BiLSTM,regression,12,9,0.3048667548333897,0.4265524850172155,272,68,68
PCLN,Services,BiLSTM,regression,12,10,0.29810545199057636,0.42180389516493855,272,68,68
PCLN,Services,BiLSTM,regression,12,11,0.3005972346838783,0.4084919059977812,272,68,68
PCLN,Services,BiLSTM,regression,12,12,0.30140187985756817,0.42371878904454846,272,68,68
PCLN,Services,BiLSTM,regression,12,13,0.28059417535276976,0.4235486563514261,272,68,68
PCLN,Services,BiLSTM,regression,12,14,0.2863328781198053,0.4199894421240863,272,68,68
PCLN,Services,BiLSTM,regression,12,15,0.28476721924893994,0.44954947513692517,272,68,68
PCLN,Services,BiLSTM,regression,12,16,0.272668579045464,0.44318171809701357,272,68,68
PCLN,Services,BiLSTM,regression,12,17,0.25618743808830485,0.44372203770805807,272,68,68
PCLN,Services,BiLSTM,regression,12,18,0.2752003880108104,0.4330000737134148,272,68,68
PEP,Consumer Goods,BiLSTM,regression,12,1,0.4533710115022593,0.24309285091502325,143,35,44
PEP,Consumer Goods,BiLSTM,regression,12,2,0.38656731210388506,0.24131917123283658,143,35,44
PEP,Consumer Goods,BiLSTM,regression,12,3,0.3744475618525819,0.24105026636804852,143,35,44
PEP,Consumer Goods,BiLSTM,regression,12,4,0.350818523889655,0.24093376036201206,143,35,44
PEP,Consumer Goods,BiLSTM,regression,12,5,0.33372994569631725,0.24041977099009923,143,35,44
PEP,Consumer Goods,BiLSTM,regression,12,6,0.334323572216334,0.23867008686065674,143,35,44
PEP,Consumer Goods,BiLSTM,regression,12,7,0.3164395129347181,0.2384970017841884,143,35,44
PEP,Consumer Goods,BiLSTM,regression,12,8,0.3240224711753272,0.2417959443160466,143,35,44
PEP,Consumer Goods,BiLSTM,regression,12,9,0.3112640315210903,0.24406594655343464,143,35,44
PEP,Consumer Goods,BiLSTM,regression,12,10,0.30303718368490257,0.24544221098933902,143,35,44
PEP,Consumer Goods,BiLSTM,regression,12,11,0.29659294050473434,0.25435949840715955,143,35,44
PEP,Consumer Goods,BiLSTM,regression,12,12,0.2850808081301776,0.27231002449989317,143,35,44
PEP,Consumer Goods,BiLSTM,regression,12,13,0.28352753119868834,0.2894919154899461,143,35,44
PEP,Consumer Goods,BiLSTM,regression,12,14,0.26519038199961603,0.3144912208829607,143,35,44
PEP,Consumer Goods,BiLSTM,regression,12,15,0.259992968577605,0.3505128398537636,143,35,44
PEP,Consumer Goods,BiLSTM,regression,12,16,0.2838946143230358,0.3687727621623448,143,35,44
PEP,Consumer Goods,BiLSTM,regression,12,17,0.25857088094824676,0.40088976323604586,143,35,44
PEP,Consumer Goods,BiLSTM,regression,12,18,0.2731771861965006,0.429535579255649,143,35,44
PEP,Consumer Goods,BiLSTM,regression,12,19,0.2512856890688409,0.43519134478909627,143,35,44
PEP,Consumer Goods,BiLSTM,regression,12,20,0.2629899542023252,0.44214718639850614,143,35,44
PEP,Consumer Goods,BiLSTM,regression,12,21,0.25193304782147175,0.4343804806470871,143,35,44
PEP,Consumer Goods,BiLSTM,regression,12,22,0.2501594015768358,0.4296973236969539,143,35,44
PFE,Healthcare,BiLSTM,regression,12,1,0.4144969890857565,0.5980725247284462,232,58,58
PFE,Healthcare,BiLSTM,regression,12,2,0.3798208647760852,0.59649815230534,232,58,58
PFE,Healthcare,BiLSTM,regression,12,3,0.37877187081452074,0.5944170026943602,232,58,58
PFE,Healthcare,BiLSTM,regression,12,4,0.3582651774431097,0.5920741105901783,232,58,58
PFE,Healthcare,BiLSTM,regression,12,5,0.35786400272928437,0.5917979848795923,232,58,58
PFE,Healthcare,BiLSTM,regression,12,6,0.35153640652525014,0.5960766241468233,232,58,58
PFE,Healthcare,BiLSTM,regression,12,7,0.35280076388655035,0.608114427533643,232,58,58
PFE,Healthcare,BiLSTM,regression,12,8,0.3420688879900965,0.6282929510905825,232,58,58
PFE,Healthcare,BiLSTM,regression,12,9,0.32535041714536733,0.6862988800838076,232,58,58
PFE,Healthcare,BiLSTM,regression,12,10,0.33814237395237234,0.7152203321456909,232,58,58
PFE,Healthcare,BiLSTM,regression,12,11,0.33744849881221506,0.7265090777956206,232,58,58
PFE,Healthcare,BiLSTM,regression,12,12,0.315878713953084,0.7280893983512089,232,58,58
PFE,Healthcare,BiLSTM,regression,12,13,0.3094395758776829,0.8221425146892153,232,58,58
PFE,Healthcare,BiLSTM,regression,12,14,0.30997614074369956,0.7791675534741632,232,58,58
PFE,Healthcare,BiLSTM,regression,12,15,0.3042959123849869,0.8089001260954758,232,58,58
PFE,Healthcare,BiLSTM,regression,12,16,0.31157126663060025,0.905980788428208,232,58,58
PFE,Healthcare,BiLSTM,regression,12,17,0.3165251453374994,0.9602361383109257,232,58,58
PFE,Healthcare,BiLSTM,regression,12,18,0.2871529670624897,1.0005214132111648,232,58,58
PFE,Healthcare,BiLSTM,regression,12,19,0.2865872136477766,0.961520059355374,232,58,58
PFE,Healthcare,BiLSTM,regression,12,20,0.292265465290382,0.9326073177929582,232,58,58
PG,Consumer Goods,BiLSTM,regression,12,1,0.38598280151685077,0.8108354012171427,192,48,48
PG,Consumer Goods,BiLSTM,regression,12,2,0.387405201792717,0.8109308878580729,192,48,48
PG,Consumer Goods,BiLSTM,regression,12,3,0.3569285397728284,0.8164858420689901,192,48,48
PG,Consumer Goods,BiLSTM,regression,12,4,0.35208410521348316,0.8291430870691935,192,48,48
PG,Consumer Goods,BiLSTM,regression,12,5,0.3412762035926183,0.8387733697891235,192,48,48
PG,Consumer Goods,BiLSTM,regression,12,6,0.3268117308616638,0.8601367473602295,192,48,48
PG,Consumer Goods,BiLSTM,regression,12,7,0.3246418684720993,0.888778805732727,192,48,48
PG,Consumer Goods,BiLSTM,regression,12,8,0.32389605045318604,0.9325979948043823,192,48,48
PG,Consumer Goods,BiLSTM,regression,12,9,0.3312875032424927,1.0196921825408936,192,48,48
PG,Consumer Goods,BiLSTM,regression,12,10,0.3091125736633937,1.090516169865926,192,48,48
PG,Consumer Goods,BiLSTM,regression,12,11,0.2986954053243001,1.1462061405181885,192,48,48
PG,Consumer Goods,BiLSTM,regression,12,12,0.3044772334396839,1.1643463770548503,192,48,48
PG,Consumer Goods,BiLSTM,regression,12,13,0.2751704479257266,1.1828677654266357,192,48,48
PG,Consumer Goods,BiLSTM,regression,12,14,0.31652241200208664,1.2111334005991619,192,48,48
PG,Consumer Goods,BiLSTM,regression,12,15,0.2869192486008008,1.2636780738830566,192,48,48
PG,Consumer Goods,BiLSTM,regression,12,16,0.2845655083656311,1.3138355016708374,192,48,48
SLB,Basic Matierials,BiLSTM,regression,12,1,0.4237266137744441,0.30794557929039,132,32,40
SLB,Basic Matierials,BiLSTM,regression,12,2,0.37168792070764484,0.30655795335769653,132,32,40
SLB,Basic Matierials,BiLSTM,regression,12,3,0.3676267740401355,0.30555304884910583,132,32,40
SLB,Basic Matierials,BiLSTM,regression,12,4,0.3392376953905279,0.30512893199920654,132,32,40
SLB,Basic Matierials,BiLSTM,regression,12,5,0.32001468042532605,0.307028591632843,132,32,40
SLB,Basic Matierials,BiLSTM,regression,12,6,0.33814674864212674,0.3085520565509796,132,32,40
SLB,Basic Matierials,BiLSTM,regression,12,7,0.3266579761649623,0.3089834749698639,132,32,40
SLB,Basic Matierials,BiLSTM,regression,12,8,0.3307797597213225,0.30720219016075134,132,32,40
SLB,Basic Matierials,BiLSTM,regression,12,9,0.3210778511834867,0.3079414963722229,132,32,40
SLB,Basic Matierials,BiLSTM,regression,12,10,0.2978789499311736,0.3215439021587372,132,32,40
SLB,Basic Matierials,BiLSTM,regression,12,11,0.3071965430722092,0.3277723491191864,132,32,40
SLB,Basic Matierials,BiLSTM,regression,12,12,0.29337757283991034,0.3242902457714081,132,32,40
SLB,Basic Matierials,BiLSTM,regression,12,13,0.3054892429799745,0.32612553238868713,132,32,40
SLB,Basic Matierials,BiLSTM,regression,12,14,0.2888563054077553,0.3232804536819458,132,32,40
SLB,Basic Matierials,BiLSTM,regression,12,15,0.29741640253500506,0.33125144243240356,132,32,40
SLB,Basic Matierials,BiLSTM,regression,12,16,0.2953134032361435,0.32607078552246094,132,32,40
SLB,Basic Matierials,BiLSTM,regression,12,17,0.2665070683667154,0.3258928954601288,132,32,40
SLB,Basic Matierials,BiLSTM,regression,12,18,0.2799873555248434,0.32610249519348145,132,32,40
SLB,Basic Matierials,BiLSTM,regression,12,19,0.3059954390381322,0.3319637179374695,132,32,40
SO,Utilities,BiLSTM,regression,12,1,0.4254914124806722,0.22771108150482178,96,24,39
SO,Utilities,BiLSTM,regression,12,2,0.4005582431952159,0.22612150013446808,96,24,39
SO,Utilities,BiLSTM,regression,12,3,0.33711368838946026,0.22631804645061493,96,24,39
SO,Utilities,BiLSTM,regression,12,4,0.36736095945040387,0.22775781154632568,96,24,39
SO,Utilities,BiLSTM,regression,12,5,0.343370000521342,0.22910284996032715,96,24,39
SO,Utilities,BiLSTM,regression,12,6,0.3365161220232646,0.22890739142894745,96,24,39
SO,Utilities,BiLSTM,regression,12,7,0.3436734974384308,0.22732187807559967,96,24,39
SO,Utilities,BiLSTM,regression,12,8,0.3283064663410187,0.22553426027297974,96,24,39
SO,Utilities,BiLSTM,regression,12,9,0.32144980629285175,0.22237664461135864,96,24,39
SO,Utilities,BiLSTM,regression,12,10,0.33203304807345074,0.2226794958114624,96,24,39
SO,Utilities,BiLSTM,regression,12,11,0.3133603086074193,0.22440771758556366,96,24,39
SO,Utilities,BiLSTM,regression,12,12,0.30246272186438244,0.22521449625492096,96,24,39
SO,Utilities,BiLSTM,regression,12,13,0.27685463925202686,0.22607110440731049,96,24,39
SO,Utilities,BiLSTM,regression,12,14,0.29763999084631604,0.23557879030704498,96,24,39
SO,Utilities,BiLSTM,regression,12,15,0.31603479385375977,0.24999499320983887,96,24,39
SO,Utilities,BiLSTM,regression,12,16,0.3102000554402669,0.2527286112308502,96,24,39
SO,Utilities,BiLSTM,regression,12,17,0.27582907179991406,0.24484701454639435,96,24,39
SO,Utilities,BiLSTM,regression,12,18,0.2908598432938258,0.24811144173145294,96,24,39
SO,Utilities,BiLSTM,regression,12,19,0.2781848857800166,0.2588628828525543,96,24,39
SO,Utilities,BiLSTM,regression,12,20,0.2649405598640442,0.277322381734848,96,24,39
SO,Utilities,BiLSTM,regression,12,21,0.28882304827372235,0.29676127433776855,96,24,39
SO,Utilities,BiLSTM,regression,12,22,0.2895664572715759,0.3194173574447632,96,24,39
SO,Utilities,BiLSTM,regression,12,23,0.27828992903232574,0.3338814973831177,96,24,39
SO,Utilities,BiLSTM,regression,12,24,0.25882603228092194,0.3430542051792145,96,24,39
T,Technology,BiLSTM,regression,12,1,0.3784762489331233,0.49882645356027705,308,76,76
T,Technology,BiLSTM,regression,12,2,0.36352855896020864,0.4962348937988281,308,76,76
T,Technology,BiLSTM,regression,12,3,0.33487796551221377,0.49564530347522934,308,76,76
T,Technology,BiLSTM,regression,12,4,0.3395383218666176,0.49523221191607025,308,76,76
T,Technology,BiLSTM,regression,12,5,0.3192009763284163,0.5416419066880879,308,76,76
T,Technology,BiLSTM,regression,12,6,0.32618875317759327,0.6151004214035837,308,76,76
T,Technology,BiLSTM,regression,12,7,0.315394294339341,0.7428416139201114,308,76,76
T,Technology,BiLSTM,regression,12,8,0.3214335395144178,0.7785410943784212,308,76,76
T,Technology,BiLSTM,regression,12,9,0.3109843862521184,0.8157190272682592,308,76,76
T,Technology,BiLSTM,regression,12,10,0.3005116775438383,0.9576163856606734,308,76,76
T,Technology,BiLSTM,regression,12,11,0.30919498514819455,0.8716374635696411,308,76,76
T,Technology,BiLSTM,regression,12,12,0.2860595676806066,0.8892230799323634,308,76,76
T,Technology,BiLSTM,regression,12,13,0.2885569581737766,0.9417165015873156,308,76,76
T,Technology,BiLSTM,regression,12,14,0.3029870375410303,0.957465178088138,308,76,76
T,Technology,BiLSTM,regression,12,15,0.2865152746051937,0.982857672791732,308,76,76
T,Technology,BiLSTM,regression,12,16,0.27527573549902284,1.0210529879519814,308,76,76
T,Technology,BiLSTM,regression,12,17,0.27927745704527024,1.0421573300110667,308,76,76
T,Technology,BiLSTM,regression,12,18,0.28794486569119737,1.1132890864422447,308,76,76
T,Technology,BiLSTM,regression,12,19,0.2716615691587522,1.1231587937003689,308,76,76
UNH,Healthcare,BiLSTM,regression,12,1,0.4389950484998765,0.4842762413777803,155,38,48
UNH,Healthcare,BiLSTM,regression,12,2,0.3963995970064594,0.4790003393825732,155,38,48
UNH,Healthcare,BiLSTM,regression,12,3,0.3913781614072861,0.4741454375417609,155,38,48
UNH,Healthcare,BiLSTM,regression,12,4,0.3825607745878158,0.4689999254126298,155,38,48
UNH,Healthcare,BiLSTM,regression,12,5,0.36416078805923463,0.46250241367440476,155,38,48
UNH,Healthcare,BiLSTM,regression,12,6,0.3571665746550406,0.45539209403489767,155,38,48
UNH,Healthcare,BiLSTM,regression,12,7,0.35662618010274827,0.44901492407447413,155,38,48
UNH,Healthcare,BiLSTM,regression,12,8,0.3526119766696807,0.44467402759351227,155,38,48
UNH,Healthcare,BiLSTM,regression,12,9,0.3602115656099012,0.4418280501114695,155,38,48
UNH,Healthcare,BiLSTM,regression,12,10,0.32552865301409073,0.44062395158566925,155,38,48
UNH,Healthcare,BiLSTM,regression,12,11,0.3268210518744684,0.4364623019569798,155,38,48
UNH,Healthcare,BiLSTM,regression,12,12,0.315231672217769,0.431749889725133,155,38,48
UNH,Healthcare,BiLSTM,regression,12,13,0.3148545286347789,0.4355546832084656,155,38,48
UNH,Healthcare,BiLSTM,regression,12,14,0.3014770580876258,0.44505189280760915,155,38,48
UNH,Healthcare,BiLSTM,regression,12,15,0.3001921384565292,0.4543210236649764,155,38,48
UNH,Healthcare,BiLSTM,regression,12,16,0.3045245503225634,0.45188157181990773,155,38,48
UNH,Healthcare,BiLSTM,regression,12,17,0.2966247570130133,0.46174002007434245,155,38,48
UNH,Healthcare,BiLSTM,regression,12,18,0.2878826000998097,0.46605773034848663,155,38,48
UNH,Healthcare,BiLSTM,regression,12,19,0.2925791469312483,0.4661064524399607,155,38,48
UNH,Healthcare,BiLSTM,regression,12,20,0.2821614401955758,0.46290456934979085,155,38,48
UNH,Healthcare,BiLSTM,regression,12,21,0.2997465866227304,0.4646280094196922,155,38,48
UNH,Healthcare,BiLSTM,regression,12,22,0.29933370351791383,0.4677572281737077,155,38,48
UNH,Healthcare,BiLSTM,regression,12,23,0.2718681766140846,0.47071283428292526,155,38,48
UNH,Healthcare,BiLSTM,regression,12,24,0.26038754716996226,0.4772929862925881,155,38,48
UNH,Healthcare,BiLSTM,regression,12,25,0.2789674159019224,0.48580842582803024,155,38,48
UNH,Healthcare,BiLSTM,regression,12,26,0.2659027960992629,0.49129561374061986,155,38,48
UNH,Healthcare,BiLSTM,regression,12,27,0.29413041587798827,0.4903444898755927,155,38,48
UPS,Services,BiLSTM,regression,12,1,0.4476715025601086,0.5255520939826965,111,27,45
UPS,Services,BiLSTM,regression,12,2,0.4045160482595633,0.5201772451400757,111,27,45
UPS,Services,BiLSTM,regression,12,3,0.38746921436206716,0.516133189201355,111,27,45
UPS,Services,BiLSTM,regression,12,4,0.34885545222608894,0.5138489007949829,111,27,45
UPS,Services,BiLSTM,regression,12,5,0.3310940072343156,0.5138135552406311,111,27,45
UPS,Services,BiLSTM,regression,12,6,0.3587042036894205,0.5151803493499756,111,27,45
UPS,Services,BiLSTM,regression,12,7,0.31729936572882506,0.5160541534423828,111,27,45
UPS,Services,BiLSTM,regression,12,8,0.33966857490238844,0.5152949094772339,111,27,45
UPS,Services,BiLSTM,regression,12,9,0.30122601180463227,0.5146559476852417,111,27,45
UPS,Services,BiLSTM,regression,12,10,0.3218209742157309,0.5141707062721252,111,27,45
UPS,Services,BiLSTM,regression,12,11,0.33240929984294615,0.513458788394928,111,27,45
UPS,Services,BiLSTM,regression,12,12,0.29570562184393945,0.5120463371276855,111,27,45
UPS,Services,BiLSTM,regression,12,13,0.30061236184996526,0.5112194418907166,111,27,45
UPS,Services,BiLSTM,regression,12,14,0.2874191235583108,0.5128528475761414,111,27,45
UPS,Services,BiLSTM,regression,12,15,0.2991651954414608,0.5137312412261963,111,27,45
UPS,Services,BiLSTM,regression,12,16,0.26940928453260715,0.5105535387992859,111,27,45
UPS,Services,BiLSTM,regression,12,17,0.27952678702973033,0.5046193599700928,111,27,45
UPS,Services,BiLSTM,regression,12,18,0.2781094416036262,0.5002297163009644,111,27,45
UPS,Services,BiLSTM,regression,12,19,0.2762437658803957,0.5077037811279297,111,27,45
UPS,Services,BiLSTM,regression,12,20,0.27510447961253087,0.5068612694740295,111,27,45
UPS,Services,BiLSTM,regression,12,21,0.25383016077784804,0.5022526979446411,111,27,45
UPS,Services,BiLSTM,regression,12,22,0.28628846331759616,0.4991317391395569,111,27,45
UPS,Services,BiLSTM,regression,12,23,0.2650730259515144,0.5136291980743408,111,27,45
UPS,Services,BiLSTM,regression,12,24,0.27214091573212595,0.5198891758918762,111,27,45
UPS,Services,BiLSTM,regression,12,25,0.2606862851896802,0.4983949065208435,111,27,45
UPS,Services,BiLSTM,regression,12,26,0.23568283424184128,0.5171221494674683,111,27,45
UPS,Services,BiLSTM,regression,12,27,0.28512912223467957,0.5466870069503784,111,27,45
UPS,Services,BiLSTM,regression,12,28,0.2591934902173979,0.5312090516090393,111,27,45
UPS,Services,BiLSTM,regression,12,29,0.2553962908081106,0.515406608581543,111,27,45
UPS,Services,BiLSTM,regression,12,30,0.2544796881643501,0.53790283203125,111,27,45
UPS,Services,BiLSTM,regression,12,31,0.2537992699994697,0.5287126898765564,111,27,45
UPS,Services,BiLSTM,regression,12,32,0.22512295352177578,0.5003196001052856,111,27,45
UPS,Services,BiLSTM,regression,12,33,0.23159510622153412,0.5058472752571106,111,27,45
UPS,Services,BiLSTM,regression,12,34,0.22655362233116821,0.5183044672012329,111,27,45
UPS,Services,BiLSTM,regression,12,35,0.2113689735934541,0.5246548056602478,111,27,45
UPS,Services,BiLSTM,regression,12,36,0.2532742121466645,0.5250831246376038,111,27,45
UPS,Services,BiLSTM,regression,12,37,0.2092416441521129,0.539696991443634,111,27,45
UPS,Services,BiLSTM,regression,12,38,0.21658699939379822,0.5498997569084167,111,27,45
UPS,Services,BiLSTM,regression,12,39,0.19921957164465845,0.5527763366699219,111,27,45
UPS,Services,BiLSTM,regression,12,40,0.2220729455217585,0.539090633392334,111,27,45
UTX,Industrial Goods,BiLSTM,regression,12,1,0.46102169065764453,0.6041125655174255,132,32,41
UTX,Industrial Goods,BiLSTM,regression,12,2,0.3778511050975684,0.6053533554077148,132,32,41
UTX,Industrial Goods,BiLSTM,regression,12,3,0.3757291797435645,0.6084843873977661,132,32,41
UTX,Industrial Goods,BiLSTM,regression,12,4,0.36943615024740045,0.6129294037818909,132,32,41
UTX,Industrial Goods,BiLSTM,regression,12,5,0.3706309768286618,0.6182809472084045,132,32,41
UTX,Industrial Goods,BiLSTM,regression,12,6,0.3385173524871017,0.6252143979072571,132,32,41
UTX,Industrial Goods,BiLSTM,regression,12,7,0.35476009863795654,0.6311006546020508,132,32,41
UTX,Industrial Goods,BiLSTM,regression,12,8,0.33246133092677954,0.6399750113487244,132,32,41
UTX,Industrial Goods,BiLSTM,regression,12,9,0.33604769453857886,0.6566442847251892,132,32,41
UTX,Industrial Goods,BiLSTM,regression,12,10,0.3117275328347177,0.6802001595497131,132,32,41
UTX,Industrial Goods,BiLSTM,regression,12,11,0.31187289772611676,0.7013182640075684,132,32,41
UTX,Industrial Goods,BiLSTM,regression,12,12,0.28431419170264044,0.72011399269104,132,32,41
UTX,Industrial Goods,BiLSTM,regression,12,13,0.2936736363353151,0.7406352758407593,132,32,41
UTX,Industrial Goods,BiLSTM,regression,12,14,0.2969528648889426,0.7721825242042542,132,32,41
UTX,Industrial Goods,BiLSTM,regression,12,15,0.2747017817966866,0.8038899898529053,132,32,41
UTX,Industrial Goods,BiLSTM,regression,12,16,0.29028114766785595,0.8226132988929749,132,32,41
V,Financial,BiLSTM,regression,12,1,0.37956959976778404,0.46276644029115377,231,57,57
V,Financial,BiLSTM,regression,12,2,0.35702961070454997,0.4619775100758201,231,57,57
V,Financial,BiLSTM,regression,12,3,0.34120086680501055,0.4639900734550075,231,57,57
V,Financial,BiLSTM,regression,12,4,0.3391447184018758,0.4703014932180706,231,57,57
V,Financial,BiLSTM,regression,12,5,0.3411288921967213,0.4907913500802559,231,57,57
V,Financial,BiLSTM,regression,12,6,0.33134713181943604,0.5275100647357472,231,57,57
V,Financial,BiLSTM,regression,12,7,0.30650848901762073,0.5994516109165392,231,57,57
V,Financial,BiLSTM,regression,12,8,0.3265176225792278,0.6111281001776979,231,57,57
V,Financial,BiLSTM,regression,12,9,0.3023352525579981,0.673740291804598,231,57,57
V,Financial,BiLSTM,regression,12,10,0.31535518846728583,0.7647402516582555,231,57,57
V,Financial,BiLSTM,regression,12,11,0.31558826404474516,0.7770949309332329,231,57,57
V,Financial,BiLSTM,regression,12,12,0.31615920713195556,0.7714136797085143,231,57,57
V,Financial,BiLSTM,regression,12,13,0.30934092202485897,0.7835029865566053,231,57,57
V,Financial,BiLSTM,regression,12,14,0.2985719419467501,0.7792242974565741,231,57,57
V,Financial,BiLSTM,regression,12,15,0.295052788474343,0.7609098616399264,231,57,57
V,Financial,BiLSTM,regression,12,16,0.29576727406029063,0.7652409693651032,231,57,57
V,Financial,BiLSTM,regression,12,17,0.2804037533474691,0.7629280832775852,231,57,57
VZ,Technology,BiLSTM,regression,12,1,0.40948350273488415,0.4560162568914479,233,58,58
VZ,Technology,BiLSTM,regression,12,2,0.34831467999920823,0.4570288164862271,233,58,58
VZ,Technology,BiLSTM,regression,12,3,0.3673190826893876,0.4578159985871151,233,58,58
VZ,Technology,BiLSTM,regression,12,4,0.34152566299418013,0.45741662074779643,233,58,58
VZ,Technology,BiLSTM,regression,12,5,0.3308324472331182,0.4627049894168459,233,58,58
VZ,Technology,BiLSTM,regression,12,6,0.3364975112190574,0.4841999185496363,233,58,58
VZ,Technology,BiLSTM,regression,12,7,0.3398478482030492,0.506644684692909,233,58,58
VZ,Technology,BiLSTM,regression,12,8,0.33273493332284715,0.5525721414335842,233,58,58
VZ,Technology,BiLSTM,regression,12,9,0.33405606915510777,0.7352929279722017,233,58,58
VZ,Technology,BiLSTM,regression,12,10,0.3215747130595052,0.8606687290915127,233,58,58
VZ,Technology,BiLSTM,regression,12,11,0.33687006160936644,0.8137592447215113,233,58,58
VZ,Technology,BiLSTM,regression,12,12,0.30825042206586173,0.8372341887704258,233,58,58
VZ,Technology,BiLSTM,regression,12,13,0.2891766555575342,0.9305200042395756,233,58,58
VZ,Technology,BiLSTM,regression,12,14,0.28463410672455897,0.9549997716114439,233,58,58
VZ,Technology,BiLSTM,regression,12,15,0.30794050717174754,0.8871403973678063,233,58,58
VZ,Technology,BiLSTM,regression,12,16,0.29582295147901955,0.9276452681113934,233,58,58
WFC,Financial,BiLSTM,regression,12,1,0.4147304795883797,0.696683855490251,222,55,55
WFC,Financial,BiLSTM,regression,12,2,0.40368985404839386,0.6978429165753451,222,55,55
WFC,Financial,BiLSTM,regression,12,3,0.3902402235580994,0.7006078221581199,222,55,55
WFC,Financial,BiLSTM,regression,12,4,0.38595347415219555,0.7130192236466841,222,55,55
WFC,Financial,BiLSTM,regression,12,5,0.3795169838913926,0.747300776568326,222,55,55
WFC,Financial,BiLSTM,regression,12,6,0.3665907901149612,0.8187275127931075,222,55,55
WFC,Financial,BiLSTM,regression,12,7,0.3720158150604179,0.9208991159092296,222,55,55
WFC,Financial,BiLSTM,regression,12,8,0.37635514811352566,1.0135786620053377,222,55,55
WFC,Financial,BiLSTM,regression,12,9,0.36852763472376643,1.2023258967833086,222,55,55
WFC,Financial,BiLSTM,regression,12,10,0.3558952628492235,1.4465364066037265,222,55,55
WFC,Financial,BiLSTM,regression,12,11,0.3698760585204975,1.5956326094540683,222,55,55
WFC,Financial,BiLSTM,regression,12,12,0.352985044051935,1.6578620953993364,222,55,55
WFC,Financial,BiLSTM,regression,12,13,0.3474074637030696,1.663661538470875,222,55,55
WFC,Financial,BiLSTM,regression,12,14,0.34102757127435357,1.6371243780309503,222,55,55
WFC,Financial,BiLSTM,regression,12,15,0.35968122825966226,1.724324386770075,222,55,55
WFC,Financial,BiLSTM,regression,12,16,0.34944045865857926,1.8699133006009188,222,55,55
WMT,Services,BiLSTM,regression,12,1,0.3874793042396677,0.5227731633604619,232,57,57
WMT,Services,BiLSTM,regression,12,2,0.3783250543577918,0.5254996241184703,232,57,57
WMT,Services,BiLSTM,regression,12,3,0.36328713955550357,0.5290495680089582,232,57,57
WMT,Services,BiLSTM,regression,12,4,0.3567221688813177,0.5368427226417943,232,57,57
WMT,Services,BiLSTM,regression,12,5,0.34098326954348335,0.5505838645131964,232,57,57
WMT,Services,BiLSTM,regression,12,6,0.3448543116964143,0.5879337996767279,232,57,57
WMT,Services,BiLSTM,regression,12,7,0.32695697504898596,0.64434215897008,232,57,57
WMT,Services,BiLSTM,regression,12,8,0.31744268639334317,0.7149265879078915,232,57,57
WMT,Services,BiLSTM,regression,12,9,0.3172674173938817,0.7677210904004281,232,57,57
WMT,Services,BiLSTM,regression,12,10,0.3009707264859101,0.797152180420725,232,57,57
WMT,Services,BiLSTM,regression,12,11,0.303702346209822,0.8333855909213685,232,57,57
WMT,Services,BiLSTM,regression,12,12,0.29962439064321844,0.8916499593801666,232,57,57
WMT,Services,BiLSTM,regression,12,13,0.3114917427301407,0.9201805926205819,232,57,57
WMT,Services,BiLSTM,regression,12,14,0.3132198365597889,0.9241426492992201,232,57,57
WMT,Services,BiLSTM,regression,12,15,0.31521782998380987,0.8856871253565738,232,57,57
WMT,Services,BiLSTM,regression,12,16,0.3029975752378332,0.8403608004252116,232,57,57
XOM,Basic Matierials,BiLSTM,regression,12,1,0.45471376086038257,0.6645876438386978,252,62,62
XOM,Basic Matierials,BiLSTM,regression,12,2,0.3923140111423674,0.6623226865645377,252,62,62
XOM,Basic Matierials,BiLSTM,regression,12,3,0.3832260852768308,0.666442621138788,252,62,62
XOM,Basic Matierials,BiLSTM,regression,12,4,0.3771323916457948,0.6728783692083051,252,62,62
XOM,Basic Matierials,BiLSTM,regression,12,5,0.3666398884758117,0.6802043645612655,252,62,62
XOM,Basic Matierials,BiLSTM,regression,12,6,0.3627126883892786,0.6975582838058472,252,62,62
XOM,Basic Matierials,BiLSTM,regression,12,7,0.36441254521173144,0.7132799433123681,252,62,62
XOM,Basic Matierials,BiLSTM,regression,12,8,0.3538556747020237,0.7053811050230457,252,62,62
XOM,Basic Matierials,BiLSTM,regression,12,9,0.3430891221477872,0.7637562559496972,252,62,62
XOM,Basic Matierials,BiLSTM,regression,12,10,0.3479471996663109,0.8929485544081657,252,62,62
XOM,Basic Matierials,BiLSTM,regression,12,11,0.34040269208332846,1.0045323256523377,252,62,62
XOM,Basic Matierials,BiLSTM,regression,12,12,0.3402261861733028,1.0239361293854252,252,62,62
XOM,Basic Matierials,BiLSTM,regression,12,13,0.3216097624528976,0.9927810622799781,252,62,62
XOM,Basic Matierials,BiLSTM,regression,12,14,0.32347249653604293,1.022293790694206,252,62,62
XOM,Basic Matierials,BiLSTM,regression,12,15,0.3306166714146024,1.0567731780390586,252,62,62
XOM,Basic Matierials,BiLSTM,regression,12,16,0.32191392968571375,1.0230251858311314,252,62,62
XOM,Basic Matierials,BiLSTM,regression,12,17,0.32529538964468335,1.0680566026318459,252,62,62
