company,sector,model_type,problem_type,horizon_steps,mse,mae,r2,mcc,f1,precision,recall,directional_accuracy,val_directional_accuracy,val_mcc,val_f1,val_precision,val_recall,n_samples,train_samples,val_samples,test_samples,epochs_trained,best_threshold,best_threshold_metric
AAPL,Consumer Goods,LSTM,classification,1,,,,0.0,0.6086956521739131,0.4375,1.0,0.4375,0.5952380952380952,0.32444284226152503,0.711864406779661,0.5526315789473685,1.0,937,398,42,64,17,0.38999999999999996,0.32444284226152503
ABB,Industrial Goods,LSTM,classification,1,,,,0.09535908376272667,0.7157894736842105,0.576271186440678,0.9444444444444444,0.578125,0.5476190476190477,0.3,0.5957446808510638,0.4375,0.9333333333333333,937,398,42,64,16,0.49999999999999994,0.3
ABBV,Healthcare,LSTM,classification,1,,,,0.18149475129798115,0.5263157894736842,0.6521739130434783,0.4411764705882353,0.578125,0.6190476190476191,0.30515145240827973,0.2727272727272727,1.0,0.15789473684210525,856,331,42,64,17,0.7549999999999999,0.30515145240827973
AEP,Utilities,LSTM,classification,1,,,,0.1194070900728051,0.6904761904761905,0.6304347826086957,0.7631578947368421,0.59375,0.6428571428571429,0.3124666267458028,0.7457627118644068,0.6111111111111112,0.9565217391304348,937,398,42,64,17,0.39499999999999996,0.3124666267458028
AMGN,Healthcare,LSTM,classification,1,,,,0.047619047619047616,0.22727272727272727,0.625,0.1388888888888889,0.46875,0.7142857142857143,0.3721042037676254,0.5714285714285714,0.6666666666666666,0.5,937,398,42,64,16,0.6699999999999999,0.3721042037676254
AMZN,Services,LSTM,classification,1,,,,0.03138824102871723,0.5373134328358209,0.5625,0.5142857142857142,0.515625,0.5714285714285714,0.309344112444873,0.6896551724137931,0.5263157894736842,1.0,937,398,42,64,20,0.30499999999999994,0.309344112444873
BA,Industrial Goods,LSTM,classification,1,,,,0.0,0.0,0.0,0.0,0.453125,0.6904761904761905,0.37284851924962253,0.6486486486486487,0.6666666666666666,0.631578947368421,937,398,42,64,16,0.565,0.37284851924962253
BAC,Financial,LSTM,classification,1,,,,0.0,0.0,0.0,0.0,0.578125,0.5952380952380952,0.18033392693348646,0.10526315789473684,1.0,0.05555555555555555,937,398,42,64,16,0.69,0.18033392693348646
BBL,Basic Matierials,LSTM,classification,1,,,,0.05707352953442433,0.4642857142857143,0.41935483870967744,0.52,0.53125,0.7142857142857143,0.47193990372426947,0.6666666666666666,0.8571428571428571,0.5454545454545454,937,398,42,64,21,0.5149999999999999,0.47193990372426947
BCH,Financial,LSTM,classification,1,,,,-0.12486978502228163,0.5,0.3877551020408163,0.7037037037037037,0.40625,0.6428571428571429,0.4408779893967569,0.5161290322580645,1.0,0.34782608695652173,937,398,42,64,23,0.7449999999999999,0.4408779893967569
BHP,Basic Matierials,LSTM,classification,1,,,,0.16265001215808886,0.5,0.5416666666666666,0.4642857142857143,0.59375,0.6190476190476191,0.36760731104690386,0.38461538461538464,1.0,0.23809523809523808,937,398,42,64,20,0.7699999999999999,0.36760731104690386
BP,Basic Matierials,LSTM,classification,1,,,,0.0,0.0,0.0,0.0,0.59375,0.5714285714285714,0.1194070900728051,0.18181818181818182,0.6666666666666666,0.10526315789473684,937,398,42,64,16,0.605,0.1194070900728051
BRK-A,Financial,LSTM,classification,1,,,,0.0,0.6086956521739131,0.4375,1.0,0.4375,0.5714285714285714,0.309344112444873,0.6896551724137931,0.5263157894736842,1.0,937,398,42,64,16,0.39499999999999996,0.309344112444873
BSAC,Financial,LSTM,classification,1,,,,-0.25673599474580255,0.0,0.0,0.0,0.484375,0.6666666666666666,0.2850438562747845,0.2222222222222222,1.0,0.125,937,398,42,64,16,0.6,0.2850438562747845
BUD,Consumer Goods,LSTM,classification,1,,,,-0.03419927840283847,0.35294117647058826,0.47368421052631576,0.28125,0.484375,0.7142857142857143,0.3672680455848185,0.5384615384615384,0.7,0.4375,937,398,42,64,16,0.595,0.3672680455848185
C,Financial,LSTM,classification,1,,,,0.0,0.5777777777777777,0.40625,1.0,0.40625,0.5714285714285714,0.1589409883014377,0.6086956521739131,0.5384615384615384,0.7,937,398,42,64,16,0.33499999999999996,0.1589409883014377
CAT,Industrial Goods,LSTM,classification,1,,,,0.0,0.0,0.0,0.0,0.5,0.6190476190476191,0.3402785236893603,0.3333333333333333,1.0,0.2,937,398,42,64,16,0.615,0.3402785236893603
CELG,Healthcare,LSTM,classification,1,,,,0.05415303610738823,0.3673469387755102,0.5625,0.2727272727272727,0.515625,0.6666666666666666,0.3363363969981562,0.3,1.0,0.17647058823529413,937,398,42,64,16,0.625,0.3363363969981562
CHL,Technology,LSTM,classification,1,,,,0.0,0.0,0.0,0.0,0.515625,0.5952380952380952,0.24602096615832092,0.19047619047619047,1.0,0.10526315789473684,937,398,42,64,17,0.585,0.24602096615832092
CHTR,Services,LSTM,classification,1,,,,0.0,0.6666666666666666,0.5,1.0,0.5,0.6904761904761905,0.44467586567566636,0.7111111111111111,0.5925925925925926,0.8888888888888888,937,398,42,64,16,0.41999999999999993,0.44467586567566636
CMCSA,Services,LSTM,classification,1,,,,0.08652532008633532,0.5833333333333334,0.5,0.7,0.53125,0.6428571428571429,0.3382550457458692,0.6808510638297872,0.5714285714285714,0.8421052631578947,937,398,42,64,17,0.27499999999999997,0.3382550457458692
CODI,Conglomerates,LSTM,classification,1,,,,0.15398377070989047,0.18181818181818182,0.75,0.10344827586206896,0.578125,0.5952380952380952,0.24602096615832092,0.19047619047619047,1.0,0.10526315789473684,937,398,42,64,16,0.4749999999999999,0.24602096615832092
CSCO,Technology,LSTM,classification,1,,,,0.20707884164064555,0.37209302325581395,0.7272727272727273,0.25,0.578125,0.6428571428571429,0.46729250248469845,0.6808510638297872,0.5161290322580645,1.0,937,398,42,64,22,0.27999999999999997,0.46729250248469845
CVX,Basic Matierials,LSTM,classification,1,,,,0.3076976944152481,0.3684210526315789,0.875,0.23333333333333334,0.625,0.5952380952380952,0.32444284226152503,0.32,1.0,0.19047619047619047,937,398,42,64,16,0.6449999999999999,0.32444284226152503
D,Utilities,LSTM,classification,1,,,,0.1796053020267749,0.6808510638297872,0.5161290322580645,1.0,0.53125,0.6428571428571429,0.35696473595396144,0.7540983606557377,0.6052631578947368,1.0,937,398,42,64,16,0.41999999999999993,0.35696473595396144
DHR,Industrial Goods,LSTM,classification,1,,,,0.0,0.0,0.0,0.0,0.484375,0.6190476190476191,0.3402785236893603,0.3333333333333333,1.0,0.2,937,398,42,64,18,0.6699999999999999,0.3402785236893603
DIS,Services,LSTM,classification,1,,,,-0.08304547985373996,0.4444444444444444,0.5,0.4,0.453125,0.5714285714285714,0.1685499656158105,0.625,0.5357142857142857,0.75,937,398,42,64,16,0.585,0.1685499656158105
DUK,Utilities,LSTM,classification,1,,,,0.038395331411533284,0.6419753086419753,0.5909090909090909,0.7027027027027027,0.546875,0.7142857142857143,0.45226701686664544,0.7692307692307693,0.6666666666666666,0.9090909090909091,937,398,42,64,18,0.48999999999999994,0.45226701686664544
EXC,Utilities,LSTM,classification,1,,,,0.0,0.6666666666666666,0.5,1.0,0.5,0.5714285714285714,0.309344112444873,0.6896551724137931,0.5263157894736842,1.0,937,398,42,64,17,0.295,0.309344112444873
FB,Technology,LSTM,classification,1,,,,0.0,0.0,0.0,0.0,0.453125,0.47619047619047616,0.22870874995874624,0.21428571428571427,1.0,0.12,937,398,42,64,16,0.5299999999999999,0.22870874995874624
GD,Industrial Goods,LSTM,classification,1,,,,-0.050964719143762556,0.3333333333333333,0.4,0.2857142857142857,0.5,0.5476190476190477,0.10577717706958902,0.17391304347826086,0.6666666666666666,0.1,937,398,42,64,17,0.565,0.10577717706958902
GE,Industrial Goods,LSTM,classification,1,,,,0.24824529863100117,0.40816326530612246,0.8333333333333334,0.2702702702702703,0.546875,0.5952380952380952,0.32444284226152503,0.711864406779661,0.5526315789473685,1.0,937,398,42,64,16,0.4749999999999999,0.32444284226152503
GOOG,Technology,LSTM,classification,1,,,,0.08512187667886854,0.3404255319148936,0.6153846153846154,0.23529411764705882,0.515625,0.6666666666666666,0.32089691238041856,0.5882352941176471,0.6666666666666666,0.5263157894736842,937,398,42,64,17,0.4049999999999999,0.32089691238041856
HD,Services,LSTM,classification,1,,,,0.03975947419755525,0.1,0.6666666666666666,0.05405405405405406,0.4375,0.6904761904761905,0.35955060470141537,0.7636363636363637,0.6774193548387096,0.875,937,398,42,64,18,0.48499999999999993,0.35955060470141537
HON,Industrial Goods,LSTM,classification,1,,,,0.0,0.15789473684210525,0.5,0.09375,0.5,0.6904761904761905,0.3720805503204561,0.6060606060606061,0.7142857142857143,0.5263157894736842,937,398,42,64,17,0.5399999999999999,0.3720805503204561
HRG,Conglomerates,LSTM,classification,1,,,,0.23939078372719946,0.5,0.7222222222222222,0.38235294117647056,0.59375,0.6428571428571429,0.28867513459481287,0.6153846153846154,0.5714285714285714,0.6666666666666666,937,398,42,64,16,0.5599999999999999,0.28867513459481287
HSBC,Financial,LSTM,classification,1,,,,0.11318329168362205,0.6818181818181818,0.5555555555555556,0.8823529411764706,0.5625,0.6190476190476191,0.3109336562067405,0.6363636363636364,0.5185185185185185,0.8235294117647058,937,398,42,64,16,0.5449999999999999,0.3109336562067405
IEP,Conglomerates,LSTM,classification,1,,,,-0.1455213750217998,0.6,0.45,0.9,0.4375,0.6428571428571429,0.38005847503304596,0.6511627906976745,0.5185185185185185,0.875,937,398,42,64,20,0.37499999999999994,0.38005847503304596
INTC,Technology,LSTM,classification,1,,,,0.0,0.0,0.0,0.0,0.5,0.5952380952380952,0.21081851067789195,0.48484848484848486,0.6666666666666666,0.38095238095238093,937,398,42,64,16,0.5549999999999999,0.21081851067789195
JNJ,Healthcare,LSTM,classification,1,,,,0.07622548215427608,0.3673469387755102,0.6,0.2647058823529412,0.515625,0.6666666666666666,0.3440511766019877,0.65,0.5909090909090909,0.7222222222222222,937,398,42,64,16,0.565,0.3440511766019877
JPM,Financial,LSTM,classification,1,,,,0.04914902867031605,0.6444444444444445,0.4915254237288136,0.9354838709677419,0.5,0.47619047619047616,0.11707322644771176,0.6071428571428571,0.4473684210526316,0.9444444444444444,937,398,42,64,16,0.44499999999999995,0.11707322644771176
KO,Consumer Goods,LSTM,classification,1,,,,0.13855164404183676,0.3333333333333333,0.6363636363636364,0.22580645161290322,0.5625,0.5714285714285714,0.33411580702345967,0.6785714285714286,0.5135135135135135,1.0,937,398,42,64,16,0.5349999999999999,0.33411580702345967
LMT,Industrial Goods,LSTM,classification,1,,,,0.0,0.6804123711340206,0.515625,1.0,0.515625,0.6428571428571429,0.36305341248963097,0.6938775510204082,0.5666666666666667,0.8947368421052632,937,398,42,64,16,0.33499999999999996,0.36305341248963097
MA,Financial,LSTM,classification,1,,,,0.12173183529737108,0.631578947368421,0.5581395348837209,0.7272727272727273,0.5625,0.6190476190476191,0.36760731104690386,0.7241379310344828,0.5675675675675675,1.0,937,398,42,64,16,0.44499999999999995,0.36760731104690386
MCD,Services,LSTM,classification,1,,,,0.0,0.0,0.0,0.0,0.4375,0.5238095238095238,0.2520816345981441,0.6551724137931034,0.48717948717948717,1.0,937,398,42,64,16,0.4549999999999999,0.2520816345981441
MDT,Healthcare,LSTM,classification,1,,,,0.0,0.0,0.0,0.0,0.5,0.5952380952380952,0.17951965741648493,0.5405405405405406,0.5263157894736842,0.5555555555555556,937,398,42,64,16,0.5349999999999999,0.17951965741648493
MMM,Industrial Goods,LSTM,classification,1,,,,0.0,0.0,0.0,0.0,0.453125,0.5476190476190477,0.09122060212774506,0.5128205128205128,0.5,0.5263157894736842,937,398,42,64,16,0.6649999999999999,0.09122060212774506
MO,Consumer Goods,LSTM,classification,1,,,,0.05908580644613889,0.3404255319148936,0.5714285714285714,0.24242424242424243,0.515625,0.5714285714285714,0.15450786078738143,0.47058823529411764,0.6153846153846154,0.38095238095238093,937,398,42,64,16,0.4799999999999999,0.15450786078738143
MRK,Healthcare,LSTM,classification,1,,,,0.0,0.6804123711340206,0.515625,1.0,0.515625,0.5714285714285714,0.33411580702345967,0.6785714285714286,0.5135135135135135,1.0,937,398,42,64,16,0.43499999999999994,0.33411580702345967
MSFT,Technology,LSTM,classification,1,,,,0.0,0.0,0.0,0.0,0.4375,0.5238095238095238,0.2520816345981441,0.23076923076923078,1.0,0.13043478260869565,937,398,42,64,17,0.49499999999999994,0.2520816345981441
NEE,Utilities,LSTM,classification,1,,,,0.0,0.7450980392156863,0.59375,1.0,0.59375,0.5952380952380952,0.24267460190556403,0.6666666666666666,0.5483870967741935,0.85,937,398,42,64,16,0.4599999999999999,0.24267460190556403
NGG,Utilities,LSTM,classification,1,,,,0.0,0.0,0.0,0.0,0.53125,0.47619047619047616,0.015214515486254614,0.3888888888888889,0.5833333333333334,0.2916666666666667,937,398,42,64,16,0.5149999999999999,0.015214515486254614
NVS,Healthcare,LSTM,classification,1,,,,-0.00857966199371452,0.34782608695652173,0.4,0.3076923076923077,0.53125,0.6904761904761905,0.35860956909327935,0.6060606060606061,0.5555555555555556,0.6666666666666666,937,398,42,64,16,0.585,0.35860956909327935
ORCL,Technology,LSTM,classification,1,,,,-0.1807753815155468,0.5128205128205128,0.4166666666666667,0.6666666666666666,0.40625,0.5238095238095238,0.09245003270420485,0.6666666666666666,0.5128205128205128,0.9523809523809523,937,398,42,64,16,0.4749999999999999,0.09245003270420485
PCG,Utilities,LSTM,classification,1,,,,-0.018049705127885604,0.4406779661016949,0.52,0.38235294117647056,0.484375,0.8333333333333334,0.6478373329901501,0.8771929824561403,0.8064516129032258,0.9615384615384616,937,398,42,64,23,0.4649999999999999,0.6478373329901501
PCLN,Services,LSTM,classification,1,,,,-0.018122009407318746,0.6265060240963856,0.5416666666666666,0.7428571428571429,0.515625,0.7142857142857143,0.4635235823621443,0.6470588235294118,0.8461538461538461,0.5238095238095238,937,398,42,64,16,0.42499999999999993,0.4635235823621443
PEP,Consumer Goods,LSTM,classification,1,,,,0.16870980440527691,0.6521739130434783,0.4838709677419355,1.0,0.5,0.6666666666666666,0.4472135954999579,0.75,0.6,1.0,937,398,42,64,16,0.44499999999999995,0.4472135954999579
PFE,Healthcare,LSTM,classification,1,,,,0.09513170724773494,0.125,0.6666666666666666,0.06896551724137931,0.5625,0.6904761904761905,0.3720805503204561,0.6060606060606061,0.7142857142857143,0.5263157894736842,937,398,42,64,16,0.605,0.3720805503204561
PG,Consumer Goods,LSTM,classification,1,,,,-0.1111111111111111,0.7070707070707071,0.5555555555555556,0.9722222222222222,0.546875,0.6428571428571429,0.28212334693835694,0.5945945945945946,0.55,0.6470588235294118,937,398,42,64,27,0.5599999999999999,0.28212334693835694
PICO,Conglomerates,LSTM,classification,1,,,,0.06950480468569159,0.6153846153846154,0.5217391304347826,0.75,0.53125,0.5238095238095238,0.2809757434745082,0.6428571428571429,0.47368421052631576,1.0,937,398,42,64,23,0.3449999999999999,0.2809757434745082
PM,Consumer Goods,LSTM,classification,1,,,,0.1567788077186591,0.20512820512820512,0.8,0.11764705882352941,0.515625,0.6666666666666666,0.3194444444444444,0.6111111111111112,0.6111111111111112,0.6111111111111112,937,398,42,64,16,0.6549999999999999,0.3194444444444444
PPL,Utilities,LSTM,classification,1,,,,0.0,0.0,0.0,0.0,0.5,0.5,0.23500799597021088,0.4,0.875,0.25925925925925924,937,398,42,64,16,0.625,0.23500799597021088
PTR,Basic Matierials,LSTM,classification,1,,,,-0.2727487158685831,0.5517241379310345,0.42105263157894735,0.8,0.390625,0.6904761904761905,0.35645311547160274,0.43478260869565216,0.8333333333333334,0.29411764705882354,917,398,42,64,20,0.5249999999999999,0.35645311547160274
RDS-B,Basic Matierials,LSTM,classification,1,,,,0.08655029717602476,0.3333333333333333,0.5384615384615384,0.2413793103448276,0.5625,0.6428571428571429,0.26605321596532183,0.5714285714285714,0.5555555555555556,0.5882352941176471,937,398,42,64,16,0.715,0.26605321596532183
REX,Conglomerates,LSTM,classification,1,,,,0.054366028221956235,0.6506024096385542,0.5625,0.7714285714285715,0.546875,0.6904761904761905,0.3535533905932738,0.3157894736842105,1.0,0.1875,917,398,42,64,25,0.42999999999999994,0.3535533905932738
SLB,Basic Matierials,LSTM,classification,1,,,,0.0,0.0,0.0,0.0,0.546875,0.6666666666666666,0.17916128329552333,0.2222222222222222,0.6666666666666666,0.13333333333333333,937,398,42,64,16,0.625,0.17916128329552333
SNP,Basic Matierials,LSTM,classification,1,,,,0.011953709238683663,0.4666666666666667,0.5384615384615384,0.4117647058823529,0.5,0.6190476190476191,0.36760731104690386,0.38461538461538464,1.0,0.23809523809523808,917,398,42,64,17,0.7,0.36760731104690386
SNY,Healthcare,LSTM,classification,1,,,,0.0,0.5934065934065934,0.421875,1.0,0.421875,0.6666666666666666,0.4015838239338422,0.7083333333333334,0.5862068965517241,0.8947368421052632,937,398,42,64,16,0.43999999999999995,0.4015838239338422
SO,Utilities,LSTM,classification,1,,,,0.07352146220938077,0.4918032786885246,0.625,0.40540540540540543,0.515625,0.5714285714285714,0.17407765595569785,0.6666666666666666,0.5454545454545454,0.8571428571428571,937,398,42,64,16,0.49499999999999994,0.17407765595569785
SPLP,Conglomerates,LSTM,classification,1,,,,-0.11449168721649522,0.463768115942029,0.38095238095238093,0.5925925925925926,0.421875,0.6904761904761905,0.3720805503204561,0.6060606060606061,0.7142857142857143,0.5263157894736842,937,398,42,64,17,0.4599999999999999,0.3720805503204561
SRE,Utilities,LSTM,classification,1,,,,0.15422731972837422,0.6352941176470588,0.48214285714285715,0.9310344827586207,0.515625,0.6190476190476191,0.36760731104690386,0.7241379310344828,0.5675675675675675,1.0,937,398,42,64,16,0.58,0.36760731104690386
T,Technology,LSTM,classification,1,,,,0.07710592627016746,0.6233766233766234,0.5581395348837209,0.7058823529411765,0.546875,0.5714285714285714,0.323415144619467,0.625,0.46875,0.9375,937,398,42,64,17,0.39499999999999996,0.323415144619467
TM,Consumer Goods,LSTM,classification,1,,,,0.0,0.0,0.0,0.0,0.515625,0.6428571428571429,0.32025630761017426,0.2857142857142857,1.0,0.16666666666666666,937,398,42,64,16,0.62,0.32025630761017426
TOT,Basic Matierials,LSTM,classification,1,,,,-0.05968647468722263,0.5128205128205128,0.37735849056603776,0.8,0.40625,0.5952380952380952,0.3504998186163908,0.7017543859649122,0.5405405405405406,1.0,937,398,42,64,16,0.5499999999999999,0.3504998186163908
TSM,Technology,LSTM,classification,1,,,,0.0,0.058823529411764705,0.5,0.03125,0.5,0.6190476190476191,0.3109336562067405,0.6363636363636364,0.5185185185185185,0.8235294117647058,937,398,42,64,24,0.31499999999999995,0.3109336562067405
UL,Consumer Goods,LSTM,classification,1,,,,0.0,0.6666666666666666,0.5,1.0,0.5,0.5238095238095238,0.19421215222354457,0.6,0.45454545454545453,0.8823529411764706,937,398,42,64,16,0.4499999999999999,0.19421215222354457
UN,Consumer Goods,LSTM,classification,1,,,,0.02936860728761487,0.5373134328358209,0.5294117647058824,0.5454545454545454,0.515625,0.5714285714285714,0.1718284961594735,0.1,1.0,0.05263157894736842,937,398,42,64,16,0.5249999999999999,0.1718284961594735
UNH,Healthcare,LSTM,classification,1,,,,0.16565042996291704,0.6666666666666666,0.5084745762711864,0.967741935483871,0.53125,0.6904761904761905,0.3904245767295093,0.5517241379310345,0.8,0.42105263157894735,937,398,42,64,17,0.5499999999999999,0.3904245767295093
UPS,Services,LSTM,classification,1,,,,0.0,0.0,0.0,0.0,0.5,0.6904761904761905,0.3535533905932738,0.3157894736842105,1.0,0.1875,937,398,42,64,18,0.5099999999999999,0.3535533905932738
UTX,Industrial Goods,LSTM,classification,1,,,,-0.1229526932416184,0.3137254901960784,0.38095238095238093,0.26666666666666666,0.453125,0.5952380952380952,0.18033392693348646,0.10526315789473684,1.0,0.05555555555555555,937,398,42,64,16,0.61,0.18033392693348646
V,Financial,LSTM,classification,1,,,,0.004945946830869485,0.4666666666666667,0.5185185185185185,0.42424242424242425,0.5,0.6666666666666666,0.32899236021053324,0.7407407407407407,0.6451612903225806,0.8695652173913043,937,398,42,64,19,0.4499999999999999,0.32899236021053324
VZ,Technology,LSTM,classification,1,,,,0.05514348094667237,0.6052631578947368,0.5348837209302325,0.696969696969697,0.53125,0.5238095238095238,0.2681496363223023,0.5833333333333334,0.42424242424242425,0.9333333333333333,937,398,42,64,16,0.48999999999999994,0.2681496363223023
WFC,Financial,LSTM,classification,1,,,,0.0,0.6236559139784946,0.453125,1.0,0.453125,0.5952380952380952,0.32444284226152503,0.711864406779661,0.5526315789473685,1.0,937,398,42,64,16,0.38499999999999995,0.32444284226152503
WMT,Services,LSTM,classification,1,,,,0.0325644804512918,0.5753424657534246,0.5121951219512195,0.65625,0.515625,0.5952380952380952,0.17355787973070191,0.5142857142857142,0.5625,0.47368421052631576,937,398,42,64,16,0.615,0.17355787973070191
XOM,Basic Matierials,LSTM,classification,1,,,,-0.1229526932416184,0.3137254901960784,0.38095238095238093,0.26666666666666666,0.453125,0.5714285714285714,0.2773500981126146,0.25,1.0,0.14285714285714285,937,398,42,64,17,0.6749999999999999,0.2773500981126146
