number,value,datetime_start,datetime_complete,duration,params_batch_size,params_coord_rounds,params_dropout,params_early_stopping_min_delta,params_early_stopping_patience,params_feature_set,params_hidden1,params_hidden2,params_huber_delta,params_inter_rnn_drop,params_lambda_balance,params_learning_rate,params_lr_factor,params_lr_patience,params_max_epochs,params_model_type,params_n_classes,params_num_layers,params_ordinal_head,params_sequence_length,params_t_max,params_t_min,params_t_steps,params_tau_max,params_tau_min,params_tau_steps,params_weight_decay,user_attrs_directional_accuracy,user_attrs_macro_f1,user_attrs_mcc,user_attrs_micro_accuracy,state,macro_f1,micro_accuracy,directional_accuracy,mcc,params_horizon_steps
65,0.0956028787045944,2026-03-05 03:27:53.178539,2026-03-05 03:59:40.173668,0 days 00:31:46.995129,32,6,0.0,0.0027505767962602,10,sector_emotion,128,32,0.971441927429346,0.4,0.0453664145329689,0.0009642467390609,0.8,5,50,BiGRU,6,1,coral,5,2.5741533358410043,0.3637575633380756,9,0.8445078179922536,0.1501089169205881,31,0.0003396559064462,0.5249640804597702,0.1173842607045104,0.0956028787045944,0.1724137931034483,COMPLETE,0.1173842607045104,0.1724137931034483,0.5249640804597702,0.0956028787045944,1
22,0.0934762325016543,2026-03-04 09:17:12.117730,2026-03-04 09:30:57.070195,0 days 00:13:44.952465,32,2,0.1,0.0070490596510948,15,sector_emotion,64,32,0.5406001945824682,0.1,0.0158336977955924,0.0054779400424597,0.8,7,50,BiGRU,6,1,corn,20,2.8115999820328423,0.6729689782196786,15,0.7963346962463368,0.2730404003814419,21,7.455510807645993e-06,0.5222701149425287,0.1179060826926258,0.0934762325016543,0.1844468390804597,COMPLETE,0.1179060826926258,0.1844468390804597,0.5222701149425287,0.0934762325016543,1
9,0.0927911903498213,2026-03-03 23:18:09.543606,2026-03-04 00:28:02.580826,0 days 01:09:53.037220,32,6,0.0,0.0050871275511688,10,sector_emotion,128,32,0.9487732505513242,0.3,0.0463836106421188,0.0020685325345203,0.8,5,50,BiGRU,6,1,coral,5,2.585331459675883,0.2556541908619862,21,0.8729856297500959,0.1867040171611679,31,0.0001178116994589,0.5283764367816092,0.1148077990736875,0.0927911903498213,0.1715158045977011,COMPLETE,0.1148077990736875,0.1715158045977011,0.5283764367816092,0.0927911903498213,1
30,0.0920832041193018,2026-03-04 12:58:50.299276,2026-03-04 13:23:30.103908,0 days 00:24:39.804632,32,4,0.3,0.0099814110648021,15,sector_emotion,128,32,0.6917378799766057,0.1,0.0170727223300575,0.0028620689744041,0.8,7,50,BiGRU,6,1,corn,15,2.8876850678760344,0.6162518410023091,15,0.8623257382985532,0.2026437389248357,21,1.6193749840905058e-05,0.5231681034482759,0.1205714642761728,0.0920832041193018,0.1891163793103448,COMPLETE,0.1205714642761728,0.1891163793103448,0.5231681034482759,0.0920832041193018,1
53,0.0919872008175227,2026-03-04 22:51:57.322739,2026-03-04 23:04:57.894185,0 days 00:13:00.571446,64,2,0.6000000000000001,0.0026371601075682,15,sector_unified_emotion,128,32,0.2044528097749351,0.3,0.0096480871132853,0.0033022527561189,0.4,7,20,BiGRU,6,1,coral,15,2.737859772061439,0.9081987456825936,15,0.8414039871395863,0.2349976042134452,21,0.000613937882953,0.5335847701149425,0.1174343042593608,0.0919872008175227,0.1760057471264367,COMPLETE,0.1174343042593608,0.1760057471264367,0.5335847701149425,0.0919872008175227,1
92,0.0912131256550168,2026-03-05 15:55:40.027190,2026-03-05 16:21:18.621256,0 days 00:25:38.594066,32,4,0.1,0.0092932364788012,15,sector_emotion,128,128,0.1717226745011144,0.0,0.0694124644433623,0.0027408050803213,0.8,5,20,GRU,6,1,corn,10,2.7431604620056556,0.7619853598010625,15,0.8067354360183001,0.1799365248437486,21,0.0006503368057496,0.5269396551724138,0.1159128255961365,0.0912131256550168,0.1779813218390804,COMPLETE,0.1159128255961365,0.1779813218390804,0.5269396551724138,0.0912131256550168,1
91,0.0902350949927854,2026-03-05 15:29:35.365449,2026-03-05 15:55:40.026197,0 days 00:26:04.660748,32,4,0.1,0.0096273108899661,15,sector_emotion,128,32,0.5379428610817858,0.0,0.0376531737420348,0.0026172052949698,0.8,5,20,BiGRU,6,1,corn,15,3.180281438570338,0.800575974255793,15,0.8360990844293973,0.122716357792168,21,0.0009783898429055,0.5314295977011494,0.1230946412788519,0.0902350949927854,0.1887571839080459,COMPLETE,0.1230946412788519,0.1887571839080459,0.5314295977011494,0.0902350949927854,1
17,0.0883117405353831,2026-03-04 07:44:30.435170,2026-03-04 08:01:35.206033,0 days 00:17:04.770863,32,2,0.1,0.0078645400102319,10,sector_emotion,64,64,0.4997568084994689,0.1,0.0139608492755876,0.0031780602727852,0.8,7,20,BiGRU,6,1,corn,20,2.6144237914380524,0.372593687455576,21,0.7377979499251662,0.3728209725731501,21,1.2856574170965597e-06,0.5274784482758621,0.1287476336938743,0.0883117405353831,0.2011494252873563,COMPLETE,0.1287476336938743,0.2011494252873563,0.5274784482758621,0.0883117405353831,1
85,0.086873085002326,2026-03-05 13:29:41.121092,2026-03-05 13:44:50.125049,0 days 00:15:09.003957,32,2,0.0,0.0058552508046425,15,sector_emotion,64,32,0.6421118054346626,0.0,0.0051307803245451,0.0029595187079779,0.8,10,50,BiGRU,6,1,corn,15,2.707241630401962,0.5932843705739169,15,0.8611107712382557,0.3108312650380478,21,6.423287500686397e-06,0.5247844827586207,0.1246584875982709,0.086873085002326,0.2016882183908045,COMPLETE,0.1246584875982709,0.2016882183908045,0.5247844827586207,0.086873085002326,1
76,0.0864533592203974,2026-03-05 09:53:37.118656,2026-03-05 10:07:59.838943,0 days 00:14:22.720287,64,2,0.6000000000000001,0.003473604034958,15,sector_unified_emotion,128,32,0.9093873302386348,0.1,0.0115385020504243,0.0044040216066107,0.8,10,30,BiGRU,6,1,coral,15,2.507327659311052,0.6726989372209071,15,0.8166177789343102,0.2764019334121036,21,0.0003977613228536,0.5256824712643678,0.1093565068936533,0.0864533592203974,0.1614583333333333,COMPLETE,0.1093565068936533,0.1614583333333333,0.5256824712643678,0.0864533592203974,1
38,0.0860449114244513,2026-03-04 15:59:52.917981,2026-03-04 16:24:32.874172,0 days 00:24:39.956191,32,4,0.5,0.008224085592151,15,sector_emotion,128,32,0.3918126358974782,0.2,0.026260592360449,0.0031186845203326,0.4,7,20,LSTM,6,1,corn,15,3.068152154664745,0.6772042305552481,15,0.8960970886295369,0.2323107380406878,21,4.965683313901017e-05,0.5256824712643678,0.1197127758326784,0.0860449114244513,0.1873204022988505,COMPLETE,0.1197127758326784,0.1873204022988505,0.5256824712643678,0.0860449114244513,1
97,0.0836036373974233,2026-03-05 18:14:04.493022,2026-03-05 18:27:15.146184,0 days 00:13:10.653162,64,2,0.4,0.0029992113888576,10,sector_emotion,64,32,0.1699355302376045,0.3,0.0087139664755861,0.0042195395255106,0.4,5,20,BiGRU,6,1,coral,10,3.067780386248682,1.0197648379667166,15,0.8405452665020661,0.1525798112768405,21,9.111958769066048e-05,0.5208333333333334,0.107748517994744,0.0836036373974233,0.1709770114942528,COMPLETE,0.107748517994744,0.1709770114942528,0.5208333333333334,0.0836036373974233,1
50,0.0832772482282568,2026-03-04 21:01:39.839254,2026-03-04 21:26:30.291643,0 days 00:24:50.452389,32,4,0.7000000000000001,0.0064686066819214,15,sector_emotion,128,32,0.4038973439553142,0.4,0.0221044088772702,0.0012950475336428,0.4,7,20,BiGRU,6,1,corn,15,3.3855712454496727,0.9654047498013608,15,0.8744597608523035,0.2584346290721916,21,7.527028449475237e-05,0.5206537356321839,0.1157722634724436,0.0832772482282568,0.1887571839080459,COMPLETE,0.1157722634724436,0.1887571839080459,0.5206537356321839,0.0832772482282568,1
67,0.0829591431851431,2026-03-05 04:31:19.252454,2026-03-05 05:12:20.741978,0 days 00:41:01.489524,32,6,0.0,0.0015723277958546,10,sector_emotion,256,32,0.8626257164728631,0.3,0.0524909449364885,0.0020746554053059,0.8,5,50,BiGRU,6,1,corn,10,2.2511784242788777,0.2792131844047269,9,0.8317725362587739,0.1648189925805154,41,7.271976763439121e-05,0.5193965517241379,0.1270506108237342,0.0829591431851431,0.1828304597701149,COMPLETE,0.1270506108237342,0.1828304597701149,0.5193965517241379,0.0829591431851431,1
40,0.0829558066036909,2026-03-04 16:35:29.139557,2026-03-04 16:59:25.860348,0 days 00:23:56.720791,32,4,0.0,0.0030890080669014,15,sector_emotion,128,128,0.9643553112825898,0.4,0.0653631555596533,0.0006583653298125,0.8,5,50,BiGRU,6,2,coral,5,2.7825471138000073,0.3103979421457786,9,0.7489032568483629,0.1685497734032644,31,6.830293354182854e-05,0.5298132183908046,0.1184387843115371,0.0829558066036909,0.1752873563218391,COMPLETE,0.1184387843115371,0.1752873563218391,0.5298132183908046,0.0829558066036909,1
61,0.080682776480832,2026-03-05 01:25:27.926796,2026-03-05 01:39:58.821059,0 days 00:14:30.894263,32,2,0.2,0.0084939500122625,15,sector_emotion,128,32,0.9912721452647788,0.1,0.0067798641988594,0.0031027047466757,0.8,7,50,BiGRU,6,1,corn,5,3.0724901027080773,0.5322118112133346,15,0.889555585182823,0.1923869357379729,21,3.555065679171375e-07,0.5177801724137931,0.1230011355421277,0.080682776480832,0.1853448275862069,COMPLETE,0.1230011355421277,0.1853448275862069,0.5177801724137931,0.080682776480832,1
90,0.0798172009124706,2026-03-05 15:10:25.771251,2026-03-05 15:29:35.364595,0 days 00:19:09.593344,64,2,0.8,0.0006907696675754,15,sector_unified_emotion,128,128,1.0419245249982918,0.1,0.0249956112385504,0.0047411741301437,0.8,10,30,BiGRU,6,1,coral,20,2.39875301185449,0.7431501631036213,21,0.7875459672898737,0.2499227267449821,21,0.0002231720867054,0.5244252873563219,0.1189812426095038,0.0798172009124706,0.1842672413793103,COMPLETE,0.1189812426095038,0.1842672413793103,0.5244252873563219,0.0798172009124706,1
10,0.0792555942637955,2026-03-04 00:28:02.582055,2026-03-04 01:59:31.080660,0 days 01:31:28.498605,32,6,0.0,0.0059914033408031,10,sector_emotion,128,64,0.4956204691257873,0.2,0.0608936304734169,0.0065803967121721,0.8,5,20,BiGRU,6,1,coral,15,2.8858272907708393,0.2489198283693215,21,0.7964074183004031,0.242598898078736,41,1.072992798914727e-06,0.5235272988505747,0.1197914326937759,0.0792555942637955,0.1722341954022988,COMPLETE,0.1197914326937759,0.1722341954022988,0.5235272988505747,0.0792555942637955,1
20,0.0790018714710225,2026-03-04 08:31:03.909727,2026-03-04 09:00:23.937860,0 days 00:29:20.028133,64,2,0.0,0.0079144465055323,10,sector_sentiment,128,32,1.317775231204496,0.3,0.0293507809320158,0.0012127382854341,0.8,7,20,BiGRU,6,1,corn,5,2.491421581712704,0.4006776956268862,21,0.8644005303152558,0.1734989460000558,41,0.0007465576917023,0.5176005747126436,0.1160040881848634,0.0790018714710225,0.1795977011494252,COMPLETE,0.1160040881848634,0.1795977011494252,0.5176005747126436,0.0790018714710225,1
79,0.0776953179086905,2026-03-05 10:43:29.574906,2026-03-05 10:57:53.475566,0 days 00:14:23.900660,64,2,0.7000000000000001,0.005011485843979,15,sector_finbert,128,32,0.5444831737515758,0.2,0.0104378283020017,0.0014040858639566,0.8,10,30,BiGRU,6,1,coral,15,1.9755351943577937,0.8033687422692553,15,0.7544886269119316,0.3144256448704393,21,0.0006898695099898,0.524066091954023,0.1140993805639531,0.0776953179086905,0.1713362068965517,COMPLETE,0.1140993805639531,0.1713362068965517,0.524066091954023,0.0776953179086905,1
78,0.0774630259983184,2026-03-05 10:29:39.420194,2026-03-05 10:43:29.574056,0 days 00:13:50.153862,64,2,0.4,0.0074598842703689,15,sector_unified_emotion,128,32,0.6730403460385008,0.1,0.0323051547428174,0.0052142731054076,0.8,10,30,BiGRU,6,1,corn,15,2.1029248238489684,0.5785048663047762,15,0.8708556414391407,0.2036102492279478,21,0.0001835370990147,0.521551724137931,0.1192154313654636,0.0774630259983184,0.1840876436781609,COMPLETE,0.1192154313654636,0.1840876436781609,0.521551724137931,0.0774630259983184,1
3,0.0768058020982643,2026-03-03 18:27:59.112419,2026-03-03 19:41:10.233317,0 days 01:13:11.120898,16,6,0.4,9.197051616629647e-05,10,sector,64,64,1.252215213353221,0.4,0.0325399698159267,0.0038802797007866,0.8,5,50,BiGRU,6,2,coral,5,2.6587544227701394,0.3014715428660321,21,0.7955883778507802,0.307568559307808,31,0.0003996430167694,0.5224497126436781,0.1195802296325544,0.0768058020982643,0.1751077586206896,COMPLETE,0.1195802296325544,0.1751077586206896,0.5224497126436781,0.0768058020982643,1
64,0.076740507946068,2026-03-05 03:01:57.924189,2026-03-05 03:27:53.177637,0 days 00:25:55.253448,32,4,0.5,0.0077133135892929,15,sector_emotion,128,32,0.9024868583320445,0.2,0.0530779842011326,0.0090302868271483,0.4,7,50,LSTM,6,1,corn,15,2.652991429991138,0.7251524224642547,15,0.8200902884071369,0.2514083000773349,21,0.0003688900402652,0.5237068965517241,0.128152755197293,0.076740507946068,0.1943247126436781,COMPLETE,0.128152755197293,0.1943247126436781,0.5237068965517241,0.076740507946068,1
54,0.0763944234703255,2026-03-04 23:04:57.894921,2026-03-04 23:18:02.443918,0 days 00:13:04.548997,64,2,0.6000000000000001,0.0015404822324974,15,sector_unified_emotion,128,32,0.1533427464598601,0.4,0.0324721543321346,0.0004452791605528,0.4,7,20,BiGRU,6,1,coral,15,3.0739112227309127,0.6922592174699187,15,0.8839431392946695,0.1949035724479909,21,0.0009531550386125,0.5242456896551724,0.1131623841973701,0.0763944234703255,0.1645114942528735,COMPLETE,0.1131623841973701,0.1645114942528735,0.5242456896551724,0.0763944234703255,1
81,0.0760911006045329,2026-03-05 11:12:37.038854,2026-03-05 11:22:55.666706,0 days 00:10:18.627852,64,2,0.4,0.0044032570786206,15,sector_unified_emotion,128,32,0.3093209117416519,0.2,0.0060147363802017,0.0007992219542052,0.4,10,50,BiGRU,6,1,coral,15,2.814981020456901,0.9922533754732852,9,0.7637925996584402,0.2023477135035368,21,0.0002702616179741,0.5226293103448276,0.1099039276307151,0.0760911006045329,0.1758261494252873,COMPLETE,0.1099039276307151,0.1758261494252873,0.5226293103448276,0.0760911006045329,1
44,0.0758223131063776,2026-03-04 18:36:55.804631,2026-03-04 18:55:12.733608,0 days 00:18:16.928977,32,2,0.1,0.0084003591528969,15,sector_finbert,64,64,0.4608114772561132,0.0,0.0064709407951448,0.0025405693251292,0.8,7,20,GRU,6,1,corn,20,3.123379847604418,0.2715548558232335,21,0.7231245212231665,0.3723495705541738,21,2.8418627928135397e-07,0.5208333333333334,0.1165731269453368,0.0758223131063776,0.1880387931034483,COMPLETE,0.1165731269453368,0.1880387931034483,0.5208333333333334,0.0758223131063776,1
73,0.0755165534592962,2026-03-05 08:03:54.651297,2026-03-05 09:14:06.456120,0 days 01:10:11.804823,32,6,0.2,0.0048357867538042,10,sector_emotion,128,32,1.331847589057933,0.4,0.0490800322699769,0.0011942178524218,0.8,10,30,BiGRU,6,1,coral,10,2.6876595095920313,0.4582610330685717,21,0.8846979667050041,0.2595058338236705,31,0.0002632026390596,0.521551724137931,0.1132630238256159,0.0755165534592962,0.1614583333333333,COMPLETE,0.1132630238256159,0.1614583333333333,0.521551724137931,0.0755165534592962,1
82,0.0753598401110458,2026-03-05 11:22:55.667822,2026-03-05 12:35:24.713419,0 days 01:12:29.045597,32,6,0.2,0.0071740553485666,10,sector_emotion,128,32,0.6306016629439668,0.4,0.0465603164499002,0.0001829039111563,0.4,5,50,BiGRU,6,1,coral,5,1.7908667908707177,0.4732149683253756,21,0.8970836262207826,0.1672851847831316,31,6.867311418256221e-05,0.5204741379310345,0.107097820619578,0.0753598401110458,0.1664870689655172,COMPLETE,0.107097820619578,0.1664870689655172,0.5204741379310345,0.0753598401110458,1
37,0.0746567485564668,2026-03-04 15:44:41.193295,2026-03-04 15:59:52.917176,0 days 00:15:11.723881,16,2,0.2,0.0075735360861301,10,sector_all_nlp,64,128,0.7671260516677766,0.2,0.0044534625805147,0.003678755101747,0.8,7,50,BiGRU,6,1,corn,20,2.8722508079206057,0.8430162337778505,15,0.79810406976354,0.2803291095076454,21,6.645930558647872e-07,0.5213721264367817,0.1295355596051491,0.0746567485564668,0.192169540229885,COMPLETE,0.1295355596051491,0.192169540229885,0.5213721264367817,0.0746567485564668,1
77,0.0746022899433383,2026-03-05 10:07:59.839919,2026-03-05 10:29:39.419098,0 days 00:21:39.579179,32,2,0.8,0.0048239721901468,15,sector_unified_emotion,128,32,0.9450096626930132,0.1,0.0222944011444252,0.0037636490801466,0.8,10,30,BiLSTM,6,1,coral,20,3.3571549848000135,0.7163929227621172,15,0.7988471332158712,0.2467787168364006,31,6.902094630971893e-05,0.5193965517241379,0.1041194137705553,0.0746022899433383,0.1646910919540229,COMPLETE,0.1041194137705553,0.1646910919540229,0.5193965517241379,0.0746022899433383,1
93,0.0744691265490418,2026-03-05 16:21:18.622291,2026-03-05 16:47:04.217222,0 days 00:25:45.594931,32,4,0.1,0.0092075288011724,15,sector_emotion,128,128,0.6003140367397304,0.0,0.0496265191050063,0.0020559323233804,0.8,5,20,GRU,6,1,corn,10,3.3098912121752986,0.678839201503477,15,0.7802445311240253,0.1335817047470149,21,0.0001275795388387,0.5184985632183908,0.1226093514203871,0.0744691265490418,0.1866020114942528,COMPLETE,0.1226093514203871,0.1866020114942528,0.5184985632183908,0.0744691265490418,1
25,0.0741132949768859,2026-03-04 10:20:41.801473,2026-03-04 10:36:24.491575,0 days 00:15:42.690102,32,2,0.0,0.0029046812156152,20,sector_emotion,64,32,0.7177144559205756,0.1,0.0151577098253092,0.0052969104540093,0.8,7,30,BiGRU,6,1,coral,20,2.6048794558860817,0.4537278843115628,15,0.8051340013701598,0.20939940973575,21,6.205896398087596e-06,0.5237068965517241,0.1163690154156024,0.0741132949768859,0.1736709770114942,COMPLETE,0.1163690154156024,0.1736709770114942,0.5237068965517241,0.0741132949768859,1
18,0.0734358866780293,2026-03-04 08:01:35.206844,2026-03-04 08:14:40.947744,0 days 00:13:05.740900,32,2,0.2,0.003954353481323,10,sector_emotion,128,64,0.7840339430125361,0.0,0.0068413964535046,0.0017149874280118,0.8,7,20,BiLSTM,6,1,corn,20,2.9066570607717535,0.3084120726079164,15,0.6432578592272721,0.2904076941554512,21,1.101053905820924e-06,0.5172413793103449,0.1240373368954308,0.0734358866780293,0.1973778735632184,COMPLETE,0.1240373368954308,0.1973778735632184,0.5172413793103449,0.0734358866780293,1
86,0.0732657802356064,2026-03-05 13:44:50.125911,2026-03-05 14:00:16.926839,0 days 00:15:26.800928,32,2,0.5,0.009503761136224,15,sector_emotion,128,32,0.2742522314708486,0.2,0.0265041373938948,0.0046599953568571,0.4,7,20,BiLSTM,6,1,corn,15,2.760525114802265,0.2633939417035892,15,0.8916472944267871,0.2002133976435466,21,0.0001460148649336,0.5206537356321839,0.1213766963598911,0.0732657802356064,0.1939655172413793,COMPLETE,0.1213766963598911,0.1939655172413793,0.5206537356321839,0.0732657802356064,1
23,0.0731421232903264,2026-03-04 09:30:57.070914,2026-03-04 09:48:47.036925,0 days 00:17:49.966011,32,2,0.0,0.0066805956362623,15,sector_emotion,64,32,0.9298280931924032,0.2,0.0516779975807127,0.0025232869646273,0.8,7,50,BiGRU,6,1,corn,20,3.41623353012394,0.6508959797102278,21,0.7250703786082285,0.3752635821725674,21,4.272214144932791e-06,0.5204741379310345,0.1184922353005843,0.0731421232903264,0.1876795977011494,COMPLETE,0.1184922353005843,0.1876795977011494,0.5204741379310345,0.0731421232903264,1
69,0.0724034644249501,2026-03-05 05:50:20.111293,2026-03-05 06:23:13.919701,0 days 00:32:53.808408,32,6,0.2,0.0024044042865281,10,sector_emotion,128,32,0.3578504791192308,0.3,0.0586222250900286,0.0043006198809327,0.8,5,50,BiLSTM,6,1,coral,5,2.228121137579209,0.3629296625153479,9,0.87900358195445,0.1085318123585834,31,0.0004004604311202,0.5208333333333334,0.1064260920051873,0.0724034644249501,0.1585847701149425,COMPLETE,0.1064260920051873,0.1585847701149425,0.5208333333333334,0.0724034644249501,1
56,0.0722401519787665,2026-03-04 23:34:01.822206,2026-03-04 23:49:47.873942,0 days 00:15:46.051736,16,2,0.2,0.0063819778561521,10,sector_emotion,64,64,0.3094781391311139,0.2,0.0223529675793914,0.0006630363536451,0.8,7,20,BiGRU,6,1,coral,20,2.710408060549105,0.2978385927373715,15,0.7641236783052896,0.3653952437748692,21,9.379636224600968e-06,0.5174209770114943,0.1106733359193993,0.0722401519787665,0.1700790229885057,COMPLETE,0.1106733359193993,0.1700790229885057,0.5174209770114943,0.0722401519787665,1
19,0.0708801570237475,2026-03-04 08:14:40.948842,2026-03-04 08:31:03.908833,0 days 00:16:22.959991,64,2,0.1,0.0080723103658421,10,sector_emotion,256,128,0.7364481628063555,0.0,0.0039189588064419,0.0023217787525269,0.8,7,20,BiGRU,6,1,corn,10,1.9970534996448528,0.4995464648316595,21,0.699866692554125,0.3235209483533424,21,2.2170250126647767e-06,0.5244252873563219,0.1152700818374957,0.0708801570237475,0.1835488505747126,COMPLETE,0.1152700818374957,0.1835488505747126,0.5244252873563219,0.0708801570237475,1
98,0.0707696987316957,2026-03-05 18:27:15.147010,2026-03-05 18:41:14.740660,0 days 00:13:59.593650,64,2,0.5,0.00139492633271,15,sector_all_nlp,128,32,0.5681069399268842,0.3,0.0109035481042412,0.0051251838426743,0.4,7,20,BiGRU,6,2,corn,15,2.7877953229223245,1.119188392680548,15,0.822816564509005,0.3216110487427507,21,3.942076996278928e-05,0.5208333333333334,0.1236867476468528,0.0707696987316957,0.1930675287356321,COMPLETE,0.1236867476468528,0.1930675287356321,0.5208333333333334,0.0707696987316957,1
80,0.0705904270101529,2026-03-05 10:57:53.476641,2026-03-05 11:12:37.038171,0 days 00:14:43.561530,64,2,0.3,8.088405905876204e-05,15,sector_unified_emotion,128,128,1.013334309806273,0.1,4.192014199613618e-05,0.0023828661730779,0.4,10,30,BiLSTM,6,1,coral,15,2.473206809704377,0.7960805247047027,15,0.7915809180232214,0.3132530520459008,21,0.0001630155649136,0.5238864942528736,0.110187387495529,0.0705904270101529,0.1632543103448276,COMPLETE,0.110187387495529,0.1632543103448276,0.5238864942528736,0.0705904270101529,1
74,0.0701229937881965,2026-03-05 09:14:06.457049,2026-03-05 09:41:03.680390,0 days 00:26:57.223341,32,4,0.7000000000000001,0.0060697217709576,20,sector_sentiment,128,32,0.6800168051354091,0.4,0.0120978999996553,0.0002728514602493,0.4,7,20,BiGRU,6,1,corn,20,2.8736220828144976,1.076827197144327,15,0.8461298254220708,0.2761483882116506,21,7.202680683498994e-05,0.5199353448275862,0.1215459250177478,0.0701229937881965,0.1980962643678161,COMPLETE,0.1215459250177478,0.1980962643678161,0.5199353448275862,0.0701229937881965,1
43,0.0701072879049037,2026-03-04 18:00:54.070435,2026-03-04 18:36:55.803777,0 days 00:36:01.733342,32,6,0.0,0.0040486420358414,10,sector_emotion,128,32,0.8025799796329924,0.4,0.0464239053340449,0.0006410139864983,0.8,7,50,BiGRU,6,2,coral,5,3.288307692878467,0.2672517474831495,15,0.8646431865639717,0.2207873735300622,21,0.0002089043315418,0.5235272988505747,0.1156968303977308,0.0701072879049037,0.1722341954022988,COMPLETE,0.1156968303977308,0.1722341954022988,0.5235272988505747,0.0701072879049037,1
83,0.0700384136918418,2026-03-05 12:35:24.714394,2026-03-05 13:00:28.484872,0 days 00:25:03.770478,32,4,0.6000000000000001,0.0083619764795558,10,sector_emotion,128,32,0.208745128842159,0.3,0.0124856413588157,0.001700228686239,0.4,10,20,LSTM,6,1,corn,15,3.1434962382587277,1.1370822380179029,15,0.8325044344823656,0.192034506266595,21,0.0003201548839449,0.5177801724137931,0.1126456643636314,0.0700384136918418,0.1867816091954023,COMPLETE,0.1126456643636314,0.1867816091954023,0.5177801724137931,0.0700384136918418,1
8,0.0697434281801124,2026-03-03 22:21:38.295192,2026-03-03 23:18:09.542728,0 days 00:56:31.247536,16,6,0.5,0.003267926507092,20,sector_sentiment,64,64,1.4993847158615887,0.2,0.004034060870123,0.0010762465658526,0.8,10,50,LSTM,6,2,coral,5,2.2948611709702234,0.4713757875698379,21,0.689032504327464,0.3295568034937337,21,0.0001655817561107,0.5256824712643678,0.1200491576919813,0.0697434281801124,0.1795977011494252,COMPLETE,0.1200491576919813,0.1795977011494252,0.5256824712643678,0.0697434281801124,1
89,0.0696007073230897,2026-03-05 14:37:21.531452,2026-03-05 15:10:25.770352,0 days 00:33:04.238900,64,6,0.1,0.0055559705860676,15,sector_unified_emotion,128,32,0.692716231391969,0.4,0.0120566350068725,0.0034922027974145,0.8,5,50,BiGRU,6,2,coral,10,2.191782645706105,0.5101705504849707,9,0.7835100671913988,0.1313721296200308,31,0.0009812923445934,0.5201149425287356,0.1224636682571725,0.0696007073230897,0.1752873563218391,COMPLETE,0.1224636682571725,0.1752873563218391,0.5201149425287356,0.0696007073230897,1
59,0.0693017493365732,2026-03-05 00:26:07.274347,2026-03-05 00:49:48.426725,0 days 00:23:41.152378,64,4,0.5,0.008281711693138,10,sector_finbert,128,32,0.4507737271818771,0.1,0.0215141199341684,0.0007493507113529,0.4,7,30,LSTM,6,1,corn,10,3.256639155956638,0.6762610652543968,15,0.8715832747462057,0.2146042808035858,21,0.0001661459441904,0.5195761494252874,0.1064304535477887,0.0693017493365732,0.1799568965517241,COMPLETE,0.1064304535477887,0.1799568965517241,0.5195761494252874,0.0693017493365732,1
52,0.069165199336067,2026-03-04 21:51:38.996013,2026-03-04 22:51:57.322011,0 days 01:00:18.325998,32,4,0.6000000000000001,0.0065679053555606,20,sector_emotion,128,32,0.3692559946626225,0.4,0.0231673526121635,0.000507853320087,0.4,7,20,BiGRU,6,1,coral,15,3.193335395602134,1.093276881218813,21,0.8336092698672326,0.2088660884883015,41,6.008753019229504e-06,0.5181393678160919,0.1076263031855725,0.069165199336067,0.1526580459770115,COMPLETE,0.1076263031855725,0.1526580459770115,0.5181393678160919,0.069165199336067,1
58,0.0687360452310415,2026-03-05 00:08:18.022656,2026-03-05 00:26:07.273556,0 days 00:17:49.250900,32,2,0.0,0.0076778944532954,10,sector_emotion,64,64,0.2535028549870259,0.2,0.0209327303573203,0.0026261434611498,0.4,7,20,BiGRU,6,1,corn,20,2.803910094421214,0.4113929984475847,21,0.7996202107252498,0.3716556803574358,21,4.045002092456366e-07,0.5183189655172413,0.1166200284005193,0.0687360452310415,0.1831896551724137,COMPLETE,0.1166200284005193,0.1831896551724137,0.5183189655172413,0.0687360452310415,1
42,0.0679997448040596,2026-03-04 17:26:03.232720,2026-03-04 18:00:54.069654,0 days 00:34:50.836934,32,6,0.6000000000000001,0.0052269949134079,15,sector_emotion,64,32,0.782357511136708,0.3,0.0045451994353421,0.0009908970787911,0.4,7,20,LSTM,6,1,corn,10,2.819283807029506,0.3202390927799264,15,0.8874891759578778,0.2175994736121249,21,3.754164962268559e-05,0.5199353448275862,0.1335616522096846,0.0679997448040596,0.2054597701149425,COMPLETE,0.1335616522096846,0.2054597701149425,0.5199353448275862,0.0679997448040596,1
29,0.0679544977912425,2026-03-04 12:44:43.283761,2026-03-04 12:58:50.298522,0 days 00:14:07.014761,32,2,0.1,0.0084207031439188,15,sector,64,128,0.2992728068188861,0.0,0.0326818557354805,0.0024376747082484,0.8,5,50,LSTM,6,1,corn,15,3.1991902651685535,0.612412245717741,15,0.8224004776041202,0.2949977374434813,21,8.95846404655425e-06,0.5172413793103449,0.1159520389691323,0.0679544977912425,0.1916307471264367,COMPLETE,0.1159520389691323,0.1916307471264367,0.5172413793103449,0.0679544977912425,1
46,0.067458931635215,2026-03-04 19:10:43.336132,2026-03-04 19:44:35.010686,0 days 00:33:51.674554,32,4,0.5,0.0078137230874526,10,sector_emotion,128,32,0.1211276038590953,0.2,0.0886280882663238,0.0012271780397499,0.4,7,20,BiLSTM,6,1,corn,15,2.28584694705119,0.5413280355291178,15,0.8912506124772017,0.18666685079306,31,0.0001536089677587,0.5154454022988506,0.1184065289644516,0.067458931635215,0.183728448275862,COMPLETE,0.1184065289644516,0.183728448275862,0.5154454022988506,0.067458931635215,1
16,0.0671967339708143,2026-03-04 06:54:50.668462,2026-03-04 07:44:30.434312,0 days 00:49:39.765850,16,6,0.3,0.0057571877875171,10,sector_finbert,128,32,1.2052986025614203,0.4,0.0034589303997462,0.001349009773289,0.4,5,50,BiLSTM,6,1,coral,10,2.295605052129019,0.4327080158406415,21,0.8902223458609997,0.1400826610012789,21,0.0001283537257051,0.5131106321839081,0.11714112154425,0.0671967339708143,0.1752873563218391,COMPLETE,0.11714112154425,0.1752873563218391,0.5131106321839081,0.0671967339708143,1
28,0.0670717059393954,2026-03-04 12:13:57.987233,2026-03-04 12:44:43.282964,0 days 00:30:45.295731,16,2,0.0,0.0066948605358705,20,sector_emotion,64,64,0.8099121548389494,0.1,0.0390550986806922,0.000330805828996,0.4,7,20,BiGRU,6,2,corn,20,2.83995997810151,0.3682635856724942,21,0.8005542834711621,0.3216842304641322,31,5.557989479276002e-07,0.5220905172413793,0.1259751588707345,0.0670717059393954,0.1900143678160919,COMPLETE,0.1259751588707345,0.1900143678160919,0.5220905172413793,0.0670717059393954,1
66,0.0668158717262971,2026-03-05 03:59:40.174538,2026-03-05 04:31:19.251645,0 days 00:31:39.077107,32,6,0.0,0.0036608363447381,10,sector_emotion,128,32,1.1154934091851634,0.3,0.0424383729974188,0.0024463416228821,0.8,5,50,BiGRU,6,1,coral,5,3.0804003652408616,0.2314272059906377,9,0.7085915387958511,0.2538551021601823,31,0.0003059593873736,0.5195761494252874,0.1163303889255721,0.0668158717262971,0.1639727011494252,COMPLETE,0.1163303889255721,0.1639727011494252,0.5195761494252874,0.0668158717262971,1
26,0.0666654410988789,2026-03-04 10:36:24.492337,2026-03-04 11:24:12.711922,0 days 00:47:48.219585,32,6,0.0,0.0077180803196425,10,sector_emotion,128,64,1.228462083275421,0.4,0.0310727713211562,0.0004402074316643,0.8,5,30,GRU,6,2,coral,5,3.0143846528905773,0.2795736275888007,21,0.8800754889158212,0.1033344111804293,21,0.0004094170614825,0.5290948275862069,0.1180296563777641,0.0666654410988789,0.1788793103448276,COMPLETE,0.1180296563777641,0.1788793103448276,0.5290948275862069,0.0666654410988789,1
13,0.0662637777693585,2026-03-04 03:44:33.772528,2026-03-04 04:26:07.291174,0 days 00:41:33.518646,32,6,0.0,0.0054122848413441,10,sector_emotion,128,32,0.1955490606872738,0.1,0.0938550924538676,0.0075321678999121,0.8,7,20,LSTM,6,1,coral,20,3.1920098609428353,0.6555189147248242,9,0.8481754801202291,0.2005898488085622,41,3.3884150106481946e-06,0.5193965517241379,0.1121008520374665,0.0662637777693585,0.1610991379310344,COMPLETE,0.1121008520374665,0.1610991379310344,0.5193965517241379,0.0662637777693585,1
45,0.0659309803110916,2026-03-04 18:55:12.734443,2026-03-04 19:10:43.334999,0 days 00:15:30.600556,32,4,0.3,0.0090715505764727,10,sector_emotion,64,128,0.6415321025500406,0.2,0.0168684680635089,0.0023405082742488,0.8,7,20,LSTM,6,1,corn,20,2.114219055230739,0.2536344854245283,9,0.7424782171080677,0.2654781630189676,21,3.2274432666407455e-06,0.5222701149425287,0.1229922688059772,0.0659309803110916,0.1991738505747126,COMPLETE,0.1229922688059772,0.1991738505747126,0.5222701149425287,0.0659309803110916,1
55,0.0657854175467218,2026-03-04 23:18:02.444667,2026-03-04 23:34:01.821481,0 days 00:15:59.376814,32,4,0.5,0.0083777429902341,15,sector,128,32,0.5712492811149019,0.2,0.0494496919773282,0.0031135338543249,0.4,10,20,LSTM,6,1,corn,15,3.172551746242692,0.8053091529710907,9,0.8543011630077197,0.22160223538465,21,2.2185392981235236e-05,0.5150862068965517,0.1209070681460457,0.0657854175467218,0.1858836206896551,COMPLETE,0.1209070681460457,0.1858836206896551,0.5150862068965517,0.0657854175467218,1
32,0.0656441592962418,2026-03-04 13:48:17.530107,2026-03-04 14:20:57.893946,0 days 00:32:40.363839,64,4,0.4,0.009465126141937,10,sector_emotion,128,32,0.8119515751795523,0.1,0.0115264886822465,0.0037733198701188,0.8,5,50,BiGRU,6,1,corn,15,3.0468652216219683,0.8501915001017875,15,0.8226647988206796,0.1884584639780655,31,1.3809280992434417e-05,0.5174209770114943,0.1119414253691415,0.0656441592962418,0.1774425287356321,COMPLETE,0.1119414253691415,0.1774425287356321,0.5174209770114943,0.0656441592962418,1
6,0.0654294999123815,2026-03-03 21:02:10.766783,2026-03-03 21:27:51.465953,0 days 00:25:40.699170,64,2,0.2,0.0024881046147739,10,sector_unified_emotion,64,64,1.0772932213639643,0.4,0.0193962333506138,0.0048592285002023,0.8,5,50,BiLSTM,6,2,coral,15,1.624858524484157,0.3425015804240986,21,0.7119181613738592,0.216054344267227,31,0.0001602572380839,0.5129310344827587,0.123367869007777,0.0654294999123815,0.1812140804597701,COMPLETE,0.123367869007777,0.1812140804597701,0.5129310344827587,0.0654294999123815,1
49,0.0649037994740437,2026-03-04 20:16:33.030241,2026-03-04 21:01:39.838350,0 days 00:45:06.808109,32,4,0.5,0.0068005488686862,20,sector_emotion,128,32,0.3356410781103033,0.2,0.0162226671316421,0.0014882208272116,0.4,7,20,LSTM,6,2,corn,10,2.5179181778672515,0.5696989584144971,15,0.795743643731568,0.2917748151328116,41,0.0004161024931178,0.5188577586206896,0.1210695682771491,0.0649037994740437,0.1803160919540229,COMPLETE,0.1210695682771491,0.1803160919540229,0.5188577586206896,0.0649037994740437,1
62,0.0640957913201437,2026-03-05 01:39:58.821934,2026-03-05 02:49:13.694371,0 days 01:09:14.872437,32,6,0.1,0.0054581414396586,10,sector_all_nlp,128,32,0.9364000448923464,0.4,0.0519537603757962,0.0042361753170091,0.4,7,30,LSTM,6,1,coral,5,3.2821353531634143,0.3695316950283704,21,0.8678915728902773,0.1392063755047679,31,0.0001358477046846,0.5188577586206896,0.1092075952037657,0.0640957913201437,0.1575071839080459,COMPLETE,0.1092075952037657,0.1575071839080459,0.5188577586206896,0.0640957913201437,1
1,0.0638883680598945,2026-03-03 17:50:21.086257,2026-03-03 18:08:35.818957,0 days 00:18:14.732700,64,2,0.0,0.0049379559636439,10,sector,128,128,1.5648376419136658,0.3,0.0410382923035629,0.0003113095956122,0.4,10,30,BiLSTM,6,2,corn,15,2.068852545896374,0.7227328293819941,15,0.694306794322898,0.2909231233791342,31,2.106648601704219e-06,0.5145474137931034,0.1112336046090658,0.0638883680598945,0.1855244252873563,COMPLETE,0.1112336046090658,0.1855244252873563,0.5145474137931034,0.0638883680598945,1
47,0.0638280773768493,2026-03-04 19:44:35.011566,2026-03-04 19:57:48.323764,0 days 00:13:13.312198,64,2,0.0,0.0054564045164314,15,sector_unified_emotion,64,32,0.9588287903720788,0.0,0.0126899387533506,0.0035698564638527,0.8,7,50,BiGRU,6,1,corn,20,2.758736482181676,0.9354463491700884,15,0.7406443745670325,0.2330925085337489,21,6.181870454358825e-05,0.5174209770114943,0.1213638444999193,0.0638280773768493,0.1885775862068965,COMPLETE,0.1213638444999193,0.1885775862068965,0.5174209770114943,0.0638280773768493,1
12,0.063285811161056,2026-03-04 02:34:29.042698,2026-03-04 03:44:33.771742,0 days 01:10:04.729044,32,6,0.0,0.0048659363815484,10,sector_unified_emotion,128,32,0.843267506990425,0.2,0.0681982842352361,0.0077997785155446,0.8,5,50,BiGRU,6,1,coral,5,2.6099312978104967,0.2169393346324327,21,0.8702592850494707,0.2120345818222281,31,1.3457164103133516e-05,0.5174209770114943,0.1148425715934896,0.063285811161056,0.1702586206896551,COMPLETE,0.1148425715934896,0.1702586206896551,0.5174209770114943,0.063285811161056,1
5,0.0632147888869732,2026-03-03 20:25:30.596098,2026-03-03 21:02:10.765903,0 days 00:36:40.169805,16,6,0.3,0.0043656982138162,10,sector_unified_emotion,64,64,1.2839284931702974,0.4,0.049348026259639,0.0061707650586223,0.4,10,50,BiGRU,6,2,coral,10,2.614708378407952,0.2154154028119276,9,0.8931127130779293,0.2794126113090392,31,1.8500328373782612e-05,0.5154454022988506,0.1242461925418953,0.0632147888869732,0.1776221264367816,COMPLETE,0.1242461925418953,0.1776221264367816,0.5154454022988506,0.0632147888869732,1
94,0.0624401535994545,2026-03-05 16:47:04.217996,2026-03-05 17:12:54.979812,0 days 00:25:50.761816,32,4,0.2,0.0096756636393958,15,sector_emotion,128,32,0.5471973692730318,0.1,0.0231302540495772,3.6190831963025806e-05,0.8,5,20,BiGRU,6,1,corn,20,3.0141091375175018,1.018385983674194,15,0.7901682922895777,0.1664985068596155,21,0.0004396001915688,0.5217313218390804,0.1166434613001561,0.0624401535994545,0.1817528735632184,COMPLETE,0.1166434613001561,0.1817528735632184,0.5217313218390804,0.0624401535994545,1
95,0.0622253362595668,2026-03-05 17:12:54.980781,2026-03-05 17:48:36.535794,0 days 00:35:41.555013,32,4,0.1,0.0083503261597855,15,sector_emotion,64,32,0.7658206678334192,0.0,0.0509593281086013,0.0049216268427557,0.8,7,50,BiGRU,6,1,coral,15,2.6154936367333836,0.444074711830275,15,0.8525152768114657,0.2228409789866862,31,5.506586581734982e-06,0.5161637931034483,0.1171179854664583,0.0622253362595668,0.1711566091954023,COMPLETE,0.1171179854664583,0.1711566091954023,0.5161637931034483,0.0622253362595668,1
57,0.0621919949315341,2026-03-04 23:49:47.874752,2026-03-05 00:08:18.021817,0 days 00:18:30.147065,32,2,0.1,0.009579903656219,10,sector_emotion,64,64,0.2707033602013857,0.1,0.0293489456658664,0.0002420485914448,0.8,7,50,BiGRU,6,1,corn,15,2.1620156488071154,0.2328180072872575,21,0.7075778765952877,0.2550924254107907,21,3.5413996451501514e-07,0.5183189655172413,0.130091991794532,0.0621919949315341,0.1979166666666666,COMPLETE,0.130091991794532,0.1979166666666666,0.5183189655172413,0.0621919949315341,1
96,0.06197371540573,2026-03-05 17:48:36.536603,2026-03-05 18:14:04.492242,0 days 00:25:27.955639,32,4,0.1,0.0094200749699102,15,sector_emotion,128,32,1.3565598183384902,0.0,0.0296551526138073,0.0097720908382428,0.8,5,20,BiGRU,6,1,corn,20,3.4162917861006643,0.3175126265832687,15,0.8735597690164586,0.1421735977657486,21,0.0007758144926928,0.5145474137931034,0.1313346676379754,0.06197371540573,0.1887571839080459,COMPLETE,0.1313346676379754,0.1887571839080459,0.5145474137931034,0.06197371540573,1
36,0.0618078564129243,2026-03-04 15:20:33.861773,2026-03-04 15:44:41.192448,0 days 00:24:07.330675,32,2,0.1,0.0053588850108655,15,sector_emotion,64,64,0.5149010221212055,0.1,0.0244146922627437,0.001488754046672,0.4,7,50,BiGRU,6,1,corn,20,2.5217213656155275,0.5929657610170647,15,0.8820302523253324,0.3253375152158297,41,5.677990909850844e-06,0.5159841954022989,0.1192530927595012,0.0618078564129243,0.1887571839080459,COMPLETE,0.1192530927595012,0.1887571839080459,0.5159841954022989,0.0618078564129243,1
11,0.0610115873734339,2026-03-04 01:59:31.081480,2026-03-04 02:34:29.041910,0 days 00:34:57.960430,16,2,0.1,0.007764750497223,10,sector_finbert,128,64,1.1036536993900603,0.3,0.0654121936178941,0.002229975553054,0.8,5,20,BiGRU,6,1,coral,15,3.3523208361639956,0.2509709391622157,21,0.7840628481260188,0.2034756793088261,41,3.304766090578772e-07,0.5127514367816092,0.11415733502975,0.0610115873734339,0.1636135057471264,COMPLETE,0.11415733502975,0.1636135057471264,0.5127514367816092,0.0610115873734339,1
21,0.0607488937973308,2026-03-04 09:00:23.938618,2026-03-04 09:17:12.116976,0 days 00:16:48.178358,32,2,0.0,0.007754808738076,10,sector_sentiment,64,64,0.4067143466381423,0.1,0.0287934204999755,0.0078214751217266,0.8,5,20,BiGRU,6,1,corn,20,1.8542703332190684,0.5215170325281604,21,0.7139440364271655,0.3643139312670679,21,9.529537075057956e-06,0.5163433908045977,0.1086942564728882,0.0607488937973308,0.1738505747126436,COMPLETE,0.1086942564728882,0.1738505747126436,0.5163433908045977,0.0607488937973308,1
63,0.0604155553248449,2026-03-05 02:49:13.695602,2026-03-05 03:01:57.923352,0 days 00:12:44.227750,64,2,0.6000000000000001,0.0024167613365288,15,sector_unified_emotion,128,32,0.5171737338673392,0.1,0.0158214754111326,0.0079359270689763,0.4,7,20,BiGRU,6,1,coral,15,3.0617755422474775,0.8461621157279802,9,0.8587183510640866,0.3612199738267737,31,1.6277340535675993e-05,0.5211925287356322,0.1098721398757108,0.0604155553248449,0.1663074712643678,COMPLETE,0.1098721398757108,0.1663074712643678,0.5211925287356322,0.0604155553248449,1
51,0.0599456926381914,2026-03-04 21:26:30.292500,2026-03-04 21:51:38.995183,0 days 00:25:08.702683,32,4,0.6000000000000001,0.0074360697110919,15,sector_emotion,128,128,0.5489312910668935,0.4,0.0251763995534476,0.0058262400062474,0.4,7,20,BiGRU,6,1,corn,15,3.4217712214361575,0.7187988096172794,15,0.8921913024361898,0.3418005074807048,21,0.0002147642130484,0.5158045977011494,0.1235639102643162,0.0599456926381914,0.1857040229885057,COMPLETE,0.1235639102643162,0.1857040229885057,0.5158045977011494,0.0599456926381914,1
84,0.0598225238391676,2026-03-05 13:00:28.485781,2026-03-05 13:29:41.120155,0 days 00:29:12.634374,16,2,0.3,0.0020225845640935,15,sector_unified_emotion,256,32,0.2370667984524509,0.3,0.00323954966447,0.0055655751113955,0.4,7,20,BiGRU,6,1,coral,5,2.4087006600696044,0.888082320041316,15,0.7865378548821856,0.3010751099887823,41,0.0008886446632275,0.5186781609195402,0.1181278697694366,0.0598225238391676,0.1792385057471264,COMPLETE,0.1181278697694366,0.1792385057471264,0.5186781609195402,0.0598225238391676,1
2,0.0587204781148037,2026-03-03 18:08:35.819830,2026-03-03 18:27:59.110922,0 days 00:19:23.291092,32,2,0.1,0.0090826588596665,10,sector_emotion,256,64,0.6294282820495617,0.1,0.0632305830593579,0.0001188946976953,0.8,7,20,GRU,6,1,coral,20,1.3622371802280575,0.4395618906669724,15,0.8284858845986153,0.3016406642217636,31,6.487477066058669e-05,0.5235272988505747,0.1159715997992625,0.0587204781148037,0.170617816091954,COMPLETE,0.1159715997992625,0.170617816091954,0.5235272988505747,0.0587204781148037,1
33,0.0585268895911948,2026-03-04 14:20:57.894830,2026-03-04 14:46:34.608539,0 days 00:25:36.713709,32,4,0.1,0.0085680026433939,15,sector_emotion,64,32,0.3262442986572936,0.1,0.0146940937819223,0.0090170283925783,0.4,7,50,BiGRU,6,2,corn,20,3.424502968122961,0.552237790456622,15,0.7232495984254639,0.1542186068455199,21,5.0880031815281394e-05,0.5184985632183908,0.1142183683813514,0.0585268895911948,0.1806752873563218,COMPLETE,0.1142183683813514,0.1806752873563218,0.5184985632183908,0.0585268895911948,1
87,0.0582241361158561,2026-03-05 14:00:16.927791,2026-03-05 14:22:13.421332,0 days 00:21:56.493541,32,2,0.1,0.0054365266291939,15,sector_emotion,256,32,0.7548769136274873,0.0,0.0262955853498745,0.0059833621363852,0.8,10,50,BiGRU,6,2,corn,15,2.6651623851131494,0.8935045111854294,15,0.8169949000575982,0.2870386050398057,31,1.099724126673724e-05,0.5172413793103449,0.1231232088632518,0.0582241361158561,0.1876795977011494,COMPLETE,0.1231232088632518,0.1876795977011494,0.5172413793103449,0.0582241361158561,1
15,0.0569218934351962,2026-03-04 05:22:44.922229,2026-03-04 06:54:50.667628,0 days 01:32:05.745399,32,6,0.0,0.0052045917644764,15,sector_emotion,128,64,0.5787157650298065,0.1,0.0591601918480576,0.008567824094004,0.4,5,30,BiGRU,6,1,coral,15,2.383198821662043,0.3657318538581705,21,0.8664564539028545,0.2315139873339523,41,1.250159854309385e-07,0.515625,0.1150253939261706,0.0569218934351962,0.1725933908045977,COMPLETE,0.1150253939261706,0.1725933908045977,0.515625,0.0569218934351962,1
7,0.0566401188477813,2026-03-03 21:27:51.466722,2026-03-03 22:21:38.294360,0 days 00:53:46.827638,16,6,0.4,0.0015155918292467,10,sector,64,128,1.1025125652948673,0.4,0.0013027742734667,0.0022316119684564,0.8,5,50,BiLSTM,6,2,corn,15,2.7666380003048827,0.7856494162647969,15,0.7813400945049913,0.3110359610627881,31,0.0002335445709523,0.5181393678160919,0.1234892620596838,0.0566401188477813,0.193426724137931,COMPLETE,0.1234892620596838,0.193426724137931,0.5181393678160919,0.0566401188477813,1
88,0.0557865168639181,2026-03-05 14:22:13.422184,2026-03-05 14:37:21.530710,0 days 00:15:08.108526,32,2,0.0,0.0034488709369096,15,sector_emotion,64,32,0.3920149909770614,0.1,0.0084755236190487,0.0053634093440399,0.8,10,50,BiGRU,6,1,corn,10,2.0823950383663186,0.5224877176514006,15,0.8469018683818359,0.3650351727784885,21,6.064106063973751e-06,0.5132902298850575,0.1203924111632662,0.0557865168639181,0.1842672413793103,COMPLETE,0.1203924111632662,0.1842672413793103,0.5132902298850575,0.0557865168639181,1
72,0.055331389910027,2026-03-05 07:15:46.583101,2026-03-05 08:03:54.650416,0 days 00:48:08.067315,32,4,0.7000000000000001,0.0049314845326742,15,sector_finbert,128,32,0.304971654569428,0.4,0.0030819039414948,0.0002998881224065,0.4,7,50,BiGRU,6,2,corn,15,3.44631357031991,0.8016415695806856,15,0.8428879988285329,0.2397612647221033,41,2.092540252178889e-05,0.5140086206896551,0.1154993979937961,0.055331389910027,0.1937859195402299,COMPLETE,0.1154993979937961,0.1937859195402299,0.5140086206896551,0.055331389910027,1
48,0.055288128443508,2026-03-04 19:57:48.324701,2026-03-04 20:16:33.029433,0 days 00:18:44.704732,16,2,0.0,0.0070659892821169,20,sector_emotion,64,32,0.7469412274973086,0.0,0.0311189462069526,0.003639935134906,0.8,7,50,BiLSTM,6,1,corn,15,3.2387135857785796,0.5739792732929226,15,0.841073887780195,0.3419055183938777,21,1.0163716137364405e-05,0.5174209770114943,0.1309079000450619,0.055288128443508,0.183728448275862,COMPLETE,0.1309079000450619,0.183728448275862,0.5174209770114943,0.055288128443508,1
24,0.0549654243667709,2026-03-04 09:48:47.037681,2026-03-04 10:20:41.800635,0 days 00:31:54.762954,32,4,0.2,0.0056050528113884,10,sector_all_nlp,256,64,0.6204642394121987,0.2,0.0124097722688718,0.0046168178612559,0.8,7,20,GRU,6,1,corn,20,3.0748014862780546,0.4306993957485096,21,0.8370076358606016,0.3995674535199876,21,1.997858855360718e-06,0.5136494252873564,0.1216851274939953,0.0549654243667709,0.1909123563218391,COMPLETE,0.1216851274939953,0.1909123563218391,0.5136494252873564,0.0549654243667709,1
31,0.0545984246377502,2026-03-04 13:23:30.104692,2026-03-04 13:48:17.529255,0 days 00:24:47.424563,32,4,0.4,0.0094533681892545,15,sector_all_nlp,128,32,0.9530389165748332,0.1,0.0250152518562134,0.0004721675493597,0.8,7,50,BiGRU,6,1,corn,20,2.4841130783217986,0.5171772300189788,15,0.8903558993584492,0.1795356142928432,21,3.767401429652248e-05,0.5152658045977011,0.1188643728622971,0.0545984246377502,0.1875,COMPLETE,0.1188643728622971,0.1875,0.5152658045977011,0.0545984246377502,1
99,0.054180612460499,2026-03-05 18:41:14.741536,2026-03-05 18:55:04.015339,0 days 00:13:49.273803,64,2,0.6000000000000001,0.0029496399503558,15,sector_unified_emotion,64,32,0.159182347572559,0.2,0.0131465398806657,0.0050048202767837,0.8,7,30,BiGRU,6,1,coral,20,3.373276347149135,0.7560535531089422,15,0.7838121855302347,0.2848719822103147,21,0.0003074617469145,0.5165229885057471,0.110057324678644,0.054180612460499,0.1698994252873563,COMPLETE,0.110057324678644,0.1698994252873563,0.5165229885057471,0.054180612460499,1
39,0.0537546104282423,2026-03-04 16:24:32.874980,2026-03-04 16:35:29.138681,0 days 00:10:56.263701,32,2,0.0,0.0092303677549136,20,sector_emotion,64,64,0.4329632304072048,0.2,0.0145561135265389,0.0039110472276285,0.8,7,20,BiLSTM,6,1,corn,20,2.939822610201654,0.9517255915809536,9,0.7894059984716607,0.2808017740362114,21,5.466152699899e-06,0.5125718390804598,0.1153821134143065,0.0537546104282423,0.1851652298850574,COMPLETE,0.1153821134143065,0.1851652298850574,0.5125718390804598,0.0537546104282423,1
27,0.0535194445539233,2026-03-04 11:24:12.712749,2026-03-04 12:13:57.986495,0 days 00:49:45.273746,32,6,0.3,0.0067601918149044,15,sector_all_nlp,64,32,0.51996698947495,0.1,0.0246239790390638,0.0008333513389323,0.8,7,20,BiGRU,6,1,corn,20,2.648626148811234,0.5754341569031822,15,0.7731385205251443,0.2209126385263742,31,5.888132729130794e-07,0.5138290229885057,0.132050393470409,0.0535194445539233,0.1939655172413793,COMPLETE,0.132050393470409,0.1939655172413793,0.5138290229885057,0.0535194445539233,1
71,0.0530926355514496,2026-03-05 06:48:33.154419,2026-03-05 07:15:46.581824,0 days 00:27:13.427405,32,2,0.0,0.008982779897723,20,sector_emotion,64,64,0.9460288490585111,0.1,0.0001822787370825,0.0086740701126461,0.8,7,20,BiGRU,6,1,corn,15,2.624170962025564,0.2502299125707583,21,0.6936859285187911,0.3526958770415666,31,2.3995235551175327e-06,0.5098778735632183,0.1196588910458775,0.0530926355514496,0.1866020114942528,COMPLETE,0.1196588910458775,0.1866020114942528,0.5098778735632183,0.0530926355514496,1
34,0.052934229139098,2026-03-04 14:46:34.609281,2026-03-04 15:00:37.723325,0 days 00:14:03.114044,16,2,0.1,0.007097536055009,15,sector_emotion,64,32,0.1659380588596753,0.1,0.0171672831841308,0.0020181247246714,0.8,7,50,BiGRU,6,2,corn,20,1.87094796933386,0.713674487106383,9,0.8291351749815628,0.2857988462396343,21,1.7124286690778482e-05,0.5134698275862069,0.1237308988286332,0.052934229139098,0.1846264367816092,COMPLETE,0.1237308988286332,0.1846264367816092,0.5134698275862069,0.052934229139098,1
35,0.0528695422416564,2026-03-04 15:00:37.724144,2026-03-04 15:20:33.860820,0 days 00:19:56.136676,16,2,0.3,0.0054112109278046,10,sector_emotion,64,32,1.1687656880808477,0.4,0.0398815764119644,0.0043088148047162,0.8,5,50,BiGRU,6,1,coral,5,3.1249234616275867,0.2685594137605546,21,0.8366171668958999,0.138358342271242,21,9.46243346773812e-05,0.5122126436781609,0.1215284045027302,0.0528695422416564,0.1731321839080459,COMPLETE,0.1215284045027302,0.1731321839080459,0.5122126436781609,0.0528695422416564,1
68,0.0520671907090628,2026-03-05 05:12:20.742891,2026-03-05 05:50:20.110169,0 days 00:37:59.367278,32,6,0.0,0.0097014613402047,20,sector_emotion,128,32,0.5563658793417685,0.1,0.0014945667319784,0.0065312271658707,0.8,7,50,BiGRU,6,1,corn,20,2.5648823229137347,1.0906865602212588,15,0.7473466852612747,0.3401231220839291,21,2.5422029661607588e-06,0.516882183908046,0.1219281722859829,0.0520671907090628,0.1786997126436781,COMPLETE,0.1219281722859829,0.1786997126436781,0.516882183908046,0.0520671907090628,1
41,0.0513304959841837,2026-03-04 16:59:25.861209,2026-03-04 17:26:03.231842,0 days 00:26:37.370633,16,4,0.4,0.0052947569522242,15,sector_emotion,128,32,0.2570373405685155,0.1,0.0338951960925378,0.0043073703368855,0.4,7,20,LSTM,6,1,corn,20,3.313416461529409,0.6245236446548816,15,0.8780411881207822,0.1380402688574256,21,2.3190319911627792e-06,0.5127514367816092,0.1199346422597672,0.0513304959841837,0.1894755747126436,COMPLETE,0.1199346422597672,0.1894755747126436,0.5127514367816092,0.0513304959841837,1
70,0.0512939776661084,2026-03-05 06:23:13.920636,2026-03-05 06:48:33.153491,0 days 00:25:19.232855,64,4,0.1,0.008002551635006,20,sector_emotion,256,32,0.6749652357514331,0.2,0.0173872253588698,0.0053565703567283,0.8,7,50,BiGRU,6,1,corn,15,3.0917830222863456,0.5231091240480458,15,0.8494860011947942,0.1776410539406918,21,3.992739181975587e-05,0.5170617816091954,0.1184949880876429,0.0512939776661084,0.179058908045977,COMPLETE,0.1184949880876429,0.179058908045977,0.5170617816091954,0.0512939776661084,1
4,0.0482160801726329,2026-03-03 19:41:10.233996,2026-03-03 20:25:30.595012,0 days 00:44:20.361016,64,4,0.8,0.0061500722669916,20,sector,256,128,0.2846353381644602,0.4,0.081011339467918,5.161032492347078e-05,0.8,5,20,LSTM,6,2,corn,20,1.35021003809131,1.1900538501042632,15,0.8107452251961328,0.3091047222985804,41,0.0007355619850853,0.5184985632183908,0.1046953333512809,0.0482160801726329,0.1923491379310344,COMPLETE,0.1046953333512809,0.1923491379310344,0.5184985632183908,0.0482160801726329,1
14,0.0411143077317247,2026-03-04 04:26:07.291998,2026-03-04 05:22:44.921366,0 days 00:56:37.629368,32,6,0.1,0.0043388771245961,10,sector_emotion,128,32,1.404072458641149,0.4,0.0394003571419332,2.6055209420909945e-05,0.8,5,50,GRU,6,1,coral,15,3.381616161233131,0.275466125012354,15,0.8933610379324133,0.2673580492568994,31,0.0001968994092634,0.5080818965517241,0.1004541091031717,0.0411143077317247,0.1584051724137931,COMPLETE,0.1004541091031717,0.1584051724137931,0.5080818965517241,0.0411143077317247,1
60,0.0382958804999434,2026-03-05 00:49:48.427567,2026-03-05 01:25:27.925980,0 days 00:35:39.498413,16,4,0.7000000000000001,0.0093113135791607,15,sector_unified_emotion,128,32,0.4533171451161253,0.2,0.0193734694322166,0.0009203398729378,0.4,7,50,LSTM,6,1,corn,15,2.9570797899874477,0.7082143754382882,21,0.8924987573955636,0.2116686424356802,21,0.0001712100361434,0.5080818965517241,0.117578293688162,0.0382958804999434,0.1919899425287356,COMPLETE,0.117578293688162,0.1919899425287356,0.5080818965517241,0.0382958804999434,1
75,0.0374591543215757,2026-03-05 09:41:03.681452,2026-03-05 09:53:37.117663,0 days 00:12:33.436211,64,2,0.0,0.0021857534900592,10,sector_finbert,256,32,0.6904531364528903,0.4,0.0176804621676233,0.00048497874417,0.8,5,50,BiGRU,6,1,coral,5,2.3527114732522953,0.2435910745030259,9,0.865726692688394,0.1074698743069518,31,7.730727047175965e-05,0.5077227011494253,0.1034981558907495,0.0374591543215757,0.1542744252873563,COMPLETE,0.1034981558907495,0.1542744252873563,0.5077227011494253,0.0374591543215757,1
0,0.0117307726270627,2026-03-03 17:33:17.428958,2026-03-03 17:50:21.085366,0 days 00:17:03.656408,64,2,0.2,0.0012203823484477,15,sector_sentiment,64,64,0.9362897381052424,0.0,0.0775132823361114,6.290644294586145e-06,0.4,10,50,BiLSTM,6,2,coral,5,1.085971302788046,0.6951769101112701,9,0.7560204063533432,0.1935133228268233,41,1.1400863701127326e-05,0.5037715517241379,0.0799087344284369,0.0117307726270627,0.1567887931034483,COMPLETE,0.0799087344284369,0.1567887931034483,0.5037715517241379,0.0117307726270627,1
