company,sector,model_type,problem_type,horizon_steps,mse,mae,r2,mcc,f1,precision,recall,directional_accuracy,val_directional_accuracy,val_mcc,val_f1,val_precision,val_recall,n_samples,train_samples,val_samples,test_samples,epochs_trained,best_threshold,best_threshold_metric,isotonic_used
AAPL,Consumer Goods,LSTM,classification,1,,,,0.0,0.0,0.0,0.0,0.5625,0.5238095238095238,0.15617376188860607,0.09090909090909091,1.0,0.047619047619047616,1188,398,42,64,16,0.5049999999999999,0.15617376188860607,True
ABB,Industrial Goods,LSTM,classification,1,,,,-0.009523809523809525,0.6511627906976745,0.56,0.7777777777777778,0.53125,0.6428571428571429,0.2581988897471611,0.5454545454545454,0.5,0.6,1188,398,42,64,20,0.29,0.2581988897471611,True
ABBV,Healthcare,LSTM,classification,1,,,,-0.028215384400198253,0.6593406593406593,0.5263157894736842,0.8823529411764706,0.515625,0.6666666666666666,0.32723112128146453,0.631578947368421,0.631578947368421,0.631578947368421,1107,398,42,64,19,0.30499999999999994,0.32723112128146453,True
AEP,Utilities,LSTM,classification,1,,,,0.07116958850708793,0.65,0.6190476190476191,0.6842105263157895,0.5625,0.6904761904761905,0.37818063801003227,0.7547169811320755,0.6666666666666666,0.8695652173913043,1188,398,42,64,16,0.4049999999999999,0.37818063801003227,True
AGFS,Conglomerates,LSTM,classification,1,,,,0.0,0.5617977528089888,0.390625,1.0,0.390625,0.5952380952380952,0.4,0.6666666666666666,0.5,1.0,631,105,42,64,17,0.05,0.4,True
AMGN,Healthcare,LSTM,classification,1,,,,-0.035451483867683334,0.5217391304347826,0.5454545454545454,0.5,0.484375,0.5952380952380952,0.24733877696033693,0.5853658536585366,0.48,0.75,1188,398,42,64,29,0.3499999999999999,0.46860921309188386,True
AMZN,Services,LSTM,classification,1,,,,0.0,0.0,0.0,0.0,0.453125,0.7380952380952381,0.5163289402246043,0.6451612903225806,0.9090909090909091,0.5,1188,398,42,64,34,0.5049999999999999,0.5163289402246043,True
BA,Industrial Goods,LSTM,classification,1,,,,0.4776427193748234,0.7384615384615385,0.8,0.6857142857142857,0.734375,0.6666666666666666,0.43261200122172483,0.72,0.5806451612903226,0.9473684210526315,1188,398,42,64,28,0.25499999999999995,0.43261200122172483,True
BABA,Services,LSTM,classification,1,,,,0.17407765595569782,0.11428571428571428,1.0,0.06060606060606061,0.515625,0.7142857142857143,0.381356384904845,0.6,0.6428571428571429,0.5625,675,149,42,64,18,0.33499999999999996,0.381356384904845,True
BAC,Financial,LSTM,classification,1,,,,0.0,0.5934065934065934,0.421875,1.0,0.421875,0.5476190476190477,0.2177581933061626,0.6274509803921569,0.48484848484848486,0.8888888888888888,1188,398,42,64,17,0.22499999999999998,0.2177581933061626,True
BBL,Basic Matierials,LSTM,classification,1,,,,0.224179415327122,0.5614035087719298,0.5,0.64,0.609375,0.6904761904761905,0.39284657334702455,0.7450980392156863,0.6551724137931034,0.8636363636363636,1188,398,42,64,17,0.33499999999999996,0.39284657334702455,True
BCH,Financial,LSTM,classification,1,,,,0.05479966243511909,0.56,0.4375,0.7777777777777778,0.484375,0.6190476190476191,0.2201917371487821,0.7037037037037037,0.6129032258064516,0.8260869565217391,1188,398,42,64,23,0.4499999999999999,0.43261200122172483,True
BHP,Basic Matierials,LSTM,classification,1,,,,0.1972421118046462,0.5806451612903226,0.5294117647058824,0.6428571428571429,0.59375,0.7142857142857143,0.4365641250653994,0.7391304347826086,0.68,0.8095238095238095,1188,398,42,64,25,0.24,0.4365641250653994,True
BP,Basic Matierials,LSTM,classification,1,,,,0.0,0.4482758620689655,0.40625,0.5,0.5,0.6190476190476191,0.40646942234853023,0.7037037037037037,0.5428571428571428,1.0,1188,398,42,64,19,0.05,0.40646942234853023,True
BRK-A,Financial,LSTM,classification,1,,,,0.0,0.6086956521739131,0.4375,1.0,0.4375,0.5952380952380952,0.26556245212371693,0.6792452830188679,0.5454545454545454,0.9,1188,398,42,64,16,0.22499999999999998,0.26556245212371693,True
BSAC,Financial,LSTM,classification,1,,,,0.0,0.0,0.0,0.0,0.5625,0.6666666666666666,0.2850438562747845,0.2222222222222222,1.0,0.125,1188,398,42,64,17,0.3549999999999999,0.2850438562747845,True
BUD,Consumer Goods,LSTM,classification,1,,,,0.0,0.30434782608695654,0.5,0.21875,0.5,0.6666666666666666,0.2850438562747845,0.2222222222222222,1.0,0.125,1188,398,42,64,20,0.41999999999999993,0.2850438562747845,True
C,Financial,LSTM,classification,1,,,,0.0,0.5777777777777777,0.40625,1.0,0.40625,0.5238095238095238,0.21320071635561041,0.6666666666666666,0.5,1.0,1188,398,42,64,17,0.05,0.21320071635561041,True
CAT,Industrial Goods,LSTM,classification,1,,,,0.15819299929208316,0.5423728813559322,0.5925925925925926,0.5,0.578125,0.5952380952380952,0.2908872369413698,0.2608695652173913,1.0,0.15,1188,398,42,64,18,0.5049999999999999,0.2908872369413698,True
CELG,Healthcare,LSTM,classification,1,,,,0.08272012902459445,0.24390243902439024,0.625,0.15151515151515152,0.515625,0.7142857142857143,0.39222431416585346,0.6,0.6923076923076923,0.5294117647058824,1188,398,42,64,16,0.4049999999999999,0.39222431416585346,True
CHL,Technology,LSTM,classification,1,,,,0.20089174191687223,0.3076923076923077,0.75,0.1935483870967742,0.578125,0.7142857142857143,0.4305283859114459,0.7,0.6666666666666666,0.7368421052631579,1188,398,42,64,16,0.33499999999999996,0.4305283859114459,True
CHTR,Services,LSTM,classification,1,,,,0.05006261743217589,0.20512820512820512,0.5714285714285714,0.125,0.515625,0.7619047619047619,0.5172935265326569,0.6666666666666666,0.8333333333333334,0.5555555555555556,1188,398,42,64,29,0.4049999999999999,0.5172935265326569,True
CMCSA,Services,LSTM,classification,1,,,,0.14400244857369446,0.425531914893617,0.5882352941176471,0.3333333333333333,0.578125,0.5476190476190477,0.29488391230979427,0.6666666666666666,0.5,1.0,1188,398,42,64,25,0.05,0.29488391230979427,True
CODI,Conglomerates,LSTM,classification,1,,,,0.00853312789059399,0.2857142857142857,0.46153846153846156,0.20689655172413793,0.53125,0.5714285714285714,0.10902726334449736,0.25,0.6,0.15789473684210525,1188,398,42,64,28,0.43499999999999994,0.10902726334449736,True
CSCO,Technology,LSTM,classification,1,,,,0.0325644804512918,0.43636363636363634,0.5217391304347826,0.375,0.515625,0.6428571428571429,0.38005847503304596,0.6511627906976745,0.5185185185185185,0.875,1188,398,42,64,30,0.25499999999999995,0.38005847503304596,True
CVX,Basic Matierials,LSTM,classification,1,,,,0.0,0.0,0.0,0.0,0.53125,0.5952380952380952,0.32444284226152503,0.32,1.0,0.19047619047619047,1188,398,42,64,17,0.5249999999999999,0.32444284226152503,True
D,Utilities,LSTM,classification,1,,,,-0.06454972243679027,0.5277777777777778,0.475,0.59375,0.46875,0.7380952380952381,0.48346919127704885,0.7441860465116279,0.8,0.6956521739130435,1188,398,42,64,18,0.4549999999999999,0.48346919127704885,True
DHR,Industrial Goods,LSTM,classification,1,,,,-0.009163235455864739,0.5675675675675675,0.5121951219512195,0.6363636363636364,0.5,0.5714285714285714,0.253012156852495,0.6785714285714286,0.5277777777777778,0.95,1188,398,42,64,16,0.25499999999999995,0.253012156852495,True
DIS,Services,LSTM,classification,1,,,,-0.24258463574688632,0.16666666666666666,0.3076923076923077,0.11428571428571428,0.375,0.7142857142857143,0.42727272727272725,0.7,0.7,0.7,1188,398,42,64,26,0.33499999999999996,0.42727272727272725,True
DUK,Utilities,LSTM,classification,1,,,,-0.15942465561675104,0.09302325581395349,0.3333333333333333,0.05405405405405406,0.390625,0.5952380952380952,0.2258867796745391,0.5142857142857142,0.6923076923076923,0.4090909090909091,1188,398,42,64,17,0.5049999999999999,0.2258867796745391,True
EXC,Utilities,LSTM,classification,1,,,,0.0,0.6666666666666666,0.5,1.0,0.5,0.5952380952380952,0.3504998186163908,0.7017543859649122,0.5405405405405406,1.0,1188,398,42,64,18,0.05,0.3504998186163908,True
FB,Technology,LSTM,classification,1,,,,-0.007053982594841414,0.6666666666666666,0.5454545454545454,0.8571428571428571,0.53125,0.7142857142857143,0.4121678698554467,0.8,0.6857142857142857,0.96,1188,398,42,64,16,0.16999999999999998,0.4121678698554467,True
GD,Industrial Goods,LSTM,classification,1,,,,0.1024464386416373,0.12903225806451613,0.6666666666666666,0.07142857142857142,0.578125,0.6190476190476191,0.2919371040605711,0.38461538461538464,0.8333333333333334,0.25,1188,398,42,64,17,0.4549999999999999,0.2919371040605711,True
GE,Industrial Goods,LSTM,classification,1,,,,0.03587480016670876,0.2222222222222222,0.625,0.13513513513513514,0.453125,0.5714285714285714,0.2773500981126146,0.25,1.0,0.14285714285714285,1188,398,42,64,17,0.6699999999999999,0.2773500981126146,True
GOOG,Technology,LSTM,classification,1,,,,0.0,0.0,0.0,0.0,0.46875,0.6428571428571429,0.2722900593672232,0.5161290322580645,0.6666666666666666,0.42105263157894735,1188,398,42,64,18,0.4649999999999999,0.2722900593672232,True
HD,Services,LSTM,classification,1,,,,0.0,0.7326732673267327,0.578125,1.0,0.578125,0.6190476190476191,0.25819888974716115,0.75,0.6,1.0,1188,398,42,64,20,0.05,0.25819888974716115,True
HON,Industrial Goods,LSTM,classification,1,,,,0.12424730498438732,0.32558139534883723,0.6363636363636364,0.21875,0.546875,0.7380952380952381,0.4735570640442169,0.6666666666666666,0.7857142857142857,0.5789473684210527,1188,398,42,64,16,0.29,0.4735570640442169,True
HRG,Conglomerates,LSTM,classification,1,,,,0.06017938112661677,0.10810810810810811,0.6666666666666666,0.058823529411764705,0.484375,0.7380952380952381,0.48576827737528583,0.5925925925925926,0.8888888888888888,0.4444444444444444,1188,398,42,64,18,0.42499999999999993,0.48576827737528583,True
HSBC,Financial,LSTM,classification,1,,,,0.32539568672798425,0.52,0.8125,0.38235294117647056,0.625,0.6428571428571429,0.3006232385408722,0.6153846153846154,0.5454545454545454,0.7058823529411765,1188,398,42,64,26,0.33499999999999996,0.3006232385408722,True
IEP,Conglomerates,LSTM,classification,1,,,,0.0686780908582235,0.5974025974025974,0.48936170212765956,0.7666666666666667,0.515625,0.6190476190476191,0.43852900965351466,0.6666666666666666,0.5,1.0,1188,398,42,64,42,0.05,0.43852900965351466,True
INTC,Technology,LSTM,classification,1,,,,0.0,0.0,0.0,0.0,0.5,0.5476190476190477,0.22360679774997896,0.17391304347826086,1.0,0.09523809523809523,1188,398,42,64,19,0.48999999999999994,0.22360679774997896,True
JNJ,Healthcare,LSTM,classification,1,,,,0.11834526708278773,0.05714285714285714,1.0,0.029411764705882353,0.484375,0.7380952380952381,0.4620924277292432,0.6857142857142857,0.7058823529411765,0.6666666666666666,1188,398,42,64,17,0.29,0.4620924277292432,True
JPM,Financial,LSTM,classification,1,,,,0.12296371230092627,0.44,0.5789473684210527,0.3548387096774194,0.5625,0.6190476190476191,0.25819888974716115,0.2,1.0,0.1111111111111111,1188,398,42,64,18,0.4549999999999999,0.25819888974716115,True
KO,Consumer Goods,LSTM,classification,1,,,,-0.011444873404026341,0.38461538461538464,0.47619047619047616,0.3225806451612903,0.5,0.6428571428571429,0.4408779893967569,0.7169811320754716,0.5588235294117647,1.0,1188,398,42,64,26,0.05,0.4408779893967569,True
LMT,Industrial Goods,LSTM,classification,1,,,,0.22817408071403383,0.6835443037974683,0.5869565217391305,0.8181818181818182,0.609375,0.6190476190476191,0.35807233404441635,0.6923076923076923,0.5454545454545454,0.9473684210526315,1188,398,42,64,16,0.20499999999999996,0.35807233404441635,True
MA,Financial,LSTM,classification,1,,,,0.09956278193761034,0.6666666666666666,0.5370370370370371,0.8787878787878788,0.546875,0.6190476190476191,0.3194382824999699,0.7142857142857143,0.5714285714285714,0.9523809523809523,1188,398,42,64,34,0.20499999999999996,0.3194382824999699,True
MCD,Services,LSTM,classification,1,,,,0.09759000729485331,0.15,0.75,0.08333333333333333,0.46875,0.5238095238095238,0.2520816345981441,0.6551724137931034,0.48717948717948717,1.0,1188,398,42,64,17,0.05,0.2520816345981441,True
MDT,Healthcare,LSTM,classification,1,,,,0.03419927840283847,0.39215686274509803,0.5263157894736842,0.3125,0.515625,0.6428571428571429,0.32025630761017426,0.2857142857142857,1.0,0.16666666666666666,1188,398,42,64,16,0.42999999999999994,0.32025630761017426,True
MMM,Industrial Goods,LSTM,classification,1,,,,0.0,0.0,0.0,0.0,0.453125,0.6190476190476191,0.30515145240827973,0.2727272727272727,1.0,0.15789473684210525,1188,398,42,64,16,0.5049999999999999,0.30515145240827973,True
MO,Consumer Goods,LSTM,classification,1,,,,-0.18530847246896864,0.0,0.0,0.0,0.453125,0.5952380952380952,0.2721655269759087,0.37037037037037035,0.8333333333333334,0.23809523809523808,1188,398,42,64,26,0.5049999999999999,0.2721655269759087,True
MRK,Healthcare,LSTM,classification,1,,,,0.20089174191687223,0.6966292134831461,0.5535714285714286,0.9393939393939394,0.578125,0.6428571428571429,0.2900513088136559,0.4444444444444444,0.75,0.3157894736842105,1188,398,42,64,17,0.44499999999999995,0.2900513088136559,True
MSFT,Technology,LSTM,classification,1,,,,-0.005662746571529173,0.2222222222222222,0.5555555555555556,0.1388888888888889,0.453125,0.6428571428571429,0.35696473595396144,0.7540983606557377,0.6052631578947368,1.0,1188,398,42,64,23,0.05,0.35696473595396144,True
NEE,Utilities,LSTM,classification,1,,,,0.0,0.0,0.0,0.0,0.40625,0.5952380952380952,0.2908872369413698,0.2608695652173913,1.0,0.15,1188,398,42,64,19,0.605,0.2908872369413698,True
NGG,Utilities,LSTM,classification,1,,,,-0.03008284187980934,0.5853658536585366,0.46153846153846156,0.8,0.46875,0.6666666666666666,0.3339115355603141,0.7666666666666667,0.6388888888888888,0.9583333333333334,1188,398,42,64,18,0.25499999999999995,0.3339115355603141,True
NVS,Healthcare,LSTM,classification,1,,,,0.0,0.5777777777777777,0.40625,1.0,0.40625,0.5238095238095238,0.2681496363223023,0.5833333333333334,0.42424242424242425,0.9333333333333333,1188,398,42,64,17,0.20499999999999996,0.2681496363223023,True
ORCL,Technology,LSTM,classification,1,,,,0.1455213750217998,0.17647058823529413,0.75,0.1,0.5625,0.6190476190476191,0.23809523809523808,0.6190476190476191,0.6190476190476191,0.6190476190476191,1188,398,42,64,22,0.38499999999999995,0.23809523809523808,True
PCG,Utilities,LSTM,classification,1,,,,0.036155076303109365,0.36,0.5625,0.2647058823529412,0.5,0.7380952380952381,0.4385290096535146,0.819672131147541,0.7142857142857143,0.9615384615384616,1188,398,42,64,27,0.25499999999999995,0.4385290096535146,True
PCLN,Services,LSTM,classification,1,,,,0.0,0.0,0.0,0.0,0.453125,0.6428571428571429,0.408248290463863,0.4444444444444444,1.0,0.2857142857142857,1188,398,42,64,28,0.5049999999999999,0.408248290463863,True
PEP,Consumer Goods,LSTM,classification,1,,,,0.34055756704227924,0.6037735849056604,0.6956521739130435,0.5333333333333333,0.671875,0.6428571428571429,0.36380343755449945,0.7272727272727273,0.5882352941176471,0.9523809523809523,1188,398,42,64,18,0.25499999999999995,0.36380343755449945,True
PFE,Healthcare,LSTM,classification,1,,,,0.21341610326458507,0.358974358974359,0.7,0.2413793103448276,0.609375,0.7380952380952381,0.4695129501661914,0.7027027027027027,0.7222222222222222,0.6842105263157895,1188,398,42,64,19,0.27499999999999997,0.4695129501661914,True
PG,Consumer Goods,LSTM,classification,1,,,,0.08571428571428572,0.36,0.6428571428571429,0.25,0.5,0.5476190476190477,0.23320024215505536,0.6122448979591837,0.46875,0.8823529411764706,1188,398,42,64,16,0.20499999999999996,0.23320024215505536,True
PICO,Conglomerates,LSTM,classification,1,,,,0.0,0.0,0.0,0.0,0.5,0.5952380952380952,0.18033392693348646,0.10526315789473684,1.0,0.05555555555555555,1188,398,42,64,16,0.4149999999999999,0.18033392693348646,True
PM,Consumer Goods,LSTM,classification,1,,,,0.0,0.0,0.0,0.0,0.46875,0.6666666666666666,0.31506301890630223,0.46153846153846156,0.75,0.3333333333333333,1188,398,42,64,18,0.5049999999999999,0.31506301890630223,True
PPL,Utilities,LSTM,classification,1,,,,-0.08606629658238704,0.19047619047619047,0.4,0.125,0.46875,0.7619047619047619,0.4666666666666667,0.8387096774193549,0.7428571428571429,0.9629629629629629,1188,398,42,64,28,0.20499999999999996,0.4666666666666667,True
PTR,Basic Matierials,LSTM,classification,1,,,,-0.23601359746536793,0.5301204819277109,0.41509433962264153,0.7333333333333333,0.390625,0.7142857142857143,0.40705882352941175,0.6470588235294118,0.6470588235294118,0.6470588235294118,1168,398,42,64,38,0.29,0.40705882352941175,True
RDS-B,Basic Matierials,LSTM,classification,1,,,,0.0,0.0,0.0,0.0,0.546875,0.6666666666666666,0.3363363969981562,0.3,1.0,0.17647058823529413,1188,398,42,64,26,0.4099999999999999,0.3363363969981562,True
REX,Conglomerates,LSTM,classification,1,,,,0.11221803979288456,0.6111111111111112,0.5945945945945946,0.6285714285714286,0.5625,0.47619047619047616,0.18014417303072303,0.5769230769230769,0.4166666666666667,0.9375,1168,398,42,64,16,0.16999999999999998,0.18014417303072303,True
SLB,Basic Matierials,LSTM,classification,1,,,,0.04052204492365539,0.2564102564102564,0.5,0.1724137931034483,0.546875,0.7142857142857143,0.3397579070977384,0.4,0.8,0.26666666666666666,1188,398,42,64,19,0.33499999999999996,0.3397579070977384,True
SNP,Basic Matierials,LSTM,classification,1,,,,0.11834526708278773,0.375,0.6428571428571429,0.2647058823529412,0.53125,0.6190476190476191,0.29012942659282975,0.4666666666666667,0.7777777777777778,0.3333333333333333,1168,398,42,64,18,0.5499999999999999,0.29012942659282975,True
SNY,Healthcare,LSTM,classification,1,,,,0.03975947419755525,0.5909090909090909,0.4262295081967213,0.9629629629629629,0.4375,0.6190476190476191,0.27811065739636276,0.6521739130434783,0.5555555555555556,0.7894736842105263,1188,398,42,64,16,0.30999999999999994,0.27811065739636276,True
SO,Utilities,LSTM,classification,1,,,,0.018735003362699218,0.4406779661016949,0.5909090909090909,0.35135135135135137,0.484375,0.6428571428571429,0.28603877677367767,0.6511627906976745,0.6363636363636364,0.6666666666666666,1188,398,42,64,16,0.4149999999999999,0.28603877677367767,True
SPLP,Conglomerates,LSTM,classification,1,,,,-0.06816708894454176,0.5,0.4,0.6666666666666666,0.4375,0.6666666666666666,0.43261200122172483,0.72,0.5806451612903226,0.9473684210526315,1188,398,42,64,21,0.25499999999999995,0.43261200122172483,True
SRE,Utilities,LSTM,classification,1,,,,0.08845235543978211,0.5084745762711864,0.5,0.5172413793103449,0.546875,0.6904761904761905,0.4472135954999579,0.7547169811320755,0.625,0.9523809523809523,1188,398,42,64,17,0.145,0.4472135954999579,True
T,Technology,LSTM,classification,1,,,,0.1455213750217998,0.3181818181818182,0.7,0.20588235294117646,0.53125,0.5714285714285714,0.38052119532359524,0.64,0.47058823529411764,1.0,1188,398,42,64,26,0.05,0.38052119532359524,True
TM,Consumer Goods,LSTM,classification,1,,,,0.13948480638371882,0.6111111111111112,0.5365853658536586,0.7096774193548387,0.5625,0.6666666666666666,0.3339115355603141,0.4166666666666667,0.8333333333333334,0.2777777777777778,1188,398,42,64,16,0.41999999999999993,0.3339115355603141,True
TOT,Basic Matierials,LSTM,classification,1,,,,0.013854701371458174,0.5,0.3953488372093023,0.68,0.46875,0.6428571428571429,0.4264014327112209,0.7272727272727273,0.5714285714285714,1.0,1188,398,42,64,19,0.05,0.4264014327112209,True
TSM,Technology,LSTM,classification,1,,,,0.1796053020267749,0.6808510638297872,0.5161290322580645,1.0,0.53125,0.6428571428571429,0.4609772228646443,0.6938775510204082,0.53125,1.0,1188,398,42,64,16,0.05,0.4609772228646443,True
UL,Consumer Goods,LSTM,classification,1,,,,0.0,0.0,0.0,0.0,0.5,0.6428571428571429,0.2711630722733202,0.21052631578947367,1.0,0.11764705882352941,1188,398,42,64,16,0.4049999999999999,0.2711630722733202,True
UN,Consumer Goods,LSTM,classification,1,,,,0.013900245738365579,0.38461538461538464,0.5263157894736842,0.30303030303030304,0.5,0.5952380952380952,0.2571628338468219,0.6530612244897959,0.5333333333333333,0.8421052631578947,1188,398,42,64,17,0.30499999999999994,0.2571628338468219,True
UNH,Healthcare,LSTM,classification,1,,,,0.22880833080875376,0.17647058823529413,1.0,0.0967741935483871,0.5625,0.6428571428571429,0.35696473595396144,0.34782608695652173,1.0,0.21052631578947367,1188,398,42,64,21,0.5049999999999999,0.35696473595396144,True
UPS,Services,LSTM,classification,1,,,,-0.10259783520851541,0.3137254901960784,0.42105263157894735,0.25,0.453125,0.7142857142857143,0.4135850959342555,0.4,1.0,0.25,1188,398,42,64,28,0.44499999999999995,0.4135850959342555,True
UTX,Industrial Goods,LSTM,classification,1,,,,0.07710592627016746,0.43137254901960786,0.5238095238095238,0.36666666666666664,0.546875,0.4523809523809524,0.13525044520011484,0.6101694915254238,0.43902439024390244,1.0,1188,398,42,64,16,0.05,0.13525044520011484,True
V,Financial,LSTM,classification,1,,,,-0.009163235455864739,0.5675675675675675,0.5121951219512195,0.6363636363636364,0.5,0.6190476190476191,0.25674162013381635,0.7333333333333333,0.5945945945945946,0.9565217391304348,1188,398,42,64,19,0.33499999999999996,0.25674162013381635,True
VZ,Technology,LSTM,classification,1,,,,0.18567113388365172,0.6896551724137931,0.5555555555555556,0.9090909090909091,0.578125,0.6428571428571429,0.38005847503304596,0.6341463414634146,0.5,0.8666666666666667,1188,398,42,64,19,0.25499999999999995,0.38005847503304596,True
WFC,Financial,LSTM,classification,1,,,,0.14750121068026756,0.625,0.49019607843137253,0.8620689655172413,0.53125,0.6904761904761905,0.3922322702763681,0.6486486486486487,0.75,0.5714285714285714,1188,398,42,64,28,0.5049999999999999,0.3922322702763681,True
WMT,Services,LSTM,classification,1,,,,0.0949157995752499,0.5084745762711864,0.5555555555555556,0.46875,0.546875,0.5952380952380952,0.17576247754451405,0.32,0.6666666666666666,0.21052631578947367,1188,398,42,64,16,0.5049999999999999,0.17576247754451405,True
XOM,Basic Matierials,LSTM,classification,1,,,,0.0,0.0,0.0,0.0,0.53125,0.5714285714285714,0.2773500981126146,0.25,1.0,0.14285714285714285,1188,398,42,64,31,0.4749999999999999,0.2773500981126146,True
