company,sector,model_type,problem_type,horizon_steps,macro_f1,micro_accuracy,expected_return_mean,mse,mae,r2,mcc,f1,precision,recall,directional_accuracy,n_samples,train_samples,val_samples,test_samples,epochs_trained,confusion_matrix,confusion_matrix_normalized,bucket_edges,bucket_labels,taus
AAPL,Consumer Goods,GRU,multiclass,5,0.05515151515151515,0.109375,0.013650445267558098,,,,0.013900245738365579,0.5789473684210527,0.4888888888888889,0.7096774193548387,0.5,1189,398,42,64,21,"[[0, 0, 8, 1, 0, 14], [0, 0, 1, 3, 0, 3], [0, 0, 1, 1, 0, 1], [0, 0, 2, 0, 0, 3], [0, 0, 2, 1, 0, 9], [0, 0, 5, 3, 0, 6]]","[[0.0, 0.0, 0.34782608695652173, 0.043478260869565216, 0.0, 0.6086956521739131], [0.0, 0.0, 0.14285714285714285, 0.42857142857142855, 0.0, 0.42857142857142855], [0.0, 0.0, 0.3333333333333333, 0.3333333333333333, 0.0, 0.3333333333333333], [0.0, 0.0, 0.4, 0.0, 0.0, 0.6], [0.0, 0.0, 0.16666666666666666, 0.08333333333333333, 0.0, 0.75], [0.0, 0.0, 0.35714285714285715, 0.21428571428571427, 0.0, 0.42857142857142855]]","[-inf, -0.02, -0.005, 0.0, 0.005, 0.02, inf]","['≤ -2%', '(-2,-0.5]%', '(-0.5,0]%', '(0,0.5]%', '(0.5,2]%', '≥ 2%']","[0.6517525911331177, 0.6517525911331177, 0.603326678276062, 0.39025259017944336, 0.4193081557750702]"
ABB,Industrial Goods,GRU,multiclass,5,0.08158295281582952,0.21875,0.02021925151348114,,,,0.0,0.5934065934065934,0.421875,1.0,0.421875,1189,398,42,64,21,"[[0, 0, 0, 0, 3, 13], [0, 0, 0, 0, 0, 17], [0, 0, 0, 0, 0, 4], [0, 0, 0, 0, 0, 3], [0, 0, 0, 0, 1, 10], [0, 0, 0, 0, 0, 13]]","[[0.0, 0.0, 0.0, 0.0, 0.1875, 0.8125], [0.0, 0.0, 0.0, 0.0, 0.0, 1.0], [0.0, 0.0, 0.0, 0.0, 0.0, 1.0], [0.0, 0.0, 0.0, 0.0, 0.0, 1.0], [0.0, 0.0, 0.0, 0.0, 0.09090909090909091, 0.9090909090909091], [0.0, 0.0, 0.0, 0.0, 0.0, 1.0]]","[-inf, -0.02, -0.005, 0.0, 0.005, 0.02, inf]","['≤ -2%', '(-2,-0.5]%', '(-0.5,0]%', '(0,0.5]%', '(0.5,2]%', '≥ 2%']","[0.39025259017944336, 0.39025259017944336, 0.39025259017944336, 0.6808081269264221, 0.39025259017944336]"
ABBV,Healthcare,GRU,multiclass,5,0.18719494688486935,0.421875,0.015693657100200653,,,,0.3578300267477955,0.6764705882352942,0.575,0.8214285714285714,0.65625,1108,398,42,64,25,"[[13, 2, 1, 1, 0, 7], [3, 0, 0, 0, 0, 4], [0, 0, 0, 0, 0, 5], [1, 0, 0, 0, 0, 1], [1, 2, 0, 0, 0, 8], [1, 0, 0, 0, 0, 14]]","[[0.5416666666666666, 0.08333333333333333, 0.041666666666666664, 0.041666666666666664, 0.0, 0.2916666666666667], [0.42857142857142855, 0.0, 0.0, 0.0, 0.0, 0.5714285714285714], [0.0, 0.0, 0.0, 0.0, 0.0, 1.0], [0.5, 0.0, 0.0, 0.0, 0.0, 0.5], [0.09090909090909091, 0.18181818181818182, 0.0, 0.0, 0.0, 0.7272727272727273], [0.06666666666666667, 0.0, 0.0, 0.0, 0.0, 0.9333333333333333]]","[-inf, -0.02, -0.005, 0.0, 0.005, 0.02, inf]","['≤ -2%', '(-2,-0.5]%', '(-0.5,0]%', '(0,0.5]%', '(0.5,2]%', '≥ 2%']","[0.6808081269264221, 0.6517525911331177, 0.5064747929573059, 0.6808081269264221, 0.4096229672431946]"
AEP,Utilities,GRU,multiclass,5,0.16644910644910646,0.21875,0.00404505617916584,,,,0.1467418177209373,0.49122807017543857,0.6666666666666666,0.3888888888888889,0.546875,1189,398,42,64,21,"[[2, 0, 4, 1, 0, 2], [6, 2, 4, 0, 0, 1], [1, 0, 2, 0, 0, 3], [2, 2, 2, 0, 1, 2], [5, 1, 4, 0, 0, 3], [1, 2, 3, 0, 0, 8]]","[[0.2222222222222222, 0.0, 0.4444444444444444, 0.1111111111111111, 0.0, 0.2222222222222222], [0.46153846153846156, 0.15384615384615385, 0.3076923076923077, 0.0, 0.0, 0.07692307692307693], [0.16666666666666666, 0.0, 0.3333333333333333, 0.0, 0.0, 0.5], [0.2222222222222222, 0.2222222222222222, 0.2222222222222222, 0.0, 0.1111111111111111, 0.2222222222222222], [0.38461538461538464, 0.07692307692307693, 0.3076923076923077, 0.0, 0.0, 0.23076923076923078], [0.07142857142857142, 0.14285714285714285, 0.21428571428571427, 0.0, 0.0, 0.5714285714285714]]","[-inf, -0.02, -0.005, 0.0, 0.005, 0.02, inf]","['≤ -2%', '(-2,-0.5]%', '(-0.5,0]%', '(0,0.5]%', '(0.5,2]%', '≥ 2%']","[0.4871044456958771, 0.6808081269264221, 0.6711229681968689, 0.6711229681968689, 0.4289933443069458]"
AGFS,Conglomerates,GRU,multiclass,5,0.059057971014492755,0.125,0.020952213555574417,,,,0.0,0.5287356321839081,0.359375,1.0,0.359375,632,110,42,64,21,"[[0, 0, 0, 0, 17, 16], [0, 0, 0, 0, 6, 1], [0, 0, 0, 0, 1, 0], [0, 0, 0, 0, 0, 1], [0, 0, 0, 0, 1, 4], [0, 0, 0, 0, 10, 7]]","[[0.0, 0.0, 0.0, 0.0, 0.5151515151515151, 0.48484848484848486], [0.0, 0.0, 0.0, 0.0, 0.8571428571428571, 0.14285714285714285], [0.0, 0.0, 0.0, 0.0, 1.0, 0.0], [0.0, 0.0, 0.0, 0.0, 0.0, 1.0], [0.0, 0.0, 0.0, 0.0, 0.2, 0.8], [0.0, 0.0, 0.0, 0.0, 0.5882352941176471, 0.4117647058823529]]","[-inf, -0.02, -0.005, 0.0, 0.005, 0.02, inf]","['≤ -2%', '(-2,-0.5]%', '(-0.5,0]%', '(0,0.5]%', '(0.5,2]%', '≥ 2%']","[0.6808081269264221, 0.6808081269264221, 0.6808081269264221, 0.6711229681968689, 0.4193081557750702]"
AMGN,Healthcare,GRU,multiclass,5,0.12828282828282828,0.21875,0.0005002830876037478,,,,0.2695786947677295,0.5901639344262295,0.75,0.4864864864864865,0.609375,1189,398,42,64,27,"[[10, 1, 0, 0, 1, 0], [6, 0, 0, 0, 1, 0], [4, 0, 0, 1, 1, 2], [1, 1, 0, 0, 0, 0], [3, 1, 0, 3, 2, 4], [8, 3, 2, 3, 4, 2]]","[[0.8333333333333334, 0.08333333333333333, 0.0, 0.0, 0.08333333333333333, 0.0], [0.8571428571428571, 0.0, 0.0, 0.0, 0.14285714285714285, 0.0], [0.5, 0.0, 0.0, 0.125, 0.125, 0.25], [0.5, 0.5, 0.0, 0.0, 0.0, 0.0], [0.23076923076923078, 0.07692307692307693, 0.0, 0.23076923076923078, 0.15384615384615385, 0.3076923076923077], [0.36363636363636365, 0.13636363636363635, 0.09090909090909091, 0.13636363636363635, 0.18181818181818182, 0.09090909090909091]]","[-inf, -0.02, -0.005, 0.0, 0.005, 0.02, inf]","['≤ -2%', '(-2,-0.5]%', '(-0.5,0]%', '(0,0.5]%', '(0.5,2]%', '≥ 2%']","[0.6420673727989197, 0.5452155470848083, 0.6711229681968689, 0.5355303883552551, 0.6517525911331177]"
AMZN,Services,GRU,multiclass,5,0.11656644621412238,0.140625,-0.004557985812425613,,,,-0.3274415366613378,0.5,0.5405405405405406,0.46511627906976744,0.375,1189,398,42,64,21,"[[1, 0, 0, 4, 4, 0], [1, 2, 0, 4, 3, 0], [0, 0, 0, 1, 1, 0], [0, 1, 0, 1, 0, 0], [1, 1, 0, 8, 4, 0], [12, 8, 0, 3, 3, 1]]","[[0.1111111111111111, 0.0, 0.0, 0.4444444444444444, 0.4444444444444444, 0.0], [0.1, 0.2, 0.0, 0.4, 0.3, 0.0], [0.0, 0.0, 0.0, 0.5, 0.5, 0.0], [0.0, 0.5, 0.0, 0.5, 0.0, 0.0], [0.07142857142857142, 0.07142857142857142, 0.0, 0.5714285714285714, 0.2857142857142857, 0.0], [0.4444444444444444, 0.2962962962962963, 0.0, 0.1111111111111111, 0.1111111111111111, 0.037037037037037035]]","[-inf, -0.02, -0.005, 0.0, 0.005, 0.02, inf]","['≤ -2%', '(-2,-0.5]%', '(-0.5,0]%', '(0,0.5]%', '(0.5,2]%', '≥ 2%']","[0.4871044456958771, 0.39025259017944336, 0.45804888010025024, 0.4096229672431946, 0.4096229672431946]"
BA,Industrial Goods,GRU,multiclass,5,0.21667247441241252,0.3125,0.009481951594352722,,,,0.28135863029014146,0.6753246753246753,0.5531914893617021,0.8666666666666667,0.609375,1189,398,42,64,21,"[[2, 0, 4, 3, 2, 4], [0, 1, 5, 3, 2, 5], [1, 0, 0, 0, 2, 0], [0, 0, 0, 0, 1, 1], [1, 0, 1, 1, 4, 2], [0, 0, 2, 3, 1, 13]]","[[0.13333333333333333, 0.0, 0.26666666666666666, 0.2, 0.13333333333333333, 0.26666666666666666], [0.0, 0.0625, 0.3125, 0.1875, 0.125, 0.3125], [0.3333333333333333, 0.0, 0.0, 0.0, 0.6666666666666666, 0.0], [0.0, 0.0, 0.0, 0.0, 0.5, 0.5], [0.1111111111111111, 0.0, 0.1111111111111111, 0.1111111111111111, 0.4444444444444444, 0.2222222222222222], [0.0, 0.0, 0.10526315789473684, 0.15789473684210525, 0.05263157894736842, 0.6842105263157895]]","[-inf, -0.02, -0.005, 0.0, 0.005, 0.02, inf]","['≤ -2%', '(-2,-0.5]%', '(-0.5,0]%', '(0,0.5]%', '(0.5,2]%', '≥ 2%']","[0.6711229681968689, 0.603326678276062, 0.4967896342277527, 0.4967896342277527, 0.5161600112915039]"
BABA,Services,GRU,multiclass,5,0.0958152958152958,0.296875,-0.003517834935337305,,,,0.3721042037676254,0.46153846153846156,1.0,0.3,0.5625,676,154,42,64,21,"[[18, 0, 0, 0, 0, 0], [5, 0, 0, 0, 0, 0], [1, 0, 0, 0, 0, 0], [4, 0, 0, 0, 0, 0], [3, 0, 0, 1, 0, 0], [21, 0, 0, 10, 0, 1]]","[[1.0, 0.0, 0.0, 0.0, 0.0, 0.0], [1.0, 0.0, 0.0, 0.0, 0.0, 0.0], [1.0, 0.0, 0.0, 0.0, 0.0, 0.0], [1.0, 0.0, 0.0, 0.0, 0.0, 0.0], [0.75, 0.0, 0.0, 0.25, 0.0, 0.0], [0.65625, 0.0, 0.0, 0.3125, 0.0, 0.03125]]","[-inf, -0.02, -0.005, 0.0, 0.005, 0.02, inf]","['≤ -2%', '(-2,-0.5]%', '(-0.5,0]%', '(0,0.5]%', '(0.5,2]%', '≥ 2%']","[0.5064747929573059, 0.4967896342277527, 0.4967896342277527, 0.5645859241485596, 0.5549007058143616]"
BAC,Financial,GRU,multiclass,5,0.20770843412352846,0.375,-0.010817768052220345,,,,0.3101186645452913,0.6,0.782608695652174,0.4864864864864865,0.625,1189,398,42,64,22,"[[14, 0, 0, 0, 0, 0], [6, 0, 0, 0, 0, 4], [2, 0, 0, 0, 0, 1], [4, 0, 0, 0, 0, 0], [8, 0, 0, 0, 5, 3], [5, 2, 0, 0, 5, 5]]","[[1.0, 0.0, 0.0, 0.0, 0.0, 0.0], [0.6, 0.0, 0.0, 0.0, 0.0, 0.4], [0.6666666666666666, 0.0, 0.0, 0.0, 0.0, 0.3333333333333333], [1.0, 0.0, 0.0, 0.0, 0.0, 0.0], [0.5, 0.0, 0.0, 0.0, 0.3125, 0.1875], [0.29411764705882354, 0.11764705882352941, 0.0, 0.0, 0.29411764705882354, 0.29411764705882354]]","[-inf, -0.02, -0.005, 0.0, 0.005, 0.02, inf]","['≤ -2%', '(-2,-0.5]%', '(-0.5,0]%', '(0,0.5]%', '(0.5,2]%', '≥ 2%']","[0.39025259017944336, 0.39025259017944336, 0.39025259017944336, 0.39025259017944336, 0.6808081269264221]"
BBL,Basic Matierials,GRU,multiclass,5,0.10495547812620983,0.21875,0.024411480873823166,,,,0.17507918974856718,0.4473684210526316,0.288135593220339,1.0,0.34375,1189,398,42,64,23,"[[1, 2, 0, 3, 2, 31], [0, 1, 0, 1, 1, 4], [1, 0, 0, 0, 0, 0], [0, 0, 0, 0, 0, 1], [0, 0, 0, 1, 0, 3], [0, 0, 0, 0, 0, 12]]","[[0.02564102564102564, 0.05128205128205128, 0.0, 0.07692307692307693, 0.05128205128205128, 0.7948717948717948], [0.0, 0.14285714285714285, 0.0, 0.14285714285714285, 0.14285714285714285, 0.5714285714285714], [1.0, 0.0, 0.0, 0.0, 0.0, 0.0], [0.0, 0.0, 0.0, 0.0, 0.0, 1.0], [0.0, 0.0, 0.0, 0.25, 0.0, 0.75], [0.0, 0.0, 0.0, 0.0, 0.0, 1.0]]","[-inf, -0.02, -0.005, 0.0, 0.005, 0.02, inf]","['≤ -2%', '(-2,-0.5]%', '(-0.5,0]%', '(0,0.5]%', '(0.5,2]%', '≥ 2%']","[0.6808081269264221, 0.6808081269264221, 0.6808081269264221, 0.6420673727989197, 0.6226970553398132]"
BCH,Financial,GRU,multiclass,5,0.037037037037037035,0.125,0.02948712557554245,,,,0.0,0.47619047619047616,0.3125,1.0,0.3125,1189,398,42,64,21,"[[0, 0, 0, 0, 0, 20], [0, 0, 0, 0, 0, 20], [0, 0, 0, 0, 0, 4], [0, 0, 0, 0, 0, 5], [0, 0, 0, 0, 0, 7], [0, 0, 0, 0, 0, 8]]","[[0.0, 0.0, 0.0, 0.0, 0.0, 1.0], [0.0, 0.0, 0.0, 0.0, 0.0, 1.0], [0.0, 0.0, 0.0, 0.0, 0.0, 1.0], [0.0, 0.0, 0.0, 0.0, 0.0, 1.0], [0.0, 0.0, 0.0, 0.0, 0.0, 1.0], [0.0, 0.0, 0.0, 0.0, 0.0, 1.0]]","[-inf, -0.02, -0.005, 0.0, 0.005, 0.02, inf]","['≤ -2%', '(-2,-0.5]%', '(-0.5,0]%', '(0,0.5]%', '(0.5,2]%', '≥ 2%']","[0.39025259017944336, 0.39025259017944336, 0.39025259017944336, 0.6808081269264221, 0.39025259017944336]"
BHP,Basic Matierials,GRU,multiclass,5,0.11620553359683794,0.171875,0.01150190643966198,,,,0.3522521434341141,0.5490196078431373,0.4117647058823529,0.8235294117647058,0.640625,1189,398,42,64,21,"[[6, 10, 5, 0, 3, 13], [2, 2, 2, 0, 1, 3], [0, 0, 0, 0, 0, 0], [1, 0, 0, 0, 0, 0], [0, 0, 0, 0, 1, 0], [0, 0, 2, 2, 9, 2]]","[[0.16216216216216217, 0.2702702702702703, 0.13513513513513514, 0.0, 0.08108108108108109, 0.35135135135135137], [0.2, 0.2, 0.2, 0.0, 0.1, 0.3], [0.0, 0.0, 0.0, 0.0, 0.0, 0.0], [1.0, 0.0, 0.0, 0.0, 0.0, 0.0], [0.0, 0.0, 0.0, 0.0, 1.0, 0.0], [0.0, 0.0, 0.13333333333333333, 0.13333333333333333, 0.6, 0.13333333333333333]]","[-inf, -0.02, -0.005, 0.0, 0.005, 0.02, inf]","['≤ -2%', '(-2,-0.5]%', '(-0.5,0]%', '(0,0.5]%', '(0.5,2]%', '≥ 2%']","[0.6808081269264221, 0.6711229681968689, 0.6420673727989197, 0.6420673727989197, 0.603326678276062]"
BP,Basic Matierials,GRU,multiclass,5,0.05627705627705628,0.203125,0.029342487454414368,,,,0.0,0.5287356321839081,0.359375,1.0,0.359375,1189,398,42,64,21,"[[0, 0, 0, 0, 0, 23], [0, 0, 0, 0, 0, 10], [0, 0, 0, 0, 0, 8], [0, 0, 0, 0, 0, 3], [0, 0, 0, 0, 0, 7], [0, 0, 0, 0, 0, 13]]","[[0.0, 0.0, 0.0, 0.0, 0.0, 1.0], [0.0, 0.0, 0.0, 0.0, 0.0, 1.0], [0.0, 0.0, 0.0, 0.0, 0.0, 1.0], [0.0, 0.0, 0.0, 0.0, 0.0, 1.0], [0.0, 0.0, 0.0, 0.0, 0.0, 1.0], [0.0, 0.0, 0.0, 0.0, 0.0, 1.0]]","[-inf, -0.02, -0.005, 0.0, 0.005, 0.02, inf]","['≤ -2%', '(-2,-0.5]%', '(-0.5,0]%', '(0,0.5]%', '(0.5,2]%', '≥ 2%']","[0.39025259017944336, 0.39025259017944336, 0.39025259017944336, 0.39025259017944336, 0.39025259017944336]"
BRK-A,Financial,GRU,multiclass,5,0.07045391255917571,0.171875,0.01734791323542595,,,,0.28215183125551807,0.6888888888888889,0.5254237288135594,1.0,0.5625,1189,398,42,64,21,"[[0, 0, 2, 2, 0, 6], [0, 0, 3, 0, 1, 16], [0, 0, 0, 0, 1, 2], [0, 0, 0, 0, 0, 5], [0, 0, 0, 1, 1, 14], [0, 0, 0, 0, 0, 10]]","[[0.0, 0.0, 0.2, 0.2, 0.0, 0.6], [0.0, 0.0, 0.15, 0.0, 0.05, 0.8], [0.0, 0.0, 0.0, 0.0, 0.3333333333333333, 0.6666666666666666], [0.0, 0.0, 0.0, 0.0, 0.0, 1.0], [0.0, 0.0, 0.0, 0.0625, 0.0625, 0.875], [0.0, 0.0, 0.0, 0.0, 0.0, 1.0]]","[-inf, -0.02, -0.005, 0.0, 0.005, 0.02, inf]","['≤ -2%', '(-2,-0.5]%', '(-0.5,0]%', '(0,0.5]%', '(0.5,2]%', '≥ 2%']","[0.39025259017944336, 0.438678503036499, 0.603326678276062, 0.438678503036499, 0.39025259017944336]"
BSAC,Financial,GRU,multiclass,5,0.1341501240694789,0.203125,0.014066154137253761,,,,0.16858537226207385,0.5526315789473685,0.39622641509433965,0.9130434782608695,0.46875,1189,398,42,64,21,"[[1, 5, 1, 1, 14, 8], [0, 1, 0, 0, 1, 2], [0, 1, 0, 0, 2, 4], [0, 0, 0, 0, 3, 1], [0, 2, 0, 0, 2, 3], [0, 0, 0, 0, 3, 9]]","[[0.03333333333333333, 0.16666666666666666, 0.03333333333333333, 0.03333333333333333, 0.4666666666666667, 0.26666666666666666], [0.0, 0.25, 0.0, 0.0, 0.25, 0.5], [0.0, 0.14285714285714285, 0.0, 0.0, 0.2857142857142857, 0.5714285714285714], [0.0, 0.0, 0.0, 0.0, 0.75, 0.25], [0.0, 0.2857142857142857, 0.0, 0.0, 0.2857142857142857, 0.42857142857142855], [0.0, 0.0, 0.0, 0.0, 0.25, 0.75]]","[-inf, -0.02, -0.005, 0.0, 0.005, 0.02, inf]","['≤ -2%', '(-2,-0.5]%', '(-0.5,0]%', '(0,0.5]%', '(0.5,2]%', '≥ 2%']","[0.6808081269264221, 0.5839563012123108, 0.5742710828781128, 0.5452155470848083, 0.39025259017944336]"
BUD,Consumer Goods,GRU,multiclass,5,0.14146103896103895,0.1875,-3.0110881198197603e-05,,,,0.3892494720807615,0.5333333333333333,1.0,0.36363636363636365,0.5625,1189,398,42,64,21,"[[3, 4, 1, 0, 0, 0], [4, 2, 2, 0, 0, 0], [1, 3, 0, 0, 0, 0], [1, 3, 1, 0, 0, 0], [6, 4, 2, 0, 6, 1], [2, 4, 5, 1, 7, 1]]","[[0.375, 0.5, 0.125, 0.0, 0.0, 0.0], [0.5, 0.25, 0.25, 0.0, 0.0, 0.0], [0.25, 0.75, 0.0, 0.0, 0.0, 0.0], [0.2, 0.6, 0.2, 0.0, 0.0, 0.0], [0.3157894736842105, 0.21052631578947367, 0.10526315789473684, 0.0, 0.3157894736842105, 0.05263157894736842], [0.1, 0.2, 0.25, 0.05, 0.35, 0.05]]","[-inf, -0.02, -0.005, 0.0, 0.005, 0.02, inf]","['≤ -2%', '(-2,-0.5]%', '(-0.5,0]%', '(0,0.5]%', '(0.5,2]%', '≥ 2%']","[0.6711229681968689, 0.5742710828781128, 0.5645859241485596, 0.4967896342277527, 0.4193081557750702]"
C,Financial,GRU,multiclass,5,0.26848964988499874,0.28125,-0.00316446041688323,,,,0.2784482162263138,0.6,0.72,0.5142857142857142,0.625,1189,398,42,64,22,"[[6, 1, 4, 2, 0, 0], [8, 0, 1, 1, 1, 2], [1, 0, 1, 1, 0, 0], [1, 0, 0, 3, 1, 1], [7, 1, 0, 0, 3, 0], [7, 0, 1, 0, 5, 5]]","[[0.46153846153846156, 0.07692307692307693, 0.3076923076923077, 0.15384615384615385, 0.0, 0.0], [0.6153846153846154, 0.0, 0.07692307692307693, 0.07692307692307693, 0.07692307692307693, 0.15384615384615385], [0.3333333333333333, 0.0, 0.3333333333333333, 0.3333333333333333, 0.0, 0.0], [0.16666666666666666, 0.0, 0.0, 0.5, 0.16666666666666666, 0.16666666666666666], [0.6363636363636364, 0.09090909090909091, 0.0, 0.0, 0.2727272727272727, 0.0], [0.3888888888888889, 0.0, 0.05555555555555555, 0.0, 0.2777777777777778, 0.2777777777777778]]","[-inf, -0.02, -0.005, 0.0, 0.005, 0.02, inf]","['≤ -2%', '(-2,-0.5]%', '(-0.5,0]%', '(0,0.5]%', '(0.5,2]%', '≥ 2%']","[0.6808081269264221, 0.5645859241485596, 0.4871044456958771, 0.4871044456958771, 0.6711229681968689]"
CAT,Industrial Goods,GRU,multiclass,5,0.1615277777777778,0.296875,0.012888659723103046,,,,0.3274277657943006,0.7272727272727273,0.5818181818181818,0.9696969696969697,0.625,1189,398,42,64,21,"[[7, 1, 0, 0, 8, 6], [0, 0, 0, 0, 5, 3], [0, 0, 0, 0, 0, 1], [0, 0, 0, 0, 2, 4], [1, 0, 0, 0, 1, 7], [0, 0, 0, 0, 7, 11]]","[[0.3181818181818182, 0.045454545454545456, 0.0, 0.0, 0.36363636363636365, 0.2727272727272727], [0.0, 0.0, 0.0, 0.0, 0.625, 0.375], [0.0, 0.0, 0.0, 0.0, 0.0, 1.0], [0.0, 0.0, 0.0, 0.0, 0.3333333333333333, 0.6666666666666666], [0.1111111111111111, 0.0, 0.0, 0.0, 0.1111111111111111, 0.7777777777777778], [0.0, 0.0, 0.0, 0.0, 0.3888888888888889, 0.6111111111111112]]","[-inf, -0.02, -0.005, 0.0, 0.005, 0.02, inf]","['≤ -2%', '(-2,-0.5]%', '(-0.5,0]%', '(0,0.5]%', '(0.5,2]%', '≥ 2%']","[0.6808081269264221, 0.6808081269264221, 0.6614377498626709, 0.6614377498626709, 0.6226970553398132]"
CELG,Healthcare,GRU,multiclass,5,0.10069573475370576,0.171875,0.022473780438303947,,,,0.3509664885977756,0.7441860465116279,0.6153846153846154,0.9411764705882353,0.65625,1189,398,42,64,21,"[[3, 6, 1, 1, 2, 6], [0, 0, 0, 0, 2, 4], [0, 0, 0, 0, 1, 4], [1, 0, 0, 0, 0, 1], [0, 0, 1, 0, 1, 11], [0, 0, 0, 4, 8, 7]]","[[0.15789473684210525, 0.3157894736842105, 0.05263157894736842, 0.05263157894736842, 0.10526315789473684, 0.3157894736842105], [0.0, 0.0, 0.0, 0.0, 0.3333333333333333, 0.6666666666666666], [0.0, 0.0, 0.0, 0.0, 0.2, 0.8], [0.5, 0.0, 0.0, 0.0, 0.0, 0.5], [0.0, 0.0, 0.07692307692307693, 0.0, 0.07692307692307693, 0.8461538461538461], [0.0, 0.0, 0.0, 0.21052631578947367, 0.42105263157894735, 0.3684210526315789]]","[-inf, -0.02, -0.005, 0.0, 0.005, 0.02, inf]","['≤ -2%', '(-2,-0.5]%', '(-0.5,0]%', '(0,0.5]%', '(0.5,2]%', '≥ 2%']","[0.5161600112915039, 0.44836369156837463, 0.5064747929573059, 0.5064747929573059, 0.6808081269264221]"
CHL,Technology,GRU,multiclass,5,0.1242157955712943,0.15625,0.0032816901803016663,,,,0.21779554142294633,0.5205479452054794,0.3584905660377358,0.95,0.453125,1189,398,42,64,22,"[[1, 0, 0, 9, 4, 2], [0, 1, 6, 13, 1, 1], [0, 2, 0, 4, 0, 0], [0, 0, 0, 5, 0, 0], [0, 1, 0, 5, 3, 1], [0, 0, 0, 5, 0, 0]]","[[0.0625, 0.0, 0.0, 0.5625, 0.25, 0.125], [0.0, 0.045454545454545456, 0.2727272727272727, 0.5909090909090909, 0.045454545454545456, 0.045454545454545456], [0.0, 0.3333333333333333, 0.0, 0.6666666666666666, 0.0, 0.0], [0.0, 0.0, 0.0, 1.0, 0.0, 0.0], [0.0, 0.1, 0.0, 0.5, 0.3, 0.1], [0.0, 0.0, 0.0, 1.0, 0.0, 0.0]]","[-inf, -0.02, -0.005, 0.0, 0.005, 0.02, inf]","['≤ -2%', '(-2,-0.5]%', '(-0.5,0]%', '(0,0.5]%', '(0.5,2]%', '≥ 2%']","[0.5839563012123108, 0.5452155470848083, 0.5064747929573059, 0.5161600112915039, 0.39025259017944336]"
CHTR,Services,GRU,multiclass,5,0.0877364644487932,0.234375,0.0036443322896957397,,,,0.11834526708278773,0.6451612903225806,0.47619047619047616,1.0,0.484375,1189,398,42,64,21,"[[0, 0, 1, 0, 16, 0], [0, 0, 0, 0, 12, 2], [0, 0, 0, 0, 3, 0], [0, 0, 0, 0, 5, 1], [0, 0, 0, 0, 14, 1], [0, 0, 0, 0, 8, 1]]","[[0.0, 0.0, 0.058823529411764705, 0.0, 0.9411764705882353, 0.0], [0.0, 0.0, 0.0, 0.0, 0.8571428571428571, 0.14285714285714285], [0.0, 0.0, 0.0, 0.0, 1.0, 0.0], [0.0, 0.0, 0.0, 0.0, 0.8333333333333334, 0.16666666666666666], [0.0, 0.0, 0.0, 0.0, 0.9333333333333333, 0.06666666666666667], [0.0, 0.0, 0.0, 0.0, 0.8888888888888888, 0.1111111111111111]]","[-inf, -0.02, -0.005, 0.0, 0.005, 0.02, inf]","['≤ -2%', '(-2,-0.5]%', '(-0.5,0]%', '(0,0.5]%', '(0.5,2]%', '≥ 2%']","[0.5355303883552551, 0.5355303883552551, 0.5258451700210571, 0.5161600112915039, 0.5161600112915039]"
CMCSA,Services,GRU,multiclass,5,0.04720345345345345,0.046875,0.0029738969169557095,,,,-0.5530100413375021,0.36363636363636365,0.2857142857142857,0.5,0.234375,1189,398,42,64,21,"[[0, 0, 0, 0, 8, 9], [0, 0, 0, 1, 6, 8], [0, 0, 1, 0, 0, 3], [0, 0, 1, 0, 1, 3], [1, 3, 3, 2, 1, 6], [0, 3, 3, 0, 0, 1]]","[[0.0, 0.0, 0.0, 0.0, 0.47058823529411764, 0.5294117647058824], [0.0, 0.0, 0.0, 0.06666666666666667, 0.4, 0.5333333333333333], [0.0, 0.0, 0.25, 0.0, 0.0, 0.75], [0.0, 0.0, 0.2, 0.0, 0.2, 0.6], [0.0625, 0.1875, 0.1875, 0.125, 0.0625, 0.375], [0.0, 0.42857142857142855, 0.42857142857142855, 0.0, 0.0, 0.14285714285714285]]","[-inf, -0.02, -0.005, 0.0, 0.005, 0.02, inf]","['≤ -2%', '(-2,-0.5]%', '(-0.5,0]%', '(0,0.5]%', '(0.5,2]%', '≥ 2%']","[0.5645859241485596, 0.4289933443069458, 0.5258451700210571, 0.5161600112915039, 0.4871044456958771]"
CODI,Conglomerates,GRU,multiclass,5,0.08446455505279034,0.203125,0.009266081266105175,,,,0.0,0.5617977528089888,0.390625,1.0,0.390625,1189,398,42,64,21,"[[0, 0, 0, 1, 2, 12], [0, 0, 0, 0, 0, 16], [0, 0, 0, 0, 2, 6], [0, 0, 0, 0, 1, 5], [0, 0, 0, 1, 1, 5], [0, 0, 0, 0, 0, 12]]","[[0.0, 0.0, 0.0, 0.06666666666666667, 0.13333333333333333, 0.8], [0.0, 0.0, 0.0, 0.0, 0.0, 1.0], [0.0, 0.0, 0.0, 0.0, 0.25, 0.75], [0.0, 0.0, 0.0, 0.0, 0.16666666666666666, 0.8333333333333334], [0.0, 0.0, 0.0, 0.14285714285714285, 0.14285714285714285, 0.7142857142857143], [0.0, 0.0, 0.0, 0.0, 0.0, 1.0]]","[-inf, -0.02, -0.005, 0.0, 0.005, 0.02, inf]","['≤ -2%', '(-2,-0.5]%', '(-0.5,0]%', '(0,0.5]%', '(0.5,2]%', '≥ 2%']","[0.603326678276062, 0.5645859241485596, 0.6808081269264221, 0.6323822140693665, 0.4967896342277527]"
CSCO,Technology,GRU,multiclass,5,0.07792207792207792,0.28125,-0.010817158967256546,,,,0.0,0.0,0.0,0.0,0.484375,1189,398,42,64,21,"[[18, 0, 0, 0, 0, 0], [11, 0, 0, 0, 0, 0], [2, 0, 0, 0, 0, 0], [3, 1, 0, 0, 0, 0], [13, 1, 0, 0, 0, 0], [12, 0, 3, 0, 0, 0]]","[[1.0, 0.0, 0.0, 0.0, 0.0, 0.0], [1.0, 0.0, 0.0, 0.0, 0.0, 0.0], [1.0, 0.0, 0.0, 0.0, 0.0, 0.0], [0.75, 0.25, 0.0, 0.0, 0.0, 0.0], [0.9285714285714286, 0.07142857142857142, 0.0, 0.0, 0.0, 0.0], [0.8, 0.0, 0.2, 0.0, 0.0, 0.0]]","[-inf, -0.02, -0.005, 0.0, 0.005, 0.02, inf]","['≤ -2%', '(-2,-0.5]%', '(-0.5,0]%', '(0,0.5]%', '(0.5,2]%', '≥ 2%']","[0.45804888010025024, 0.4871044456958771, 0.4871044456958771, 0.46773406863212585, 0.4193081557750702]"
CVX,Basic Matierials,GRU,multiclass,5,0.06329113924050633,0.234375,0.02972492203116417,,,,0.0,0.6666666666666666,0.5,1.0,0.5,1189,398,42,64,21,"[[0, 0, 0, 0, 0, 18], [0, 0, 0, 0, 0, 9], [0, 0, 0, 0, 0, 5], [0, 0, 0, 0, 0, 4], [0, 0, 0, 0, 0, 13], [0, 0, 0, 0, 0, 15]]","[[0.0, 0.0, 0.0, 0.0, 0.0, 1.0], [0.0, 0.0, 0.0, 0.0, 0.0, 1.0], [0.0, 0.0, 0.0, 0.0, 0.0, 1.0], [0.0, 0.0, 0.0, 0.0, 0.0, 1.0], [0.0, 0.0, 0.0, 0.0, 0.0, 1.0], [0.0, 0.0, 0.0, 0.0, 0.0, 1.0]]","[-inf, -0.02, -0.005, 0.0, 0.005, 0.02, inf]","['≤ -2%', '(-2,-0.5]%', '(-0.5,0]%', '(0,0.5]%', '(0.5,2]%', '≥ 2%']","[0.39025259017944336, 0.39025259017944336, 0.39025259017944336, 0.39025259017944336, 0.39025259017944336]"
D,Utilities,GRU,multiclass,5,0.12609871534820824,0.296875,0.014747317880392075,,,,0.27185747308321606,0.6987951807228916,0.5686274509803921,0.90625,0.609375,1189,398,42,64,21,"[[5, 0, 0, 0, 0, 11], [4, 0, 0, 0, 0, 7], [1, 0, 0, 0, 0, 4], [0, 0, 0, 0, 0, 6], [0, 0, 0, 0, 0, 9], [3, 0, 0, 0, 0, 14]]","[[0.3125, 0.0, 0.0, 0.0, 0.0, 0.6875], [0.36363636363636365, 0.0, 0.0, 0.0, 0.0, 0.6363636363636364], [0.2, 0.0, 0.0, 0.0, 0.0, 0.8], [0.0, 0.0, 0.0, 0.0, 0.0, 1.0], [0.0, 0.0, 0.0, 0.0, 0.0, 1.0], [0.17647058823529413, 0.0, 0.0, 0.0, 0.0, 0.8235294117647058]]","[-inf, -0.02, -0.005, 0.0, 0.005, 0.02, inf]","['≤ -2%', '(-2,-0.5]%', '(-0.5,0]%', '(0,0.5]%', '(0.5,2]%', '≥ 2%']","[0.39025259017944336, 0.39025259017944336, 0.39025259017944336, 0.39025259017944336, 0.39025259017944336]"
DHR,Industrial Goods,GRU,multiclass,5,0.08115468409586056,0.15625,-0.015833048149943352,,,,0.18385377391488594,0.2222222222222222,0.8,0.12903225806451613,0.5625,1189,398,42,64,23,"[[9, 0, 0, 0, 0, 0], [14, 0, 0, 0, 0, 0], [9, 0, 0, 1, 0, 0], [6, 0, 0, 0, 0, 0], [6, 0, 0, 0, 1, 0], [15, 0, 0, 2, 1, 0]]","[[1.0, 0.0, 0.0, 0.0, 0.0, 0.0], [1.0, 0.0, 0.0, 0.0, 0.0, 0.0], [0.9, 0.0, 0.0, 0.1, 0.0, 0.0], [1.0, 0.0, 0.0, 0.0, 0.0, 0.0], [0.8571428571428571, 0.0, 0.0, 0.0, 0.14285714285714285, 0.0], [0.8333333333333334, 0.0, 0.0, 0.1111111111111111, 0.05555555555555555, 0.0]]","[-inf, -0.02, -0.005, 0.0, 0.005, 0.02, inf]","['≤ -2%', '(-2,-0.5]%', '(-0.5,0]%', '(0,0.5]%', '(0.5,2]%', '≥ 2%']","[0.6711229681968689, 0.5452155470848083, 0.5064747929573059, 0.4096229672431946, 0.4967896342277527]"
DIS,Services,GRU,multiclass,5,0.11063419339281406,0.15625,-0.0032965445425361395,,,,-0.1905246652387925,0.17391304347826086,0.3333333333333333,0.11764705882352941,0.40625,1189,398,42,64,21,"[[6, 3, 3, 0, 1, 5], [6, 0, 0, 0, 0, 0], [1, 1, 2, 0, 1, 1], [1, 1, 0, 0, 1, 0], [9, 0, 1, 0, 0, 1], [14, 3, 1, 0, 0, 2]]","[[0.3333333333333333, 0.16666666666666666, 0.16666666666666666, 0.0, 0.05555555555555555, 0.2777777777777778], [1.0, 0.0, 0.0, 0.0, 0.0, 0.0], [0.16666666666666666, 0.16666666666666666, 0.3333333333333333, 0.0, 0.16666666666666666, 0.16666666666666666], [0.3333333333333333, 0.3333333333333333, 0.0, 0.0, 0.3333333333333333, 0.0], [0.8181818181818182, 0.0, 0.09090909090909091, 0.0, 0.0, 0.09090909090909091], [0.7, 0.15, 0.05, 0.0, 0.0, 0.1]]","[-inf, -0.02, -0.005, 0.0, 0.005, 0.02, inf]","['≤ -2%', '(-2,-0.5]%', '(-0.5,0]%', '(0,0.5]%', '(0.5,2]%', '≥ 2%']","[0.6808081269264221, 0.5839563012123108, 0.5064747929573059, 0.438678503036499, 0.4871044456958771]"
DUK,Utilities,GRU,multiclass,5,0.21240601503759396,0.296875,0.012814403511583805,,,,0.24764219818702876,0.6835443037974683,0.574468085106383,0.84375,0.609375,1189,398,42,64,21,"[[1, 2, 0, 0, 0, 8], [0, 2, 3, 0, 0, 7], [2, 0, 2, 1, 0, 4], [0, 0, 1, 0, 0, 3], [0, 0, 2, 1, 2, 9], [0, 0, 2, 0, 0, 12]]","[[0.09090909090909091, 0.18181818181818182, 0.0, 0.0, 0.0, 0.7272727272727273], [0.0, 0.16666666666666666, 0.25, 0.0, 0.0, 0.5833333333333334], [0.2222222222222222, 0.0, 0.2222222222222222, 0.1111111111111111, 0.0, 0.4444444444444444], [0.0, 0.0, 0.25, 0.0, 0.0, 0.75], [0.0, 0.0, 0.14285714285714285, 0.07142857142857142, 0.14285714285714285, 0.6428571428571429], [0.0, 0.0, 0.14285714285714285, 0.0, 0.0, 0.8571428571428571]]","[-inf, -0.02, -0.005, 0.0, 0.005, 0.02, inf]","['≤ -2%', '(-2,-0.5]%', '(-0.5,0]%', '(0,0.5]%', '(0.5,2]%', '≥ 2%']","[0.6517525911331177, 0.5839563012123108, 0.5258451700210571, 0.5064747929573059, 0.4967896342277527]"
EXC,Utilities,GRU,multiclass,5,0.04225352112676056,0.140625,0.02744966372847557,,,,0.0,0.6382978723404256,0.46875,1.0,0.46875,1189,398,42,64,21,"[[0, 0, 0, 1, 1, 18], [0, 0, 0, 0, 0, 10], [0, 0, 0, 0, 0, 4], [0, 0, 0, 0, 0, 6], [0, 0, 0, 0, 0, 15], [0, 0, 0, 0, 0, 9]]","[[0.0, 0.0, 0.0, 0.05, 0.05, 0.9], [0.0, 0.0, 0.0, 0.0, 0.0, 1.0], [0.0, 0.0, 0.0, 0.0, 0.0, 1.0], [0.0, 0.0, 0.0, 0.0, 0.0, 1.0], [0.0, 0.0, 0.0, 0.0, 0.0, 1.0], [0.0, 0.0, 0.0, 0.0, 0.0, 1.0]]","[-inf, -0.02, -0.005, 0.0, 0.005, 0.02, inf]","['≤ -2%', '(-2,-0.5]%', '(-0.5,0]%', '(0,0.5]%', '(0.5,2]%', '≥ 2%']","[0.593641459941864, 0.5161600112915039, 0.6808081269264221, 0.6711229681968689, 0.5064747929573059]"
FB,Technology,GRU,multiclass,5,0.10484307359307359,0.125,-0.0020490805618464947,,,,-0.06240659293657412,0.56,0.5675675675675675,0.5526315789473685,0.484375,1189,398,42,64,21,"[[3, 0, 0, 5, 2, 2], [4, 0, 0, 3, 2, 2], [3, 0, 0, 0, 0, 0], [0, 0, 1, 1, 1, 2], [0, 0, 0, 4, 3, 6], [10, 4, 2, 3, 0, 1]]","[[0.25, 0.0, 0.0, 0.4166666666666667, 0.16666666666666666, 0.16666666666666666], [0.36363636363636365, 0.0, 0.0, 0.2727272727272727, 0.18181818181818182, 0.18181818181818182], [1.0, 0.0, 0.0, 0.0, 0.0, 0.0], [0.0, 0.0, 0.2, 0.2, 0.2, 0.4], [0.0, 0.0, 0.0, 0.3076923076923077, 0.23076923076923078, 0.46153846153846156], [0.5, 0.2, 0.1, 0.15, 0.0, 0.05]]","[-inf, -0.02, -0.005, 0.0, 0.005, 0.02, inf]","['≤ -2%', '(-2,-0.5]%', '(-0.5,0]%', '(0,0.5]%', '(0.5,2]%', '≥ 2%']","[0.4967896342277527, 0.4289933443069458, 0.44836369156837463, 0.45804888010025024, 0.4096229672431946]"
GD,Industrial Goods,GRU,multiclass,5,0.18140715966802923,0.234375,0.0032852403819561005,,,,-0.07116958850708793,0.47058823529411764,0.38095238095238093,0.6153846153846154,0.4375,1189,398,42,64,26,"[[6, 0, 1, 2, 7, 2], [1, 3, 0, 1, 6, 3], [1, 0, 0, 1, 2, 2], [0, 2, 1, 0, 1, 1], [0, 4, 0, 0, 4, 1], [0, 3, 0, 0, 7, 2]]","[[0.3333333333333333, 0.0, 0.05555555555555555, 0.1111111111111111, 0.3888888888888889, 0.1111111111111111], [0.07142857142857142, 0.21428571428571427, 0.0, 0.07142857142857142, 0.42857142857142855, 0.21428571428571427], [0.16666666666666666, 0.0, 0.0, 0.16666666666666666, 0.3333333333333333, 0.3333333333333333], [0.0, 0.4, 0.2, 0.0, 0.2, 0.2], [0.0, 0.4444444444444444, 0.0, 0.0, 0.4444444444444444, 0.1111111111111111], [0.0, 0.25, 0.0, 0.0, 0.5833333333333334, 0.16666666666666666]]","[-inf, -0.02, -0.005, 0.0, 0.005, 0.02, inf]","['≤ -2%', '(-2,-0.5]%', '(-0.5,0]%', '(0,0.5]%', '(0.5,2]%', '≥ 2%']","[0.47741925716400146, 0.47741925716400146, 0.4871044456958771, 0.438678503036499, 0.6808081269264221]"
GE,Industrial Goods,GRU,multiclass,5,0.09198343079922026,0.109375,-0.017923621460795403,,,,0.039091507434887804,0.2909090909090909,0.7272727272727273,0.18181818181818182,0.390625,1189,398,42,64,22,"[[3, 0, 2, 0, 0, 0], [8, 0, 0, 1, 0, 0], [4, 0, 0, 2, 0, 0], [6, 0, 1, 1, 0, 0], [18, 0, 0, 2, 0, 0], [10, 0, 1, 2, 0, 3]]","[[0.6, 0.0, 0.4, 0.0, 0.0, 0.0], [0.8888888888888888, 0.0, 0.0, 0.1111111111111111, 0.0, 0.0], [0.6666666666666666, 0.0, 0.0, 0.3333333333333333, 0.0, 0.0], [0.75, 0.0, 0.125, 0.125, 0.0, 0.0], [0.9, 0.0, 0.0, 0.1, 0.0, 0.0], [0.625, 0.0, 0.0625, 0.125, 0.0, 0.1875]]","[-inf, -0.02, -0.005, 0.0, 0.005, 0.02, inf]","['≤ -2%', '(-2,-0.5]%', '(-0.5,0]%', '(0,0.5]%', '(0.5,2]%', '≥ 2%']","[0.5742710828781128, 0.5064747929573059, 0.5064747929573059, 0.5064747929573059, 0.6130118370056152]"
GOOG,Technology,GRU,multiclass,5,0.05198973042362002,0.09375,-0.011212199926376343,,,,0.0,0.0,0.0,0.0,0.34375,1189,398,42,64,21,"[[1, 7, 0, 0, 0, 0], [2, 5, 0, 0, 0, 0], [3, 4, 0, 0, 0, 0], [0, 1, 0, 0, 0, 0], [13, 8, 0, 0, 0, 0], [14, 6, 0, 0, 0, 0]]","[[0.125, 0.875, 0.0, 0.0, 0.0, 0.0], [0.2857142857142857, 0.7142857142857143, 0.0, 0.0, 0.0, 0.0], [0.42857142857142855, 0.5714285714285714, 0.0, 0.0, 0.0, 0.0], [0.0, 1.0, 0.0, 0.0, 0.0, 0.0], [0.6190476190476191, 0.38095238095238093, 0.0, 0.0, 0.0, 0.0], [0.7, 0.3, 0.0, 0.0, 0.0, 0.0]]","[-inf, -0.02, -0.005, 0.0, 0.005, 0.02, inf]","['≤ -2%', '(-2,-0.5]%', '(-0.5,0]%', '(0,0.5]%', '(0.5,2]%', '≥ 2%']","[0.39025259017944336, 0.39025259017944336, 0.39025259017944336, 0.39025259017944336, 0.39025259017944336]"
HD,Services,GRU,multiclass,5,0.07814992025518341,0.125,0.003335859626531601,,,,0.09759000729485331,0.04878048780487805,1.0,0.025,0.390625,1189,398,42,64,21,"[[0, 3, 4, 0, 0, 0], [1, 6, 5, 0, 0, 0], [2, 1, 2, 0, 0, 0], [1, 3, 2, 0, 0, 0], [1, 7, 13, 0, 0, 0], [4, 1, 7, 1, 0, 0]]","[[0.0, 0.42857142857142855, 0.5714285714285714, 0.0, 0.0, 0.0], [0.08333333333333333, 0.5, 0.4166666666666667, 0.0, 0.0, 0.0], [0.4, 0.2, 0.4, 0.0, 0.0, 0.0], [0.16666666666666666, 0.5, 0.3333333333333333, 0.0, 0.0, 0.0], [0.047619047619047616, 0.3333333333333333, 0.6190476190476191, 0.0, 0.0, 0.0], [0.3076923076923077, 0.07692307692307693, 0.5384615384615384, 0.07692307692307693, 0.0, 0.0]]","[-inf, -0.02, -0.005, 0.0, 0.005, 0.02, inf]","['≤ -2%', '(-2,-0.5]%', '(-0.5,0]%', '(0,0.5]%', '(0.5,2]%', '≥ 2%']","[0.603326678276062, 0.5064747929573059, 0.46773406863212585, 0.5839563012123108, 0.5742710828781128]"
HON,Industrial Goods,GRU,multiclass,5,0.2646584002229709,0.328125,0.0005655012209899724,,,,0.17717089351011517,0.6578947368421053,0.5952380952380952,0.7352941176470589,0.59375,1189,398,42,64,21,"[[2, 0, 0, 3, 5, 0], [3, 2, 1, 4, 4, 0], [5, 0, 0, 0, 1, 0], [3, 0, 0, 1, 2, 0], [4, 0, 1, 0, 5, 1], [0, 1, 0, 0, 5, 11]]","[[0.2, 0.0, 0.0, 0.3, 0.5, 0.0], [0.21428571428571427, 0.14285714285714285, 0.07142857142857142, 0.2857142857142857, 0.2857142857142857, 0.0], [0.8333333333333334, 0.0, 0.0, 0.0, 0.16666666666666666, 0.0], [0.5, 0.0, 0.0, 0.16666666666666666, 0.3333333333333333, 0.0], [0.36363636363636365, 0.0, 0.09090909090909091, 0.0, 0.45454545454545453, 0.09090909090909091], [0.0, 0.058823529411764705, 0.0, 0.0, 0.29411764705882354, 0.6470588235294118]]","[-inf, -0.02, -0.005, 0.0, 0.005, 0.02, inf]","['≤ -2%', '(-2,-0.5]%', '(-0.5,0]%', '(0,0.5]%', '(0.5,2]%', '≥ 2%']","[0.39025259017944336, 0.39025259017944336, 0.39993777871131897, 0.4193081557750702, 0.5839563012123108]"
HRG,Conglomerates,GRU,multiclass,5,0.27009680134680136,0.421875,-0.007867963053286076,,,,0.5367523612987272,0.6666666666666666,0.9444444444444444,0.5151515151515151,0.734375,1189,398,42,64,22,"[[17, 0, 0, 0, 0, 0], [9, 0, 0, 0, 0, 0], [1, 1, 2, 0, 1, 0], [0, 0, 0, 0, 0, 1], [1, 3, 3, 0, 1, 2], [3, 5, 1, 0, 6, 7]]","[[1.0, 0.0, 0.0, 0.0, 0.0, 0.0], [1.0, 0.0, 0.0, 0.0, 0.0, 0.0], [0.2, 0.2, 0.4, 0.0, 0.2, 0.0], [0.0, 0.0, 0.0, 0.0, 0.0, 1.0], [0.1, 0.3, 0.3, 0.0, 0.1, 0.2], [0.13636363636363635, 0.22727272727272727, 0.045454545454545456, 0.0, 0.2727272727272727, 0.3181818181818182]]","[-inf, -0.02, -0.005, 0.0, 0.005, 0.02, inf]","['≤ -2%', '(-2,-0.5]%', '(-0.5,0]%', '(0,0.5]%', '(0.5,2]%', '≥ 2%']","[0.39025259017944336, 0.593641459941864, 0.46773406863212585, 0.46773406863212585, 0.46773406863212585]"
HSBC,Financial,GRU,multiclass,5,0.14046345811051694,0.265625,0.01580933853983879,,,,0.0,0.6526315789473685,0.484375,1.0,0.484375,1189,398,42,64,21,"[[0, 0, 0, 0, 12, 3], [0, 0, 0, 0, 15, 0], [0, 0, 0, 0, 2, 1], [0, 0, 0, 0, 4, 2], [0, 0, 0, 0, 7, 4], [0, 0, 0, 0, 4, 10]]","[[0.0, 0.0, 0.0, 0.0, 0.8, 0.2], [0.0, 0.0, 0.0, 0.0, 1.0, 0.0], [0.0, 0.0, 0.0, 0.0, 0.6666666666666666, 0.3333333333333333], [0.0, 0.0, 0.0, 0.0, 0.6666666666666666, 0.3333333333333333], [0.0, 0.0, 0.0, 0.0, 0.6363636363636364, 0.36363636363636365], [0.0, 0.0, 0.0, 0.0, 0.2857142857142857, 0.7142857142857143]]","[-inf, -0.02, -0.005, 0.0, 0.005, 0.02, inf]","['≤ -2%', '(-2,-0.5]%', '(-0.5,0]%', '(0,0.5]%', '(0.5,2]%', '≥ 2%']","[0.5452155470848083, 0.5452155470848083, 0.5355303883552551, 0.5355303883552551, 0.6808081269264221]"
IEP,Conglomerates,GRU,multiclass,5,0.05982905982905983,0.21875,0.035290323197841644,,,,0.0,0.5116279069767442,0.34375,1.0,0.34375,1189,398,42,64,21,"[[0, 0, 0, 0, 0, 32], [0, 0, 0, 0, 0, 8], [0, 0, 0, 0, 0, 2], [0, 0, 0, 0, 0, 1], [0, 0, 0, 0, 0, 7], [0, 0, 0, 0, 0, 14]]","[[0.0, 0.0, 0.0, 0.0, 0.0, 1.0], [0.0, 0.0, 0.0, 0.0, 0.0, 1.0], [0.0, 0.0, 0.0, 0.0, 0.0, 1.0], [0.0, 0.0, 0.0, 0.0, 0.0, 1.0], [0.0, 0.0, 0.0, 0.0, 0.0, 1.0], [0.0, 0.0, 0.0, 0.0, 0.0, 1.0]]","[-inf, -0.02, -0.005, 0.0, 0.005, 0.02, inf]","['≤ -2%', '(-2,-0.5]%', '(-0.5,0]%', '(0,0.5]%', '(0.5,2]%', '≥ 2%']","[0.39025259017944336, 0.39025259017944336, 0.39025259017944336, 0.39025259017944336, 0.39025259017944336]"
INTC,Technology,GRU,multiclass,5,0.05333333333333334,0.1875,-0.01572432368993759,,,,0.0,0.0,0.0,0.0,0.453125,1189,398,42,64,22,"[[12, 0, 0, 0, 0, 0], [13, 0, 0, 0, 0, 0], [4, 0, 0, 0, 0, 0], [4, 0, 0, 0, 0, 0], [12, 0, 0, 0, 0, 0], [18, 0, 1, 0, 0, 0]]","[[1.0, 0.0, 0.0, 0.0, 0.0, 0.0], [1.0, 0.0, 0.0, 0.0, 0.0, 0.0], [1.0, 0.0, 0.0, 0.0, 0.0, 0.0], [1.0, 0.0, 0.0, 0.0, 0.0, 0.0], [1.0, 0.0, 0.0, 0.0, 0.0, 0.0], [0.9473684210526315, 0.0, 0.05263157894736842, 0.0, 0.0, 0.0]]","[-inf, -0.02, -0.005, 0.0, 0.005, 0.02, inf]","['≤ -2%', '(-2,-0.5]%', '(-0.5,0]%', '(0,0.5]%', '(0.5,2]%', '≥ 2%']","[0.6517525911331177, 0.5742710828781128, 0.5452155470848083, 0.5645859241485596, 0.4871044456958771]"
JNJ,Healthcare,GRU,multiclass,5,0.2791374631782102,0.390625,0.003209326881915331,,,,0.3771765929404717,0.6567164179104478,0.88,0.5238095238095238,0.640625,1189,398,42,64,21,"[[7, 0, 0, 0, 0, 0], [4, 2, 3, 1, 1, 0], [2, 0, 1, 0, 0, 1], [5, 1, 1, 0, 0, 0], [4, 1, 4, 1, 1, 6], [2, 0, 2, 0, 0, 14]]","[[1.0, 0.0, 0.0, 0.0, 0.0, 0.0], [0.36363636363636365, 0.18181818181818182, 0.2727272727272727, 0.09090909090909091, 0.09090909090909091, 0.0], [0.5, 0.0, 0.25, 0.0, 0.0, 0.25], [0.7142857142857143, 0.14285714285714285, 0.14285714285714285, 0.0, 0.0, 0.0], [0.23529411764705882, 0.058823529411764705, 0.23529411764705882, 0.058823529411764705, 0.058823529411764705, 0.35294117647058826], [0.1111111111111111, 0.0, 0.1111111111111111, 0.0, 0.0, 0.7777777777777778]]","[-inf, -0.02, -0.005, 0.0, 0.005, 0.02, inf]","['≤ -2%', '(-2,-0.5]%', '(-0.5,0]%', '(0,0.5]%', '(0.5,2]%', '≥ 2%']","[0.6711229681968689, 0.6517525911331177, 0.46773406863212585, 0.39025259017944336, 0.45804888010025024]"
JPM,Financial,GRU,multiclass,5,0.11026061600145798,0.234375,-0.016801390796899796,,,,0.18367958959266126,0.4444444444444444,0.75,0.3157894736842105,0.53125,1189,398,42,64,22,"[[10, 0, 0, 0, 0, 1], [10, 0, 0, 0, 0, 1], [2, 0, 0, 0, 1, 1], [4, 0, 0, 0, 0, 0], [11, 0, 0, 0, 0, 6], [11, 0, 0, 1, 0, 5]]","[[0.9090909090909091, 0.0, 0.0, 0.0, 0.0, 0.09090909090909091], [0.9090909090909091, 0.0, 0.0, 0.0, 0.0, 0.09090909090909091], [0.5, 0.0, 0.0, 0.0, 0.25, 0.25], [1.0, 0.0, 0.0, 0.0, 0.0, 0.0], [0.6470588235294118, 0.0, 0.0, 0.0, 0.0, 0.35294117647058826], [0.6470588235294118, 0.0, 0.0, 0.058823529411764705, 0.0, 0.29411764705882354]]","[-inf, -0.02, -0.005, 0.0, 0.005, 0.02, inf]","['≤ -2%', '(-2,-0.5]%', '(-0.5,0]%', '(0,0.5]%', '(0.5,2]%', '≥ 2%']","[0.6226970553398132, 0.593641459941864, 0.5839563012123108, 0.39025259017944336, 0.44836369156837463]"
KO,Consumer Goods,GRU,multiclass,5,0.15511982570806102,0.25,-0.0031545257661491632,,,,0.14547859349066158,0.4230769230769231,0.6875,0.3055555555555556,0.53125,1189,398,42,64,21,"[[0, 6, 0, 1, 0, 0], [0, 12, 1, 1, 0, 0], [0, 3, 1, 1, 2, 0], [0, 7, 0, 0, 0, 1], [0, 9, 4, 2, 0, 1], [0, 3, 2, 2, 2, 3]]","[[0.0, 0.8571428571428571, 0.0, 0.14285714285714285, 0.0, 0.0], [0.0, 0.8571428571428571, 0.07142857142857142, 0.07142857142857142, 0.0, 0.0], [0.0, 0.42857142857142855, 0.14285714285714285, 0.14285714285714285, 0.2857142857142857, 0.0], [0.0, 0.875, 0.0, 0.0, 0.0, 0.125], [0.0, 0.5625, 0.25, 0.125, 0.0, 0.0625], [0.0, 0.25, 0.16666666666666666, 0.16666666666666666, 0.16666666666666666, 0.25]]","[-inf, -0.02, -0.005, 0.0, 0.005, 0.02, inf]","['≤ -2%', '(-2,-0.5]%', '(-0.5,0]%', '(0,0.5]%', '(0.5,2]%', '≥ 2%']","[0.39025259017944336, 0.47741925716400146, 0.6517525911331177, 0.5452155470848083, 0.4967896342277527]"
LMT,Industrial Goods,GRU,multiclass,5,0.14015151515151514,0.234375,0.000412411754950881,,,,0.5546533128886094,0.6190476190476191,1.0,0.4482758620689655,0.75,1189,398,42,64,21,"[[0, 10, 3, 0, 0, 0], [2, 10, 5, 0, 0, 0], [0, 4, 1, 0, 0, 0], [1, 0, 0, 0, 2, 0], [0, 2, 5, 0, 4, 0], [0, 5, 3, 0, 7, 0]]","[[0.0, 0.7692307692307693, 0.23076923076923078, 0.0, 0.0, 0.0], [0.11764705882352941, 0.5882352941176471, 0.29411764705882354, 0.0, 0.0, 0.0], [0.0, 0.8, 0.2, 0.0, 0.0, 0.0], [0.3333333333333333, 0.0, 0.0, 0.0, 0.6666666666666666, 0.0], [0.0, 0.18181818181818182, 0.45454545454545453, 0.0, 0.36363636363636365, 0.0], [0.0, 0.3333333333333333, 0.2, 0.0, 0.4666666666666667, 0.0]]","[-inf, -0.02, -0.005, 0.0, 0.005, 0.02, inf]","['≤ -2%', '(-2,-0.5]%', '(-0.5,0]%', '(0,0.5]%', '(0.5,2]%', '≥ 2%']","[0.5064747929573059, 0.438678503036499, 0.5161600112915039, 0.6226970553398132, 0.4871044456958771]"
MA,Financial,GRU,multiclass,5,0.17373543193560015,0.203125,-0.0029391730204224586,,,,0.13731183428500407,0.43636363636363634,0.7058823529411765,0.3157894736842105,0.515625,1189,398,42,64,21,"[[4, 3, 1, 2, 1, 0], [7, 3, 0, 1, 0, 0], [2, 1, 0, 0, 1, 0], [4, 1, 1, 0, 1, 0], [8, 1, 4, 2, 4, 0], [5, 1, 1, 0, 3, 2]]","[[0.36363636363636365, 0.2727272727272727, 0.09090909090909091, 0.18181818181818182, 0.09090909090909091, 0.0], [0.6363636363636364, 0.2727272727272727, 0.0, 0.09090909090909091, 0.0, 0.0], [0.5, 0.25, 0.0, 0.0, 0.25, 0.0], [0.5714285714285714, 0.14285714285714285, 0.14285714285714285, 0.0, 0.14285714285714285, 0.0], [0.42105263157894735, 0.05263157894736842, 0.21052631578947367, 0.10526315789473684, 0.21052631578947367, 0.0], [0.4166666666666667, 0.08333333333333333, 0.08333333333333333, 0.0, 0.25, 0.16666666666666666]]","[-inf, -0.02, -0.005, 0.0, 0.005, 0.02, inf]","['≤ -2%', '(-2,-0.5]%', '(-0.5,0]%', '(0,0.5]%', '(0.5,2]%', '≥ 2%']","[0.6808081269264221, 0.438678503036499, 0.45804888010025024, 0.47741925716400146, 0.47741925716400146]"
MCD,Services,GRU,multiclass,5,0.020512820512820513,0.0625,-0.008031975477933884,,,,0.1167050628061517,0.0851063829787234,1.0,0.044444444444444446,0.328125,1189,398,42,64,21,"[[4, 0, 0, 0, 0, 0], [7, 0, 0, 0, 0, 0], [8, 0, 0, 0, 0, 0], [8, 0, 0, 0, 0, 0], [22, 0, 0, 0, 0, 0], [12, 1, 0, 2, 0, 0]]","[[1.0, 0.0, 0.0, 0.0, 0.0, 0.0], [1.0, 0.0, 0.0, 0.0, 0.0, 0.0], [1.0, 0.0, 0.0, 0.0, 0.0, 0.0], [1.0, 0.0, 0.0, 0.0, 0.0, 0.0], [1.0, 0.0, 0.0, 0.0, 0.0, 0.0], [0.8, 0.06666666666666667, 0.0, 0.13333333333333333, 0.0, 0.0]]","[-inf, -0.02, -0.005, 0.0, 0.005, 0.02, inf]","['≤ -2%', '(-2,-0.5]%', '(-0.5,0]%', '(0,0.5]%', '(0.5,2]%', '≥ 2%']","[0.6711229681968689, 0.603326678276062, 0.603326678276062, 0.5645859241485596, 0.5258451700210571]"
MDT,Healthcare,GRU,multiclass,5,0.21040868454661557,0.234375,0.005816752091050148,,,,0.14606945763083234,0.6987951807228916,0.6744186046511628,0.725,0.609375,1189,398,42,64,21,"[[2, 0, 0, 0, 1, 3], [0, 1, 4, 2, 2, 3], [1, 2, 0, 1, 2, 0], [3, 0, 1, 2, 3, 2], [0, 1, 2, 2, 3, 6], [0, 2, 2, 0, 4, 7]]","[[0.3333333333333333, 0.0, 0.0, 0.0, 0.16666666666666666, 0.5], [0.0, 0.08333333333333333, 0.3333333333333333, 0.16666666666666666, 0.16666666666666666, 0.25], [0.16666666666666666, 0.3333333333333333, 0.0, 0.16666666666666666, 0.3333333333333333, 0.0], [0.2727272727272727, 0.0, 0.09090909090909091, 0.18181818181818182, 0.2727272727272727, 0.18181818181818182], [0.0, 0.07142857142857142, 0.14285714285714285, 0.14285714285714285, 0.21428571428571427, 0.42857142857142855], [0.0, 0.13333333333333333, 0.13333333333333333, 0.0, 0.26666666666666666, 0.4666666666666667]]","[-inf, -0.02, -0.005, 0.0, 0.005, 0.02, inf]","['≤ -2%', '(-2,-0.5]%', '(-0.5,0]%', '(0,0.5]%', '(0.5,2]%', '≥ 2%']","[0.6130118370056152, 0.4193081557750702, 0.5064747929573059, 0.44836369156837463, 0.44836369156837463]"
MMM,Industrial Goods,GRU,multiclass,5,0.1738834422657952,0.28125,0.0061986735090613365,,,,0.2512366785266634,0.576271186440678,0.7083333333333334,0.4857142857142857,0.609375,1189,398,42,64,21,"[[7, 1, 0, 0, 0, 5], [8, 0, 1, 0, 0, 0], [4, 1, 0, 0, 0, 2], [5, 0, 1, 0, 1, 0], [8, 0, 0, 0, 2, 4], [3, 0, 1, 0, 1, 9]]","[[0.5384615384615384, 0.07692307692307693, 0.0, 0.0, 0.0, 0.38461538461538464], [0.8888888888888888, 0.0, 0.1111111111111111, 0.0, 0.0, 0.0], [0.5714285714285714, 0.14285714285714285, 0.0, 0.0, 0.0, 0.2857142857142857], [0.7142857142857143, 0.0, 0.14285714285714285, 0.0, 0.14285714285714285, 0.0], [0.5714285714285714, 0.0, 0.0, 0.0, 0.14285714285714285, 0.2857142857142857], [0.21428571428571427, 0.0, 0.07142857142857142, 0.0, 0.07142857142857142, 0.6428571428571429]]","[-inf, -0.02, -0.005, 0.0, 0.005, 0.02, inf]","['≤ -2%', '(-2,-0.5]%', '(-0.5,0]%', '(0,0.5]%', '(0.5,2]%', '≥ 2%']","[0.6808081269264221, 0.6323822140693665, 0.6130118370056152, 0.5549007058143616, 0.5355303883552551]"
MO,Consumer Goods,GRU,multiclass,5,0.1648786717752235,0.171875,-0.0019397101132199168,,,,0.09423188886809433,0.631578947368421,0.6486486486486487,0.6153846153846154,0.5625,1189,398,42,64,21,"[[4, 2, 0, 1, 0, 0], [2, 2, 2, 3, 3, 1], [0, 0, 0, 1, 3, 1], [0, 1, 2, 0, 3, 1], [0, 0, 2, 3, 3, 6], [5, 2, 3, 3, 3, 2]]","[[0.5714285714285714, 0.2857142857142857, 0.0, 0.14285714285714285, 0.0, 0.0], [0.15384615384615385, 0.15384615384615385, 0.15384615384615385, 0.23076923076923078, 0.23076923076923078, 0.07692307692307693], [0.0, 0.0, 0.0, 0.2, 0.6, 0.2], [0.0, 0.14285714285714285, 0.2857142857142857, 0.0, 0.42857142857142855, 0.14285714285714285], [0.0, 0.0, 0.14285714285714285, 0.21428571428571427, 0.21428571428571427, 0.42857142857142855], [0.2777777777777778, 0.1111111111111111, 0.16666666666666666, 0.16666666666666666, 0.16666666666666666, 0.1111111111111111]]","[-inf, -0.02, -0.005, 0.0, 0.005, 0.02, inf]","['≤ -2%', '(-2,-0.5]%', '(-0.5,0]%', '(0,0.5]%', '(0.5,2]%', '≥ 2%']","[0.47741925716400146, 0.39025259017944336, 0.6517525911331177, 0.39025259017944336, 0.39025259017944336]"
MRK,Healthcare,GRU,multiclass,5,0.07317073170731707,0.28125,0.03060934692621231,,,,0.0,0.6526315789473685,0.484375,1.0,0.484375,1189,398,42,64,21,"[[0, 0, 0, 0, 0, 11], [0, 0, 0, 0, 0, 19], [0, 0, 0, 0, 0, 3], [0, 0, 0, 0, 0, 2], [0, 0, 0, 0, 0, 11], [0, 0, 0, 0, 0, 18]]","[[0.0, 0.0, 0.0, 0.0, 0.0, 1.0], [0.0, 0.0, 0.0, 0.0, 0.0, 1.0], [0.0, 0.0, 0.0, 0.0, 0.0, 1.0], [0.0, 0.0, 0.0, 0.0, 0.0, 1.0], [0.0, 0.0, 0.0, 0.0, 0.0, 1.0], [0.0, 0.0, 0.0, 0.0, 0.0, 1.0]]","[-inf, -0.02, -0.005, 0.0, 0.005, 0.02, inf]","['≤ -2%', '(-2,-0.5]%', '(-0.5,0]%', '(0,0.5]%', '(0.5,2]%', '≥ 2%']","[0.47741925716400146, 0.46773406863212585, 0.47741925716400146, 0.4967896342277527, 0.47741925716400146]"
MSFT,Technology,GRU,multiclass,5,0.02487562189054726,0.078125,-0.017588675022125244,,,,0.1437993271357627,0.0975609756097561,1.0,0.05128205128205128,0.421875,1189,398,42,64,22,"[[5, 0, 0, 0, 0, 0], [14, 0, 0, 0, 0, 0], [6, 0, 0, 0, 0, 0], [5, 0, 0, 0, 0, 0], [18, 0, 0, 0, 0, 0], [14, 0, 0, 2, 0, 0]]","[[1.0, 0.0, 0.0, 0.0, 0.0, 0.0], [1.0, 0.0, 0.0, 0.0, 0.0, 0.0], [1.0, 0.0, 0.0, 0.0, 0.0, 0.0], [1.0, 0.0, 0.0, 0.0, 0.0, 0.0], [1.0, 0.0, 0.0, 0.0, 0.0, 0.0], [0.875, 0.0, 0.0, 0.125, 0.0, 0.0]]","[-inf, -0.02, -0.005, 0.0, 0.005, 0.02, inf]","['≤ -2%', '(-2,-0.5]%', '(-0.5,0]%', '(0,0.5]%', '(0.5,2]%', '≥ 2%']","[0.5839563012123108, 0.39025259017944336, 0.39025259017944336, 0.6614377498626709, 0.6808081269264221]"
NEE,Utilities,GRU,multiclass,5,0.1714672364672365,0.25,0.012835864908993244,,,,0.09535908376272667,0.7157894736842105,0.576271186440678,0.9444444444444444,0.578125,1189,398,42,64,21,"[[0, 0, 1, 0, 4, 1], [1, 1, 0, 1, 2, 12], [0, 0, 0, 0, 4, 1], [0, 0, 2, 2, 0, 3], [0, 0, 0, 1, 4, 9], [0, 0, 0, 2, 4, 9]]","[[0.0, 0.0, 0.16666666666666666, 0.0, 0.6666666666666666, 0.16666666666666666], [0.058823529411764705, 0.058823529411764705, 0.0, 0.058823529411764705, 0.11764705882352941, 0.7058823529411765], [0.0, 0.0, 0.0, 0.0, 0.8, 0.2], [0.0, 0.0, 0.2857142857142857, 0.2857142857142857, 0.0, 0.42857142857142855], [0.0, 0.0, 0.0, 0.07142857142857142, 0.2857142857142857, 0.6428571428571429], [0.0, 0.0, 0.0, 0.13333333333333333, 0.26666666666666666, 0.6]]","[-inf, -0.02, -0.005, 0.0, 0.005, 0.02, inf]","['≤ -2%', '(-2,-0.5]%', '(-0.5,0]%', '(0,0.5]%', '(0.5,2]%', '≥ 2%']","[0.5161600112915039, 0.5161600112915039, 0.5064747929573059, 0.5064747929573059, 0.5258451700210571]"
NGG,Utilities,GRU,multiclass,5,0.13342198581560283,0.25,-0.002311257179826498,,,,0.4613499545235486,0.6909090909090909,0.6551724137931034,0.7307692307692307,0.734375,1189,398,42,64,21,"[[10, 0, 0, 2, 0, 0], [14, 0, 0, 2, 0, 2], [4, 0, 0, 1, 1, 2], [0, 0, 0, 0, 1, 4], [3, 0, 0, 0, 0, 6], [4, 0, 0, 2, 0, 6]]","[[0.8333333333333334, 0.0, 0.0, 0.16666666666666666, 0.0, 0.0], [0.7777777777777778, 0.0, 0.0, 0.1111111111111111, 0.0, 0.1111111111111111], [0.5, 0.0, 0.0, 0.125, 0.125, 0.25], [0.0, 0.0, 0.0, 0.0, 0.2, 0.8], [0.3333333333333333, 0.0, 0.0, 0.0, 0.0, 0.6666666666666666], [0.3333333333333333, 0.0, 0.0, 0.16666666666666666, 0.0, 0.5]]","[-inf, -0.02, -0.005, 0.0, 0.005, 0.02, inf]","['≤ -2%', '(-2,-0.5]%', '(-0.5,0]%', '(0,0.5]%', '(0.5,2]%', '≥ 2%']","[0.46773406863212585, 0.45804888010025024, 0.45804888010025024, 0.593641459941864, 0.6808081269264221]"
NVS,Healthcare,GRU,multiclass,5,0.02857142857142857,0.09375,0.03471215441823006,,,,0.0,0.5287356321839081,0.359375,1.0,0.359375,1189,398,42,64,23,"[[0, 0, 0, 0, 0, 15], [0, 0, 0, 0, 0, 25], [0, 0, 0, 0, 0, 1], [0, 0, 0, 0, 0, 8], [0, 0, 0, 0, 0, 9], [0, 0, 0, 0, 0, 6]]","[[0.0, 0.0, 0.0, 0.0, 0.0, 1.0], [0.0, 0.0, 0.0, 0.0, 0.0, 1.0], [0.0, 0.0, 0.0, 0.0, 0.0, 1.0], [0.0, 0.0, 0.0, 0.0, 0.0, 1.0], [0.0, 0.0, 0.0, 0.0, 0.0, 1.0], [0.0, 0.0, 0.0, 0.0, 0.0, 1.0]]","[-inf, -0.02, -0.005, 0.0, 0.005, 0.02, inf]","['≤ -2%', '(-2,-0.5]%', '(-0.5,0]%', '(0,0.5]%', '(0.5,2]%', '≥ 2%']","[0.4193081557750702, 0.4289933443069458, 0.4289933443069458, 0.39025259017944336, 0.39025259017944336]"
ORCL,Technology,GRU,multiclass,5,0.1435897435897436,0.28125,0.01890089549124241,,,,0.13064015512799124,0.6133333333333333,0.5111111111111111,0.7666666666666667,0.546875,1189,398,42,64,21,"[[6, 0, 0, 0, 1, 13], [4, 0, 0, 1, 0, 6], [2, 0, 0, 1, 0, 0], [2, 0, 0, 0, 0, 2], [2, 0, 0, 0, 1, 8], [3, 0, 0, 1, 0, 11]]","[[0.3, 0.0, 0.0, 0.0, 0.05, 0.65], [0.36363636363636365, 0.0, 0.0, 0.09090909090909091, 0.0, 0.5454545454545454], [0.6666666666666666, 0.0, 0.0, 0.3333333333333333, 0.0, 0.0], [0.5, 0.0, 0.0, 0.0, 0.0, 0.5], [0.18181818181818182, 0.0, 0.0, 0.0, 0.09090909090909091, 0.7272727272727273], [0.2, 0.0, 0.0, 0.06666666666666667, 0.0, 0.7333333333333333]]","[-inf, -0.02, -0.005, 0.0, 0.005, 0.02, inf]","['≤ -2%', '(-2,-0.5]%', '(-0.5,0]%', '(0,0.5]%', '(0.5,2]%', '≥ 2%']","[0.6808081269264221, 0.6711229681968689, 0.5452155470848083, 0.5452155470848083, 0.5549007058143616]"
PCG,Utilities,GRU,multiclass,5,0.14791810443984355,0.203125,0.0029792049899697304,,,,-0.02404930351219409,0.4074074074074074,0.4230769230769231,0.39285714285714285,0.5,1189,398,42,64,21,"[[3, 2, 0, 1, 1, 1], [4, 8, 0, 3, 4, 1], [2, 2, 0, 2, 0, 2], [0, 3, 0, 0, 0, 0], [0, 7, 1, 3, 1, 3], [1, 4, 1, 3, 0, 1]]","[[0.375, 0.25, 0.0, 0.125, 0.125, 0.125], [0.2, 0.4, 0.0, 0.15, 0.2, 0.05], [0.25, 0.25, 0.0, 0.25, 0.0, 0.25], [0.0, 1.0, 0.0, 0.0, 0.0, 0.0], [0.0, 0.4666666666666667, 0.06666666666666667, 0.2, 0.06666666666666667, 0.2], [0.1, 0.4, 0.1, 0.3, 0.0, 0.1]]","[-inf, -0.02, -0.005, 0.0, 0.005, 0.02, inf]","['≤ -2%', '(-2,-0.5]%', '(-0.5,0]%', '(0,0.5]%', '(0.5,2]%', '≥ 2%']","[0.6711229681968689, 0.4289933443069458, 0.5355303883552551, 0.4871044456958771, 0.593641459941864]"
PCLN,Services,GRU,multiclass,5,0.08152479704203842,0.125,-0.008133182302117348,,,,-0.09513170724773494,0.05263157894736842,0.3333333333333333,0.02857142857142857,0.4375,1189,398,42,64,21,"[[4, 7, 8, 1, 0, 0], [1, 0, 3, 1, 0, 0], [0, 1, 3, 0, 0, 0], [0, 0, 1, 0, 0, 0], [0, 0, 9, 0, 0, 0], [4, 4, 16, 0, 0, 1]]","[[0.2, 0.35, 0.4, 0.05, 0.0, 0.0], [0.2, 0.0, 0.6, 0.2, 0.0, 0.0], [0.0, 0.25, 0.75, 0.0, 0.0, 0.0], [0.0, 0.0, 1.0, 0.0, 0.0, 0.0], [0.0, 0.0, 1.0, 0.0, 0.0, 0.0], [0.16, 0.16, 0.64, 0.0, 0.0, 0.04]]","[-inf, -0.02, -0.005, 0.0, 0.005, 0.02, inf]","['≤ -2%', '(-2,-0.5]%', '(-0.5,0]%', '(0,0.5]%', '(0.5,2]%', '≥ 2%']","[0.44836369156837463, 0.46773406863212585, 0.46773406863212585, 0.39993777871131897, 0.39025259017944336]"
PEP,Consumer Goods,GRU,multiclass,5,0.17177851388377705,0.25,-0.002350226975977421,,,,0.24926686217008798,0.6363636363636364,0.6363636363636364,0.6363636363636364,0.625,1189,398,42,64,21,"[[8, 1, 0, 0, 0, 1], [7, 0, 0, 0, 6, 1], [3, 0, 0, 1, 0, 3], [1, 0, 1, 1, 1, 4], [3, 0, 0, 0, 1, 7], [7, 0, 0, 1, 0, 6]]","[[0.8, 0.1, 0.0, 0.0, 0.0, 0.1], [0.5, 0.0, 0.0, 0.0, 0.42857142857142855, 0.07142857142857142], [0.42857142857142855, 0.0, 0.0, 0.14285714285714285, 0.0, 0.42857142857142855], [0.125, 0.0, 0.125, 0.125, 0.125, 0.5], [0.2727272727272727, 0.0, 0.0, 0.0, 0.09090909090909091, 0.6363636363636364], [0.5, 0.0, 0.0, 0.07142857142857142, 0.0, 0.42857142857142855]]","[-inf, -0.02, -0.005, 0.0, 0.005, 0.02, inf]","['≤ -2%', '(-2,-0.5]%', '(-0.5,0]%', '(0,0.5]%', '(0.5,2]%', '≥ 2%']","[0.6226970553398132, 0.603326678276062, 0.5064747929573059, 0.438678503036499, 0.46773406863212585]"
PFE,Healthcare,GRU,multiclass,5,0.11847826086956524,0.140625,0.006143206264823675,,,,0.036313651960128146,0.5333333333333333,0.4,0.8,0.453125,1189,398,42,64,21,"[[3, 0, 0, 5, 2, 6], [2, 1, 2, 2, 4, 6], [1, 0, 0, 0, 0, 5], [0, 0, 1, 0, 0, 2], [0, 0, 0, 2, 2, 7], [1, 2, 1, 3, 1, 3]]","[[0.1875, 0.0, 0.0, 0.3125, 0.125, 0.375], [0.11764705882352941, 0.058823529411764705, 0.11764705882352941, 0.11764705882352941, 0.23529411764705882, 0.35294117647058826], [0.16666666666666666, 0.0, 0.0, 0.0, 0.0, 0.8333333333333334], [0.0, 0.0, 0.3333333333333333, 0.0, 0.0, 0.6666666666666666], [0.0, 0.0, 0.0, 0.18181818181818182, 0.18181818181818182, 0.6363636363636364], [0.09090909090909091, 0.18181818181818182, 0.09090909090909091, 0.2727272727272727, 0.09090909090909091, 0.2727272727272727]]","[-inf, -0.02, -0.005, 0.0, 0.005, 0.02, inf]","['≤ -2%', '(-2,-0.5]%', '(-0.5,0]%', '(0,0.5]%', '(0.5,2]%', '≥ 2%']","[0.6808081269264221, 0.39025259017944336, 0.5064747929573059, 0.39025259017944336, 0.39993777871131897]"
PG,Consumer Goods,GRU,multiclass,5,0.09752992105933282,0.296875,0.011999350972473621,,,,0.0,0.6666666666666666,0.5,1.0,0.5,1189,398,42,64,21,"[[0, 0, 0, 0, 1, 4], [0, 0, 0, 0, 2, 15], [0, 0, 0, 0, 1, 9], [0, 0, 0, 0, 0, 2], [0, 0, 0, 0, 1, 11], [0, 0, 0, 0, 0, 18]]","[[0.0, 0.0, 0.0, 0.0, 0.2, 0.8], [0.0, 0.0, 0.0, 0.0, 0.11764705882352941, 0.8823529411764706], [0.0, 0.0, 0.0, 0.0, 0.1, 0.9], [0.0, 0.0, 0.0, 0.0, 0.0, 1.0], [0.0, 0.0, 0.0, 0.0, 0.08333333333333333, 0.9166666666666666], [0.0, 0.0, 0.0, 0.0, 0.0, 1.0]]","[-inf, -0.02, -0.005, 0.0, 0.005, 0.02, inf]","['≤ -2%', '(-2,-0.5]%', '(-0.5,0]%', '(0,0.5]%', '(0.5,2]%', '≥ 2%']","[0.39025259017944336, 0.39025259017944336, 0.39025259017944336, 0.39025259017944336, 0.39025259017944336]"
PICO,Conglomerates,GRU,multiclass,5,0.07317073170731707,0.28125,0.03258439898490906,,,,0.0,0.6804123711340206,0.515625,1.0,0.515625,1189,398,42,64,21,"[[0, 0, 0, 0, 0, 25], [0, 0, 0, 0, 0, 5], [0, 0, 0, 0, 0, 1], [0, 0, 0, 0, 0, 4], [0, 0, 0, 0, 0, 11], [0, 0, 0, 0, 0, 18]]","[[0.0, 0.0, 0.0, 0.0, 0.0, 1.0], [0.0, 0.0, 0.0, 0.0, 0.0, 1.0], [0.0, 0.0, 0.0, 0.0, 0.0, 1.0], [0.0, 0.0, 0.0, 0.0, 0.0, 1.0], [0.0, 0.0, 0.0, 0.0, 0.0, 1.0], [0.0, 0.0, 0.0, 0.0, 0.0, 1.0]]","[-inf, -0.02, -0.005, 0.0, 0.005, 0.02, inf]","['≤ -2%', '(-2,-0.5]%', '(-0.5,0]%', '(0,0.5]%', '(0.5,2]%', '≥ 2%']","[0.39025259017944336, 0.39025259017944336, 0.39025259017944336, 0.6808081269264221, 0.39025259017944336]"
PM,Consumer Goods,GRU,multiclass,5,0.2923546361046361,0.34375,-0.006643606815487146,,,,-0.029863035542303663,0.6172839506172839,0.5681818181818182,0.6756756756756757,0.515625,1189,398,42,64,21,"[[0, 0, 2, 6, 0, 0], [0, 3, 1, 7, 5, 0], [1, 0, 1, 0, 1, 0], [0, 2, 0, 3, 0, 1], [1, 1, 1, 4, 4, 0], [3, 4, 0, 1, 1, 11]]","[[0.0, 0.0, 0.25, 0.75, 0.0, 0.0], [0.0, 0.1875, 0.0625, 0.4375, 0.3125, 0.0], [0.3333333333333333, 0.0, 0.3333333333333333, 0.0, 0.3333333333333333, 0.0], [0.0, 0.3333333333333333, 0.0, 0.5, 0.0, 0.16666666666666666], [0.09090909090909091, 0.09090909090909091, 0.09090909090909091, 0.36363636363636365, 0.36363636363636365, 0.0], [0.15, 0.2, 0.0, 0.05, 0.05, 0.55]]","[-inf, -0.02, -0.005, 0.0, 0.005, 0.02, inf]","['≤ -2%', '(-2,-0.5]%', '(-0.5,0]%', '(0,0.5]%', '(0.5,2]%', '≥ 2%']","[0.39025259017944336, 0.45804888010025024, 0.4871044456958771, 0.4096229672431946, 0.46773406863212585]"
PPL,Utilities,GRU,multiclass,5,0.11074024303899895,0.21875,-0.02333957329392433,,,,0.2188190425877391,0.35555555555555557,0.8,0.22857142857142856,0.546875,1189,398,42,64,28,"[[11, 1, 0, 0, 0, 0], [9, 1, 0, 0, 0, 0], [5, 0, 0, 0, 2, 0], [5, 2, 0, 0, 0, 0], [11, 2, 0, 1, 2, 0], [6, 1, 0, 2, 3, 0]]","[[0.9166666666666666, 0.08333333333333333, 0.0, 0.0, 0.0, 0.0], [0.9, 0.1, 0.0, 0.0, 0.0, 0.0], [0.7142857142857143, 0.0, 0.0, 0.0, 0.2857142857142857, 0.0], [0.7142857142857143, 0.2857142857142857, 0.0, 0.0, 0.0, 0.0], [0.6875, 0.125, 0.0, 0.0625, 0.125, 0.0], [0.5, 0.08333333333333333, 0.0, 0.16666666666666666, 0.25, 0.0]]","[-inf, -0.02, -0.005, 0.0, 0.005, 0.02, inf]","['≤ -2%', '(-2,-0.5]%', '(-0.5,0]%', '(0,0.5]%', '(0.5,2]%', '≥ 2%']","[0.39025259017944336, 0.438678503036499, 0.39025259017944336, 0.6808081269264221, 0.39025259017944336]"
PTR,Basic Matierials,GRU,multiclass,5,0.06329113924050633,0.234375,0.04216572269797325,,,,0.0,0.5617977528089888,0.390625,1.0,0.390625,1169,398,42,64,21,"[[0, 0, 0, 0, 0, 28], [0, 0, 0, 0, 0, 9], [0, 0, 0, 0, 0, 2], [0, 0, 0, 0, 0, 2], [0, 0, 0, 0, 0, 8], [0, 0, 0, 0, 0, 15]]","[[0.0, 0.0, 0.0, 0.0, 0.0, 1.0], [0.0, 0.0, 0.0, 0.0, 0.0, 1.0], [0.0, 0.0, 0.0, 0.0, 0.0, 1.0], [0.0, 0.0, 0.0, 0.0, 0.0, 1.0], [0.0, 0.0, 0.0, 0.0, 0.0, 1.0], [0.0, 0.0, 0.0, 0.0, 0.0, 1.0]]","[-inf, -0.02, -0.005, 0.0, 0.005, 0.02, inf]","['≤ -2%', '(-2,-0.5]%', '(-0.5,0]%', '(0,0.5]%', '(0.5,2]%', '≥ 2%']","[0.39025259017944336, 0.39025259017944336, 0.39025259017944336, 0.39025259017944336, 0.39025259017944336]"
RDS-B,Basic Matierials,GRU,multiclass,5,0.14245841877420826,0.21875,0.01872129552066326,,,,0.0,0.5116279069767442,0.34375,1.0,0.34375,1189,398,42,64,21,"[[0, 0, 0, 7, 2, 19], [0, 0, 0, 1, 0, 6], [0, 0, 0, 2, 1, 4], [0, 0, 0, 3, 0, 0], [0, 0, 0, 1, 1, 2], [0, 0, 0, 2, 3, 10]]","[[0.0, 0.0, 0.0, 0.25, 0.07142857142857142, 0.6785714285714286], [0.0, 0.0, 0.0, 0.14285714285714285, 0.0, 0.8571428571428571], [0.0, 0.0, 0.0, 0.2857142857142857, 0.14285714285714285, 0.5714285714285714], [0.0, 0.0, 0.0, 1.0, 0.0, 0.0], [0.0, 0.0, 0.0, 0.25, 0.25, 0.5], [0.0, 0.0, 0.0, 0.13333333333333333, 0.2, 0.6666666666666666]]","[-inf, -0.02, -0.005, 0.0, 0.005, 0.02, inf]","['≤ -2%', '(-2,-0.5]%', '(-0.5,0]%', '(0,0.5]%', '(0.5,2]%', '≥ 2%']","[0.39025259017944336, 0.39025259017944336, 0.39025259017944336, 0.6808081269264221, 0.603326678276062]"
REX,Conglomerates,GRU,multiclass,5,0.0909090909090909,0.375,0.054575834423303604,,,,0.0,0.7070707070707071,0.546875,1.0,0.546875,1169,398,42,64,21,"[[0, 0, 0, 0, 0, 22], [0, 0, 0, 0, 0, 4], [0, 0, 0, 0, 0, 3], [0, 0, 0, 0, 0, 1], [0, 0, 0, 0, 0, 10], [0, 0, 0, 0, 0, 24]]","[[0.0, 0.0, 0.0, 0.0, 0.0, 1.0], [0.0, 0.0, 0.0, 0.0, 0.0, 1.0], [0.0, 0.0, 0.0, 0.0, 0.0, 1.0], [0.0, 0.0, 0.0, 0.0, 0.0, 1.0], [0.0, 0.0, 0.0, 0.0, 0.0, 1.0], [0.0, 0.0, 0.0, 0.0, 0.0, 1.0]]","[-inf, -0.02, -0.005, 0.0, 0.005, 0.02, inf]","['≤ -2%', '(-2,-0.5]%', '(-0.5,0]%', '(0,0.5]%', '(0.5,2]%', '≥ 2%']","[0.39025259017944336, 0.39025259017944336, 0.39025259017944336, 0.39025259017944336, 0.39025259017944336]"
SLB,Basic Matierials,GRU,multiclass,5,0.11482607227288077,0.234375,0.02025602012872696,,,,0.0,0.6086956521739131,0.4375,1.0,0.4375,1189,398,42,64,21,"[[0, 0, 0, 0, 6, 16], [0, 0, 0, 0, 3, 7], [0, 0, 0, 0, 2, 2], [0, 0, 0, 0, 1, 2], [0, 0, 0, 0, 10, 4], [0, 0, 0, 0, 6, 5]]","[[0.0, 0.0, 0.0, 0.0, 0.2727272727272727, 0.7272727272727273], [0.0, 0.0, 0.0, 0.0, 0.3, 0.7], [0.0, 0.0, 0.0, 0.0, 0.5, 0.5], [0.0, 0.0, 0.0, 0.0, 0.3333333333333333, 0.6666666666666666], [0.0, 0.0, 0.0, 0.0, 0.7142857142857143, 0.2857142857142857], [0.0, 0.0, 0.0, 0.0, 0.5454545454545454, 0.45454545454545453]]","[-inf, -0.02, -0.005, 0.0, 0.005, 0.02, inf]","['≤ -2%', '(-2,-0.5]%', '(-0.5,0]%', '(0,0.5]%', '(0.5,2]%', '≥ 2%']","[0.39025259017944336, 0.39025259017944336, 0.39025259017944336, 0.6808081269264221, 0.6808081269264221]"
SNP,Basic Matierials,GRU,multiclass,5,0.075,0.28125,0.03171311318874359,,,,0.0,0.5777777777777777,0.40625,1.0,0.40625,1169,398,42,64,21,"[[0, 0, 0, 0, 1, 27], [0, 0, 0, 0, 0, 8], [0, 0, 0, 0, 1, 1], [0, 0, 0, 0, 0, 1], [0, 0, 0, 0, 0, 6], [0, 0, 0, 0, 1, 18]]","[[0.0, 0.0, 0.0, 0.0, 0.03571428571428571, 0.9642857142857143], [0.0, 0.0, 0.0, 0.0, 0.0, 1.0], [0.0, 0.0, 0.0, 0.0, 0.5, 0.5], [0.0, 0.0, 0.0, 0.0, 0.0, 1.0], [0.0, 0.0, 0.0, 0.0, 0.0, 1.0], [0.0, 0.0, 0.0, 0.0, 0.05263157894736842, 0.9473684210526315]]","[-inf, -0.02, -0.005, 0.0, 0.005, 0.02, inf]","['≤ -2%', '(-2,-0.5]%', '(-0.5,0]%', '(0,0.5]%', '(0.5,2]%', '≥ 2%']","[0.39025259017944336, 0.39025259017944336, 0.39025259017944336, 0.39025259017944336, 0.6808081269264221]"
SNY,Healthcare,GRU,multiclass,5,0.05314009661835748,0.171875,0.02991645410656929,,,,-0.1259881576697424,0.6526315789473685,0.49206349206349204,0.96875,0.484375,1189,398,42,64,21,"[[0, 0, 0, 4, 1, 16], [0, 0, 0, 0, 0, 8], [0, 0, 0, 0, 0, 3], [0, 0, 0, 0, 0, 10], [1, 0, 0, 0, 0, 10], [0, 0, 0, 0, 0, 11]]","[[0.0, 0.0, 0.0, 0.19047619047619047, 0.047619047619047616, 0.7619047619047619], [0.0, 0.0, 0.0, 0.0, 0.0, 1.0], [0.0, 0.0, 0.0, 0.0, 0.0, 1.0], [0.0, 0.0, 0.0, 0.0, 0.0, 1.0], [0.09090909090909091, 0.0, 0.0, 0.0, 0.0, 0.9090909090909091], [0.0, 0.0, 0.0, 0.0, 0.0, 1.0]]","[-inf, -0.02, -0.005, 0.0, 0.005, 0.02, inf]","['≤ -2%', '(-2,-0.5]%', '(-0.5,0]%', '(0,0.5]%', '(0.5,2]%', '≥ 2%']","[0.5839563012123108, 0.5064747929573059, 0.5064747929573059, 0.5064747929573059, 0.5064747929573059]"
SO,Utilities,GRU,multiclass,5,0.17811355311355315,0.3125,0.002774712862446904,,,,0.35384615384615387,0.7912087912087912,0.6923076923076923,0.9230769230769231,0.703125,1189,398,42,64,21,"[[1, 0, 1, 0, 3, 0], [5, 0, 0, 1, 9, 2], [2, 0, 0, 0, 1, 0], [0, 0, 0, 0, 2, 3], [1, 2, 0, 3, 13, 4], [0, 0, 0, 0, 5, 6]]","[[0.2, 0.0, 0.2, 0.0, 0.6, 0.0], [0.29411764705882354, 0.0, 0.0, 0.058823529411764705, 0.5294117647058824, 0.11764705882352941], [0.6666666666666666, 0.0, 0.0, 0.0, 0.3333333333333333, 0.0], [0.0, 0.0, 0.0, 0.0, 0.4, 0.6], [0.043478260869565216, 0.08695652173913043, 0.0, 0.13043478260869565, 0.5652173913043478, 0.17391304347826086], [0.0, 0.0, 0.0, 0.0, 0.45454545454545453, 0.5454545454545454]]","[-inf, -0.02, -0.005, 0.0, 0.005, 0.02, inf]","['≤ -2%', '(-2,-0.5]%', '(-0.5,0]%', '(0,0.5]%', '(0.5,2]%', '≥ 2%']","[0.39025259017944336, 0.39025259017944336, 0.39025259017944336, 0.39025259017944336, 0.6420673727989197]"
SPLP,Conglomerates,GRU,multiclass,5,0.11219314262527896,0.234375,0.016841288655996323,,,,0.0,0.5454545454545454,0.375,1.0,0.375,1189,398,42,64,21,"[[0, 0, 0, 0, 6, 14], [0, 0, 0, 0, 9, 5], [0, 0, 0, 0, 2, 4], [0, 0, 0, 0, 1, 3], [0, 0, 0, 0, 4, 4], [0, 0, 0, 0, 1, 11]]","[[0.0, 0.0, 0.0, 0.0, 0.3, 0.7], [0.0, 0.0, 0.0, 0.0, 0.6428571428571429, 0.35714285714285715], [0.0, 0.0, 0.0, 0.0, 0.3333333333333333, 0.6666666666666666], [0.0, 0.0, 0.0, 0.0, 0.25, 0.75], [0.0, 0.0, 0.0, 0.0, 0.5, 0.5], [0.0, 0.0, 0.0, 0.0, 0.08333333333333333, 0.9166666666666666]]","[-inf, -0.02, -0.005, 0.0, 0.005, 0.02, inf]","['≤ -2%', '(-2,-0.5]%', '(-0.5,0]%', '(0,0.5]%', '(0.5,2]%', '≥ 2%']","[0.39025259017944336, 0.39025259017944336, 0.39025259017944336, 0.39025259017944336, 0.6808081269264221]"
SRE,Utilities,GRU,multiclass,5,0.13516483516483516,0.21875,0.012238068506121635,,,,-0.0731089354297218,0.5454545454545454,0.44680851063829785,0.7,0.453125,1189,398,42,64,21,"[[0, 0, 3, 1, 0, 13], [0, 1, 0, 1, 1, 8], [0, 1, 3, 0, 0, 2], [0, 0, 0, 0, 0, 3], [1, 0, 6, 0, 0, 7], [0, 0, 2, 1, 0, 10]]","[[0.0, 0.0, 0.17647058823529413, 0.058823529411764705, 0.0, 0.7647058823529411], [0.0, 0.09090909090909091, 0.0, 0.09090909090909091, 0.09090909090909091, 0.7272727272727273], [0.0, 0.16666666666666666, 0.5, 0.0, 0.0, 0.3333333333333333], [0.0, 0.0, 0.0, 0.0, 0.0, 1.0], [0.07142857142857142, 0.0, 0.42857142857142855, 0.0, 0.0, 0.5], [0.0, 0.0, 0.15384615384615385, 0.07692307692307693, 0.0, 0.7692307692307693]]","[-inf, -0.02, -0.005, 0.0, 0.005, 0.02, inf]","['≤ -2%', '(-2,-0.5]%', '(-0.5,0]%', '(0,0.5]%', '(0.5,2]%', '≥ 2%']","[0.39025259017944336, 0.39993777871131897, 0.4967896342277527, 0.44836369156837463, 0.4871044456958771]"
T,Technology,GRU,multiclass,5,0.12842712842712842,0.296875,0.012753771618008614,,,,0.0,0.7326732673267327,0.578125,1.0,0.578125,1189,398,42,64,22,"[[0, 0, 0, 3, 3, 1], [0, 0, 0, 2, 10, 0], [0, 0, 0, 1, 6, 1], [0, 0, 0, 0, 5, 3], [0, 0, 0, 0, 16, 6], [0, 0, 0, 0, 4, 3]]","[[0.0, 0.0, 0.0, 0.42857142857142855, 0.42857142857142855, 0.14285714285714285], [0.0, 0.0, 0.0, 0.16666666666666666, 0.8333333333333334, 0.0], [0.0, 0.0, 0.0, 0.125, 0.75, 0.125], [0.0, 0.0, 0.0, 0.0, 0.625, 0.375], [0.0, 0.0, 0.0, 0.0, 0.7272727272727273, 0.2727272727272727], [0.0, 0.0, 0.0, 0.0, 0.5714285714285714, 0.42857142857142855]]","[-inf, -0.02, -0.005, 0.0, 0.005, 0.02, inf]","['≤ -2%', '(-2,-0.5]%', '(-0.5,0]%', '(0,0.5]%', '(0.5,2]%', '≥ 2%']","[0.4967896342277527, 0.6808081269264221, 0.5064747929573059, 0.5064747929573059, 0.6323822140693665]"
TM,Consumer Goods,GRU,multiclass,5,0.08293460925039872,0.1875,0.013016766868531704,,,,0.0,0.7326732673267327,0.578125,1.0,0.578125,1189,398,42,64,21,"[[0, 0, 0, 1, 10, 1], [0, 0, 0, 1, 6, 3], [0, 0, 0, 0, 2, 3], [0, 0, 0, 0, 5, 4], [0, 0, 0, 0, 9, 11], [0, 0, 0, 0, 5, 3]]","[[0.0, 0.0, 0.0, 0.08333333333333333, 0.8333333333333334, 0.08333333333333333], [0.0, 0.0, 0.0, 0.1, 0.6, 0.3], [0.0, 0.0, 0.0, 0.0, 0.4, 0.6], [0.0, 0.0, 0.0, 0.0, 0.5555555555555556, 0.4444444444444444], [0.0, 0.0, 0.0, 0.0, 0.45, 0.55], [0.0, 0.0, 0.0, 0.0, 0.625, 0.375]]","[-inf, -0.02, -0.005, 0.0, 0.005, 0.02, inf]","['≤ -2%', '(-2,-0.5]%', '(-0.5,0]%', '(0,0.5]%', '(0.5,2]%', '≥ 2%']","[0.39025259017944336, 0.39025259017944336, 0.39025259017944336, 0.39025259017944336, 0.6808081269264221]"
TOT,Basic Matierials,GRU,multiclass,5,0.05982905982905983,0.21875,0.024115411564707756,,,,0.0,0.5454545454545454,0.375,1.0,0.375,1189,398,42,64,21,"[[0, 0, 0, 0, 0, 28], [0, 0, 0, 0, 0, 11], [0, 0, 0, 0, 0, 1], [0, 0, 0, 0, 0, 4], [0, 0, 0, 0, 0, 6], [0, 0, 0, 0, 0, 14]]","[[0.0, 0.0, 0.0, 0.0, 0.0, 1.0], [0.0, 0.0, 0.0, 0.0, 0.0, 1.0], [0.0, 0.0, 0.0, 0.0, 0.0, 1.0], [0.0, 0.0, 0.0, 0.0, 0.0, 1.0], [0.0, 0.0, 0.0, 0.0, 0.0, 1.0], [0.0, 0.0, 0.0, 0.0, 0.0, 1.0]]","[-inf, -0.02, -0.005, 0.0, 0.005, 0.02, inf]","['≤ -2%', '(-2,-0.5]%', '(-0.5,0]%', '(0,0.5]%', '(0.5,2]%', '≥ 2%']","[0.39025259017944336, 0.39025259017944336, 0.39025259017944336, 0.39025259017944336, 0.39025259017944336]"
TSM,Technology,GRU,multiclass,5,0.1112121212121212,0.25,0.012273097410798073,,,,0.0,0.6804123711340206,0.515625,1.0,0.515625,1189,398,42,64,21,"[[0, 0, 0, 0, 11, 2], [0, 0, 0, 0, 4, 7], [0, 0, 0, 0, 4, 3], [0, 0, 0, 0, 1, 2], [0, 0, 0, 0, 5, 8], [0, 0, 0, 0, 6, 11]]","[[0.0, 0.0, 0.0, 0.0, 0.8461538461538461, 0.15384615384615385], [0.0, 0.0, 0.0, 0.0, 0.36363636363636365, 0.6363636363636364], [0.0, 0.0, 0.0, 0.0, 0.5714285714285714, 0.42857142857142855], [0.0, 0.0, 0.0, 0.0, 0.3333333333333333, 0.6666666666666666], [0.0, 0.0, 0.0, 0.0, 0.38461538461538464, 0.6153846153846154], [0.0, 0.0, 0.0, 0.0, 0.35294117647058826, 0.6470588235294118]]","[-inf, -0.02, -0.005, 0.0, 0.005, 0.02, inf]","['≤ -2%', '(-2,-0.5]%', '(-0.5,0]%', '(0,0.5]%', '(0.5,2]%', '≥ 2%']","[0.6808081269264221, 0.39025259017944336, 0.39025259017944336, 0.39025259017944336, 0.39025259017944336]"
UL,Consumer Goods,GRU,multiclass,5,0.19318394024276378,0.265625,0.002136747119948268,,,,0.5747190217470342,0.7941176470588235,0.7297297297297297,0.8709677419354839,0.78125,1189,398,42,64,21,"[[8, 1, 2, 1, 2, 1], [9, 0, 1, 1, 2, 0], [1, 1, 0, 2, 1, 0], [0, 0, 1, 1, 2, 0], [2, 0, 1, 4, 6, 2], [0, 0, 0, 2, 8, 2]]","[[0.5333333333333333, 0.06666666666666667, 0.13333333333333333, 0.06666666666666667, 0.13333333333333333, 0.06666666666666667], [0.6923076923076923, 0.0, 0.07692307692307693, 0.07692307692307693, 0.15384615384615385, 0.0], [0.2, 0.2, 0.0, 0.4, 0.2, 0.0], [0.0, 0.0, 0.25, 0.25, 0.5, 0.0], [0.13333333333333333, 0.0, 0.06666666666666667, 0.26666666666666666, 0.4, 0.13333333333333333], [0.0, 0.0, 0.0, 0.16666666666666666, 0.6666666666666666, 0.16666666666666666]]","[-inf, -0.02, -0.005, 0.0, 0.005, 0.02, inf]","['≤ -2%', '(-2,-0.5]%', '(-0.5,0]%', '(0,0.5]%', '(0.5,2]%', '≥ 2%']","[0.593641459941864, 0.44836369156837463, 0.44836369156837463, 0.44836369156837463, 0.6808081269264221]"
UN,Consumer Goods,GRU,multiclass,5,0.1361111111111111,0.28125,-0.0049820877611637115,,,,0.27074557691828405,0.42857142857142855,0.75,0.3,0.625,1189,398,42,64,22,"[[13, 0, 0, 0, 0, 0], [10, 0, 0, 0, 0, 3], [8, 0, 0, 0, 0, 0], [3, 0, 0, 0, 0, 0], [11, 0, 0, 0, 0, 0], [7, 0, 0, 1, 3, 5]]","[[1.0, 0.0, 0.0, 0.0, 0.0, 0.0], [0.7692307692307693, 0.0, 0.0, 0.0, 0.0, 0.23076923076923078], [1.0, 0.0, 0.0, 0.0, 0.0, 0.0], [1.0, 0.0, 0.0, 0.0, 0.0, 0.0], [1.0, 0.0, 0.0, 0.0, 0.0, 0.0], [0.4375, 0.0, 0.0, 0.0625, 0.1875, 0.3125]]","[-inf, -0.02, -0.005, 0.0, 0.005, 0.02, inf]","['≤ -2%', '(-2,-0.5]%', '(-0.5,0]%', '(0,0.5]%', '(0.5,2]%', '≥ 2%']","[0.603326678276062, 0.603326678276062, 0.593641459941864, 0.6323822140693665, 0.603326678276062]"
UNH,Healthcare,GRU,multiclass,5,0.1300019425019425,0.171875,0.008159913122653961,,,,0.25894970905466325,0.6197183098591549,0.4888888888888889,0.8461538461538461,0.578125,1189,398,42,64,22,"[[3, 4, 0, 6, 2, 1], [4, 0, 1, 3, 1, 4], [2, 1, 0, 3, 0, 3], [0, 0, 0, 0, 0, 1], [0, 2, 0, 5, 1, 2], [1, 0, 1, 4, 2, 7]]","[[0.1875, 0.25, 0.0, 0.375, 0.125, 0.0625], [0.3076923076923077, 0.0, 0.07692307692307693, 0.23076923076923078, 0.07692307692307693, 0.3076923076923077], [0.2222222222222222, 0.1111111111111111, 0.0, 0.3333333333333333, 0.0, 0.3333333333333333], [0.0, 0.0, 0.0, 0.0, 0.0, 1.0], [0.0, 0.2, 0.0, 0.5, 0.1, 0.2], [0.06666666666666667, 0.0, 0.06666666666666667, 0.26666666666666666, 0.13333333333333333, 0.4666666666666667]]","[-inf, -0.02, -0.005, 0.0, 0.005, 0.02, inf]","['≤ -2%', '(-2,-0.5]%', '(-0.5,0]%', '(0,0.5]%', '(0.5,2]%', '≥ 2%']","[0.44836369156837463, 0.6808081269264221, 0.46773406863212585, 0.45804888010025024, 0.6711229681968689]"
UPS,Services,GRU,multiclass,5,0.2408893250998514,0.21875,-0.0055526625365018845,,,,-0.11383959916814836,0.36363636363636365,0.3448275862068966,0.38461538461538464,0.453125,1189,398,42,64,21,"[[4, 1, 2, 1, 7, 0], [5, 3, 1, 5, 4, 0], [2, 0, 1, 0, 2, 0], [3, 0, 0, 0, 3, 0], [7, 3, 0, 0, 3, 0], [2, 1, 0, 0, 1, 3]]","[[0.26666666666666666, 0.06666666666666667, 0.13333333333333333, 0.06666666666666667, 0.4666666666666667, 0.0], [0.2777777777777778, 0.16666666666666666, 0.05555555555555555, 0.2777777777777778, 0.2222222222222222, 0.0], [0.4, 0.0, 0.2, 0.0, 0.4, 0.0], [0.5, 0.0, 0.0, 0.0, 0.5, 0.0], [0.5384615384615384, 0.23076923076923078, 0.0, 0.0, 0.23076923076923078, 0.0], [0.2857142857142857, 0.14285714285714285, 0.0, 0.0, 0.14285714285714285, 0.42857142857142855]]","[-inf, -0.02, -0.005, 0.0, 0.005, 0.02, inf]","['≤ -2%', '(-2,-0.5]%', '(-0.5,0]%', '(0,0.5]%', '(0.5,2]%', '≥ 2%']","[0.593641459941864, 0.5645859241485596, 0.438678503036499, 0.47741925716400146, 0.6130118370056152]"
UTX,Industrial Goods,GRU,multiclass,5,0.05701754385964913,0.203125,0.024681860581040382,,,,0.0,0.5777777777777777,0.40625,1.0,0.40625,1189,398,42,64,21,"[[0, 0, 0, 0, 0, 14], [0, 0, 0, 0, 1, 17], [0, 0, 0, 0, 0, 6], [0, 0, 0, 0, 0, 2], [0, 0, 0, 0, 0, 11], [0, 0, 0, 0, 0, 13]]","[[0.0, 0.0, 0.0, 0.0, 0.0, 1.0], [0.0, 0.0, 0.0, 0.0, 0.05555555555555555, 0.9444444444444444], [0.0, 0.0, 0.0, 0.0, 0.0, 1.0], [0.0, 0.0, 0.0, 0.0, 0.0, 1.0], [0.0, 0.0, 0.0, 0.0, 0.0, 1.0], [0.0, 0.0, 0.0, 0.0, 0.0, 1.0]]","[-inf, -0.02, -0.005, 0.0, 0.005, 0.02, inf]","['≤ -2%', '(-2,-0.5]%', '(-0.5,0]%', '(0,0.5]%', '(0.5,2]%', '≥ 2%']","[0.39025259017944336, 0.39025259017944336, 0.39025259017944336, 0.39025259017944336, 0.39025259017944336]"
V,Financial,GRU,multiclass,5,0.07602767602767603,0.09375,-0.002674398012459278,,,,0.15283065658442813,0.36,0.75,0.23684210526315788,0.5,1189,398,42,64,21,"[[2, 1, 4, 1, 0, 0], [10, 1, 2, 1, 0, 1], [3, 0, 0, 0, 0, 0], [1, 1, 0, 0, 0, 1], [8, 5, 5, 0, 2, 0], [3, 3, 3, 1, 4, 1]]","[[0.25, 0.125, 0.5, 0.125, 0.0, 0.0], [0.6666666666666666, 0.06666666666666667, 0.13333333333333333, 0.06666666666666667, 0.0, 0.06666666666666667], [1.0, 0.0, 0.0, 0.0, 0.0, 0.0], [0.3333333333333333, 0.3333333333333333, 0.0, 0.0, 0.0, 0.3333333333333333], [0.4, 0.25, 0.25, 0.0, 0.1, 0.0], [0.2, 0.2, 0.2, 0.06666666666666667, 0.26666666666666666, 0.06666666666666667]]","[-inf, -0.02, -0.005, 0.0, 0.005, 0.02, inf]","['≤ -2%', '(-2,-0.5]%', '(-0.5,0]%', '(0,0.5]%', '(0.5,2]%', '≥ 2%']","[0.438678503036499, 0.44836369156837463, 0.47741925716400146, 0.47741925716400146, 0.39025259017944336]"
VZ,Technology,GRU,multiclass,5,0.1127777777777778,0.296875,0.01346627902239561,,,,0.0,0.7692307692307693,0.625,1.0,0.625,1189,398,42,64,21,"[[0, 0, 0, 0, 8, 0], [0, 0, 0, 0, 12, 0], [0, 0, 0, 0, 3, 1], [0, 0, 0, 0, 4, 1], [0, 0, 0, 0, 16, 7], [0, 0, 0, 0, 9, 3]]","[[0.0, 0.0, 0.0, 0.0, 1.0, 0.0], [0.0, 0.0, 0.0, 0.0, 1.0, 0.0], [0.0, 0.0, 0.0, 0.0, 0.75, 0.25], [0.0, 0.0, 0.0, 0.0, 0.8, 0.2], [0.0, 0.0, 0.0, 0.0, 0.6956521739130435, 0.30434782608695654], [0.0, 0.0, 0.0, 0.0, 0.75, 0.25]]","[-inf, -0.02, -0.005, 0.0, 0.005, 0.02, inf]","['≤ -2%', '(-2,-0.5]%', '(-0.5,0]%', '(0,0.5]%', '(0.5,2]%', '≥ 2%']","[0.39025259017944336, 0.39025259017944336, 0.39025259017944336, 0.6808081269264221, 0.6808081269264221]"
WFC,Financial,GRU,multiclass,5,0.19836355594869526,0.3125,0.009975463151931763,,,,0.14285714285714285,0.6976744186046512,0.6,0.8333333333333334,0.59375,1189,398,42,64,21,"[[1, 0, 0, 0, 4, 4], [1, 2, 0, 1, 4, 5], [4, 0, 0, 0, 0, 2], [0, 1, 0, 0, 1, 1], [2, 0, 0, 2, 8, 8], [2, 1, 0, 0, 1, 9]]","[[0.1111111111111111, 0.0, 0.0, 0.0, 0.4444444444444444, 0.4444444444444444], [0.07692307692307693, 0.15384615384615385, 0.0, 0.07692307692307693, 0.3076923076923077, 0.38461538461538464], [0.6666666666666666, 0.0, 0.0, 0.0, 0.0, 0.3333333333333333], [0.0, 0.3333333333333333, 0.0, 0.0, 0.3333333333333333, 0.3333333333333333], [0.1, 0.0, 0.0, 0.1, 0.4, 0.4], [0.15384615384615385, 0.07692307692307693, 0.0, 0.0, 0.07692307692307693, 0.6923076923076923]]","[-inf, -0.02, -0.005, 0.0, 0.005, 0.02, inf]","['≤ -2%', '(-2,-0.5]%', '(-0.5,0]%', '(0,0.5]%', '(0.5,2]%', '≥ 2%']","[0.5064747929573059, 0.5064747929573059, 0.4967896342277527, 0.438678503036499, 0.6808081269264221]"
WMT,Services,GRU,multiclass,5,0.1007662835249042,0.15625,0.010509253479540348,,,,0.18530847246896864,0.6947368421052632,0.532258064516129,1.0,0.546875,1189,398,42,64,21,"[[0, 0, 0, 7, 3, 2], [1, 0, 1, 5, 3, 6], [0, 0, 0, 1, 2, 0], [0, 0, 0, 2, 0, 0], [0, 0, 0, 5, 6, 4], [0, 0, 0, 7, 7, 2]]","[[0.0, 0.0, 0.0, 0.5833333333333334, 0.25, 0.16666666666666666], [0.0625, 0.0, 0.0625, 0.3125, 0.1875, 0.375], [0.0, 0.0, 0.0, 0.3333333333333333, 0.6666666666666666, 0.0], [0.0, 0.0, 0.0, 1.0, 0.0, 0.0], [0.0, 0.0, 0.0, 0.3333333333333333, 0.4, 0.26666666666666666], [0.0, 0.0, 0.0, 0.4375, 0.4375, 0.125]]","[-inf, -0.02, -0.005, 0.0, 0.005, 0.02, inf]","['≤ -2%', '(-2,-0.5]%', '(-0.5,0]%', '(0,0.5]%', '(0.5,2]%', '≥ 2%']","[0.6808081269264221, 0.6420673727989197, 0.6808081269264221, 0.5742710828781128, 0.5742710828781128]"
XOM,Basic Matierials,GRU,multiclass,5,0.07786357786357787,0.140625,0.01198127306997776,,,,0.0,0.7326732673267327,0.578125,1.0,0.578125,1189,398,42,64,21,"[[0, 0, 0, 13, 5, 2], [0, 0, 0, 3, 1, 2], [0, 0, 0, 1, 0, 0], [0, 0, 0, 3, 0, 0], [0, 0, 0, 7, 0, 6], [0, 0, 0, 12, 3, 6]]","[[0.0, 0.0, 0.0, 0.65, 0.25, 0.1], [0.0, 0.0, 0.0, 0.5, 0.16666666666666666, 0.3333333333333333], [0.0, 0.0, 0.0, 1.0, 0.0, 0.0], [0.0, 0.0, 0.0, 1.0, 0.0, 0.0], [0.0, 0.0, 0.0, 0.5384615384615384, 0.0, 0.46153846153846156], [0.0, 0.0, 0.0, 0.5714285714285714, 0.14285714285714285, 0.2857142857142857]]","[-inf, -0.02, -0.005, 0.0, 0.005, 0.02, inf]","['≤ -2%', '(-2,-0.5]%', '(-0.5,0]%', '(0,0.5]%', '(0.5,2]%', '≥ 2%']","[0.39025259017944336, 0.39025259017944336, 0.39025259017944336, 0.6808081269264221, 0.6711229681968689]"
