company,sector,model_type,problem_type,sequence_length,horizon_steps,epoch,train_loss,val_loss,train_samples,val_samples,test_samples
AAPL,Consumer Goods,BiGRU,multiclass,10,5,1,1.356799752268959,0.9797009598641169,398,42,64
AAPL,Consumer Goods,BiGRU,multiclass,10,5,2,0.9273115884718584,1.10625901392528,398,42,64
AAPL,Consumer Goods,BiGRU,multiclass,10,5,3,0.7853824217714857,1.3794793287913005,398,42,64
AAPL,Consumer Goods,BiGRU,multiclass,10,5,4,0.7143281737164636,1.4611652010963077,398,42,64
AAPL,Consumer Goods,BiGRU,multiclass,10,5,5,0.6627740419689735,1.8504412543205988,398,42,64
AAPL,Consumer Goods,BiGRU,multiclass,10,5,6,0.6062099026076159,1.9870012260618664,398,42,64
AAPL,Consumer Goods,BiGRU,multiclass,10,5,7,0.535727039952973,2.702868030184791,398,42,64
AAPL,Consumer Goods,BiGRU,multiclass,10,5,8,0.4985240497181763,2.6921466759272983,398,42,64
AAPL,Consumer Goods,BiGRU,multiclass,10,5,9,0.4864583018437103,2.9690518492744085,398,42,64
AAPL,Consumer Goods,BiGRU,multiclass,10,5,10,0.4529804289340973,2.920100246156965,398,42,64
AAPL,Consumer Goods,BiGRU,multiclass,10,5,11,0.41648603728668177,3.109603927249,398,42,64
ABB,Industrial Goods,BiGRU,multiclass,10,5,1,1.728063749907604,1.170121011279878,398,42,64
ABB,Industrial Goods,BiGRU,multiclass,10,5,2,1.1497034858818629,1.112881030355181,398,42,64
ABB,Industrial Goods,BiGRU,multiclass,10,5,3,0.8879754980604853,2.755240565254575,398,42,64
ABB,Industrial Goods,BiGRU,multiclass,10,5,4,0.8109900624907795,3.7031110468364896,398,42,64
ABB,Industrial Goods,BiGRU,multiclass,10,5,5,0.7655506015722476,3.971522569656372,398,42,64
ABB,Industrial Goods,BiGRU,multiclass,10,5,6,0.7746993322767805,3.9122041634150913,398,42,64
ABB,Industrial Goods,BiGRU,multiclass,10,5,7,0.6896720995855092,4.799647490183513,398,42,64
ABB,Industrial Goods,BiGRU,multiclass,10,5,8,0.6703906701737313,4.796878587631952,398,42,64
ABB,Industrial Goods,BiGRU,multiclass,10,5,9,0.6452716425735148,4.503083524249849,398,42,64
ABB,Industrial Goods,BiGRU,multiclass,10,5,10,0.589419869097633,5.064456417447045,398,42,64
ABB,Industrial Goods,BiGRU,multiclass,10,5,11,0.5299857370368201,4.963526089986165,398,42,64
ABB,Industrial Goods,BiGRU,multiclass,10,5,12,0.4844210372498287,5.238509110042027,398,42,64
ABBV,Healthcare,BiGRU,multiclass,10,5,1,1.298171496271488,0.5277411824180966,398,42,64
ABBV,Healthcare,BiGRU,multiclass,10,5,2,0.8616846212789641,0.907259810538519,398,42,64
ABBV,Healthcare,BiGRU,multiclass,10,5,3,0.7584455705168259,1.2966600372677757,398,42,64
ABBV,Healthcare,BiGRU,multiclass,10,5,4,0.6641027642853895,1.059953246797834,398,42,64
ABBV,Healthcare,BiGRU,multiclass,10,5,5,0.5976073421425556,0.9030385585058303,398,42,64
ABBV,Healthcare,BiGRU,multiclass,10,5,6,0.5440988377410563,0.845690199307033,398,42,64
ABBV,Healthcare,BiGRU,multiclass,10,5,7,0.49857946211968235,1.3471055257888067,398,42,64
ABBV,Healthcare,BiGRU,multiclass,10,5,8,0.46930131600729785,2.4300001916431246,398,42,64
ABBV,Healthcare,BiGRU,multiclass,10,5,9,0.44240568465922947,1.4903685365404402,398,42,64
ABBV,Healthcare,BiGRU,multiclass,10,5,10,0.43247347650815493,1.8309995901016962,398,42,64
ABBV,Healthcare,BiGRU,multiclass,10,5,11,0.3909842783781751,1.6960999965667725,398,42,64
AEP,Utilities,BiGRU,multiclass,10,5,1,1.2700766888096104,1.5842495872860862,398,42,64
AEP,Utilities,BiGRU,multiclass,10,5,2,0.8937579303530593,1.146285593509674,398,42,64
AEP,Utilities,BiGRU,multiclass,10,5,3,0.7378230861682987,1.0058020977746873,398,42,64
AEP,Utilities,BiGRU,multiclass,10,5,4,0.6330314348989995,1.0395957004456293,398,42,64
AEP,Utilities,BiGRU,multiclass,10,5,5,0.5707077422932764,1.195027348541078,398,42,64
AEP,Utilities,BiGRU,multiclass,10,5,6,0.5452772224668282,1.6747388697805858,398,42,64
AEP,Utilities,BiGRU,multiclass,10,5,7,0.5165107347557892,1.3342419153168088,398,42,64
AEP,Utilities,BiGRU,multiclass,10,5,8,0.47809409780717976,1.348951947121393,398,42,64
AEP,Utilities,BiGRU,multiclass,10,5,9,0.5270425740198873,1.3599965941338312,398,42,64
AEP,Utilities,BiGRU,multiclass,10,5,10,0.4777759512764725,1.3060342754636491,398,42,64
AEP,Utilities,BiGRU,multiclass,10,5,11,0.4178698711359321,1.3595692543756395,398,42,64
AEP,Utilities,BiGRU,multiclass,10,5,12,0.3903596070244085,1.4669410614740281,398,42,64
AEP,Utilities,BiGRU,multiclass,10,5,13,0.37216815322487795,1.4817621594383603,398,42,64
AGFS,Conglomerates,BiGRU,multiclass,10,5,1,1.7462856896545575,1.3871296587444486,115,42,64
AGFS,Conglomerates,BiGRU,multiclass,10,5,2,1.3230533032313636,1.2858634619485765,115,42,64
AGFS,Conglomerates,BiGRU,multiclass,10,5,3,1.2427052166150965,1.1654751811708723,115,42,64
AGFS,Conglomerates,BiGRU,multiclass,10,5,4,1.0099232082781584,1.0522955428986323,115,42,64
AGFS,Conglomerates,BiGRU,multiclass,10,5,5,0.8588236645511959,0.9780327989941552,115,42,64
AGFS,Conglomerates,BiGRU,multiclass,10,5,6,0.7443884872871896,1.0022279421488445,115,42,64
AGFS,Conglomerates,BiGRU,multiclass,10,5,7,0.604116748208585,1.096104426043374,115,42,64
AGFS,Conglomerates,BiGRU,multiclass,10,5,8,0.5777757621329763,1.5965565670104254,115,42,64
AGFS,Conglomerates,BiGRU,multiclass,10,5,9,0.4875340358070705,2.606614430745443,115,42,64
AGFS,Conglomerates,BiGRU,multiclass,10,5,10,0.4849181364411893,3.3201708453042165,115,42,64
AGFS,Conglomerates,BiGRU,multiclass,10,5,11,0.3843928513319596,4.171131383805048,115,42,64
AGFS,Conglomerates,BiGRU,multiclass,10,5,12,0.42329257078792737,4.381091594696045,115,42,64
AGFS,Conglomerates,BiGRU,multiclass,10,5,13,0.43228862181953764,4.095899559202648,115,42,64
AGFS,Conglomerates,BiGRU,multiclass,10,5,14,0.35593428300774616,3.8608068511599587,115,42,64
AGFS,Conglomerates,BiGRU,multiclass,10,5,15,0.41796104311943055,3.8739341781252907,115,42,64
AMGN,Healthcare,BiGRU,multiclass,10,5,1,1.345724760587491,0.9302125828606742,398,42,64
AMGN,Healthcare,BiGRU,multiclass,10,5,2,0.908155110014144,0.706387996673584,398,42,64
AMGN,Healthcare,BiGRU,multiclass,10,5,3,0.7480475944490289,0.7809738857405526,398,42,64
AMGN,Healthcare,BiGRU,multiclass,10,5,4,0.6734684891437166,1.0863312965347653,398,42,64
AMGN,Healthcare,BiGRU,multiclass,10,5,5,0.6001281762242916,1.1001987428892226,398,42,64
AMGN,Healthcare,BiGRU,multiclass,10,5,6,0.5252483933415245,0.9655408263206482,398,42,64
AMGN,Healthcare,BiGRU,multiclass,10,5,7,0.49637378580007124,1.416329855010623,398,42,64
AMGN,Healthcare,BiGRU,multiclass,10,5,8,0.5234668937759783,0.9259636118298485,398,42,64
AMGN,Healthcare,BiGRU,multiclass,10,5,9,0.48983363560096704,1.2851796235357011,398,42,64
AMGN,Healthcare,BiGRU,multiclass,10,5,10,0.4382828333270011,1.3186231624512446,398,42,64
AMGN,Healthcare,BiGRU,multiclass,10,5,11,0.4007532321028973,1.1216936693305062,398,42,64
AMGN,Healthcare,BiGRU,multiclass,10,5,12,0.3895085450991913,1.3367012937863667,398,42,64
AMZN,Services,BiGRU,multiclass,10,5,1,1.4837965701692668,1.7614558026904152,398,42,64
AMZN,Services,BiGRU,multiclass,10,5,2,0.9544297762252577,1.0824279614857264,398,42,64
AMZN,Services,BiGRU,multiclass,10,5,3,0.8080195071709216,0.8388535437129793,398,42,64
AMZN,Services,BiGRU,multiclass,10,5,4,0.7482529246627386,0.8231358159156072,398,42,64
AMZN,Services,BiGRU,multiclass,10,5,5,0.6383642185872523,0.8491355123974028,398,42,64
AMZN,Services,BiGRU,multiclass,10,5,6,0.5544185066342953,0.8560910508746192,398,42,64
AMZN,Services,BiGRU,multiclass,10,5,7,0.655395407622783,0.9182280671028864,398,42,64
AMZN,Services,BiGRU,multiclass,10,5,8,0.555490006154506,1.6187613010406494,398,42,64
AMZN,Services,BiGRU,multiclass,10,5,9,0.5129678924778598,0.9301844608216059,398,42,64
AMZN,Services,BiGRU,multiclass,10,5,10,0.45335171764819465,1.4071599812734694,398,42,64
AMZN,Services,BiGRU,multiclass,10,5,11,0.3981456877897732,1.015783238978613,398,42,64
AMZN,Services,BiGRU,multiclass,10,5,12,0.3821459177450918,1.0889324489093961,398,42,64
AMZN,Services,BiGRU,multiclass,10,5,13,0.37102187788067154,1.249070405960083,398,42,64
AMZN,Services,BiGRU,multiclass,10,5,14,0.3555134550560659,1.1366696669941856,398,42,64
BA,Industrial Goods,BiGRU,multiclass,10,5,1,1.7025309711245435,1.362958856991359,398,42,64
BA,Industrial Goods,BiGRU,multiclass,10,5,2,1.1082077561011865,0.7887747003918603,398,42,64
BA,Industrial Goods,BiGRU,multiclass,10,5,3,0.9086748487386272,0.8912253152756464,398,42,64
BA,Industrial Goods,BiGRU,multiclass,10,5,4,0.7473196623912409,0.9413397227014814,398,42,64
BA,Industrial Goods,BiGRU,multiclass,10,5,5,0.688370298800157,1.055129017148699,398,42,64
BA,Industrial Goods,BiGRU,multiclass,10,5,6,0.6017494603018065,1.3909820602053689,398,42,64
BA,Industrial Goods,BiGRU,multiclass,10,5,7,0.5941846805002222,1.1493790036156064,398,42,64
BA,Industrial Goods,BiGRU,multiclass,10,5,8,0.5326510362289659,1.7835706075032551,398,42,64
BA,Industrial Goods,BiGRU,multiclass,10,5,9,0.5578744884711414,1.28736750852494,398,42,64
BA,Industrial Goods,BiGRU,multiclass,10,5,10,0.4884433900591117,1.1776366574423653,398,42,64
BA,Industrial Goods,BiGRU,multiclass,10,5,11,0.4204863875954594,1.2854815153848558,398,42,64
BA,Industrial Goods,BiGRU,multiclass,10,5,12,0.42250306432570645,1.376726712499346,398,42,64
BABA,Services,BiGRU,multiclass,10,5,1,2.2728022434426554,1.870168129603068,159,42,64
BABA,Services,BiGRU,multiclass,10,5,2,1.792977587981794,1.5199329171861922,159,42,64
BABA,Services,BiGRU,multiclass,10,5,3,1.619937465625739,1.1239069246110462,159,42,64
BABA,Services,BiGRU,multiclass,10,5,4,1.2668515215129972,1.4218466736021496,159,42,64
BABA,Services,BiGRU,multiclass,10,5,5,1.0898156627169195,2.5266762460981096,159,42,64
BABA,Services,BiGRU,multiclass,10,5,6,0.9293917496249361,4.093438171205067,159,42,64
BABA,Services,BiGRU,multiclass,10,5,7,0.6130666967083074,5.652496383303688,159,42,64
BABA,Services,BiGRU,multiclass,10,5,8,0.5817078128925659,6.504792349679129,159,42,64
BABA,Services,BiGRU,multiclass,10,5,9,0.4672629272787826,8.057957512991768,159,42,64
BABA,Services,BiGRU,multiclass,10,5,10,0.40629760143142074,8.3788480758667,159,42,64
BABA,Services,BiGRU,multiclass,10,5,11,0.41310618658485654,8.534396534874325,159,42,64
BABA,Services,BiGRU,multiclass,10,5,12,0.4351394924352754,8.51602113814581,159,42,64
BABA,Services,BiGRU,multiclass,10,5,13,0.364660087152847,8.24499089377267,159,42,64
BAC,Financial,BiGRU,multiclass,10,5,1,1.4176970176660835,0.8699086478778294,398,42,64
BAC,Financial,BiGRU,multiclass,10,5,2,0.9042087053533775,1.0220910083679926,398,42,64
BAC,Financial,BiGRU,multiclass,10,5,3,0.7245513957049978,1.568567741484869,398,42,64
BAC,Financial,BiGRU,multiclass,10,5,4,0.6215562738066343,1.6529584385099865,398,42,64
BAC,Financial,BiGRU,multiclass,10,5,5,0.5899668830123979,2.313810734521775,398,42,64
BAC,Financial,BiGRU,multiclass,10,5,6,0.5381498812281307,2.4464540822165355,398,42,64
BAC,Financial,BiGRU,multiclass,10,5,7,0.5260124846019937,2.468207631792341,398,42,64
BAC,Financial,BiGRU,multiclass,10,5,8,0.4765669460871711,2.57713660739717,398,42,64
BAC,Financial,BiGRU,multiclass,10,5,9,0.45200291680331206,2.895870322272891,398,42,64
BAC,Financial,BiGRU,multiclass,10,5,10,0.4506657286804525,2.7616581235613142,398,42,64
BAC,Financial,BiGRU,multiclass,10,5,11,0.4049508983465894,2.745460487547375,398,42,64
BBL,Basic Matierials,BiGRU,multiclass,10,5,1,1.615487023214599,1.3574737423942203,398,42,64
BBL,Basic Matierials,BiGRU,multiclass,10,5,2,1.2156925441032678,0.990102889991942,398,42,64
BBL,Basic Matierials,BiGRU,multiclass,10,5,3,0.9724610322084858,1.7625178098678589,398,42,64
BBL,Basic Matierials,BiGRU,multiclass,10,5,4,0.9048037879431068,2.0626076459884644,398,42,64
BBL,Basic Matierials,BiGRU,multiclass,10,5,5,0.8492875800060866,1.9410715046383085,398,42,64
BBL,Basic Matierials,BiGRU,multiclass,10,5,6,0.7800388664156948,1.4502274649483817,398,42,64
BBL,Basic Matierials,BiGRU,multiclass,10,5,7,0.7255085005832078,1.7151992604846047,398,42,64
BBL,Basic Matierials,BiGRU,multiclass,10,5,8,0.6456811068645075,1.4195972170148576,398,42,64
BBL,Basic Matierials,BiGRU,multiclass,10,5,9,0.5971089101316941,2.368830907912481,398,42,64
BBL,Basic Matierials,BiGRU,multiclass,10,5,10,0.5553915250540977,1.8688801527023315,398,42,64
BBL,Basic Matierials,BiGRU,multiclass,10,5,11,0.5240512099397842,1.7864087025324504,398,42,64
BBL,Basic Matierials,BiGRU,multiclass,10,5,12,0.5019486131680072,2.1186650537309193,398,42,64
BCH,Financial,BiGRU,multiclass,10,5,1,1.549534035837231,1.5184144916988553,398,42,64
BCH,Financial,BiGRU,multiclass,10,5,2,0.9661920647225787,1.9517611690929957,398,42,64
BCH,Financial,BiGRU,multiclass,10,5,3,0.8920122230771798,2.6746586617969332,398,42,64
BCH,Financial,BiGRU,multiclass,10,5,4,0.8156126614791065,3.6073376337687173,398,42,64
BCH,Financial,BiGRU,multiclass,10,5,5,0.7023681879942142,5.284129823957171,398,42,64
BCH,Financial,BiGRU,multiclass,10,5,6,0.6877174305556407,6.117574271701631,398,42,64
BCH,Financial,BiGRU,multiclass,10,5,7,0.6127042951595844,5.609543573288691,398,42,64
BCH,Financial,BiGRU,multiclass,10,5,8,0.5911748951403939,5.192210231508527,398,42,64
BCH,Financial,BiGRU,multiclass,10,5,9,0.5526168264036802,5.684915951320103,398,42,64
BCH,Financial,BiGRU,multiclass,10,5,10,0.5256855736425774,5.986578487214588,398,42,64
BCH,Financial,BiGRU,multiclass,10,5,11,0.5258580488176202,6.300284839811779,398,42,64
BHP,Basic Matierials,BiGRU,multiclass,10,5,1,1.531898037273081,1.3665902273995536,398,42,64
BHP,Basic Matierials,BiGRU,multiclass,10,5,2,1.0176942540173555,1.0337396633057367,398,42,64
BHP,Basic Matierials,BiGRU,multiclass,10,5,3,0.9090386069000665,2.010648630914234,398,42,64
BHP,Basic Matierials,BiGRU,multiclass,10,5,4,0.828202379708314,2.5416328679947626,398,42,64
BHP,Basic Matierials,BiGRU,multiclass,10,5,5,0.7814706896417704,2.0021674235661826,398,42,64
BHP,Basic Matierials,BiGRU,multiclass,10,5,6,0.714745992092631,3.426372845967611,398,42,64
BHP,Basic Matierials,BiGRU,multiclass,10,5,7,0.7138307286267305,3.0033920378912065,398,42,64
BHP,Basic Matierials,BiGRU,multiclass,10,5,8,0.6233085076413561,3.2672469161805653,398,42,64
BHP,Basic Matierials,BiGRU,multiclass,10,5,9,0.5495856064348364,2.9440780253637406,398,42,64
BHP,Basic Matierials,BiGRU,multiclass,10,5,10,0.5385813042147076,3.0304591542198542,398,42,64
BHP,Basic Matierials,BiGRU,multiclass,10,5,11,0.47972264182028457,3.1487741356804255,398,42,64
BHP,Basic Matierials,BiGRU,multiclass,10,5,12,0.45651810612510796,3.188078369413103,398,42,64
BP,Basic Matierials,BiGRU,multiclass,10,5,1,1.5913832118762798,1.1705441247849238,398,42,64
BP,Basic Matierials,BiGRU,multiclass,10,5,2,0.9974365345197707,2.089854915936788,398,42,64
BP,Basic Matierials,BiGRU,multiclass,10,5,3,0.8453478070359733,2.684893937337966,398,42,64
BP,Basic Matierials,BiGRU,multiclass,10,5,4,0.7582553106935779,3.1928631918770924,398,42,64
BP,Basic Matierials,BiGRU,multiclass,10,5,5,0.6845433613163742,3.6136149849210466,398,42,64
BP,Basic Matierials,BiGRU,multiclass,10,5,6,0.642089265674802,3.9240005129859563,398,42,64
BP,Basic Matierials,BiGRU,multiclass,10,5,7,0.6090102818743068,3.0493980929965065,398,42,64
BP,Basic Matierials,BiGRU,multiclass,10,5,8,0.5562681819326315,2.6714338802155995,398,42,64
BP,Basic Matierials,BiGRU,multiclass,10,5,9,0.5213071925556241,2.724877561841692,398,42,64
BP,Basic Matierials,BiGRU,multiclass,10,5,10,0.5104891136663043,2.826266873450506,398,42,64
BP,Basic Matierials,BiGRU,multiclass,10,5,11,0.49389874485868906,2.481015716280256,398,42,64
BRK-A,Financial,BiGRU,multiclass,10,5,1,1.4707506984921557,0.7714694369406927,398,42,64
BRK-A,Financial,BiGRU,multiclass,10,5,2,0.9593921046161172,1.9247268381572904,398,42,64
BRK-A,Financial,BiGRU,multiclass,10,5,3,0.808094080668598,3.1370167505173456,398,42,64
BRK-A,Financial,BiGRU,multiclass,10,5,4,0.6754671937257202,3.8708556493123374,398,42,64
BRK-A,Financial,BiGRU,multiclass,10,5,5,0.6173693513750431,5.616651603153774,398,42,64
BRK-A,Financial,BiGRU,multiclass,10,5,6,0.5900412537344736,4.989222912561326,398,42,64
BRK-A,Financial,BiGRU,multiclass,10,5,7,0.5699622544211957,5.9384479976835705,398,42,64
BRK-A,Financial,BiGRU,multiclass,10,5,8,0.5133303550619576,5.175506569090343,398,42,64
BRK-A,Financial,BiGRU,multiclass,10,5,9,0.463716442261509,5.614090011233375,398,42,64
BRK-A,Financial,BiGRU,multiclass,10,5,10,0.4885733190493368,5.677408195677257,398,42,64
BRK-A,Financial,BiGRU,multiclass,10,5,11,0.44511785024973616,4.779046580905006,398,42,64
BSAC,Financial,BiGRU,multiclass,10,5,1,1.391496153932121,0.940578852381025,398,42,64
BSAC,Financial,BiGRU,multiclass,10,5,2,0.9966917637005523,1.8493508100509644,398,42,64
BSAC,Financial,BiGRU,multiclass,10,5,3,0.8393907451150405,3.5909035205841064,398,42,64
BSAC,Financial,BiGRU,multiclass,10,5,4,0.6864940164676264,6.137564772651309,398,42,64
BSAC,Financial,BiGRU,multiclass,10,5,5,0.6358000034063904,7.330004987262544,398,42,64
BSAC,Financial,BiGRU,multiclass,10,5,6,0.6000643255722583,6.025942507244292,398,42,64
BSAC,Financial,BiGRU,multiclass,10,5,7,0.5831658223166538,7.453251498086112,398,42,64
BSAC,Financial,BiGRU,multiclass,10,5,8,0.5463903549328522,6.583018643515451,398,42,64
BSAC,Financial,BiGRU,multiclass,10,5,9,0.4995935957635467,7.046370710645403,398,42,64
BSAC,Financial,BiGRU,multiclass,10,5,10,0.4882507279290626,6.58379264104934,398,42,64
BSAC,Financial,BiGRU,multiclass,10,5,11,0.46712446632097715,6.779966422489712,398,42,64
BUD,Consumer Goods,BiGRU,multiclass,10,5,1,1.5121737773993507,0.8046893732888358,398,42,64
BUD,Consumer Goods,BiGRU,multiclass,10,5,2,0.9799339603539088,2.033348412740798,398,42,64
BUD,Consumer Goods,BiGRU,multiclass,10,5,3,0.8423215853209471,3.7773437727065313,398,42,64
BUD,Consumer Goods,BiGRU,multiclass,10,5,4,0.7264479629358455,4.034564086369106,398,42,64
BUD,Consumer Goods,BiGRU,multiclass,10,5,5,0.6657800058923175,4.305583817618234,398,42,64
BUD,Consumer Goods,BiGRU,multiclass,10,5,6,0.5768821269423519,4.733218579065232,398,42,64
BUD,Consumer Goods,BiGRU,multiclass,10,5,7,0.536654216859808,3.7247811953226724,398,42,64
BUD,Consumer Goods,BiGRU,multiclass,10,5,8,0.520888494936066,3.8841623351687478,398,42,64
BUD,Consumer Goods,BiGRU,multiclass,10,5,9,0.4618115967991364,4.4713351385934015,398,42,64
BUD,Consumer Goods,BiGRU,multiclass,10,5,10,0.46904357758598714,4.159231049673898,398,42,64
BUD,Consumer Goods,BiGRU,multiclass,10,5,11,0.4142758623139942,4.272658121018183,398,42,64
C,Financial,BiGRU,multiclass,10,5,1,1.3763461990572101,0.7520486684072585,398,42,64
C,Financial,BiGRU,multiclass,10,5,2,0.876648092838987,0.8861610265005202,398,42,64
C,Financial,BiGRU,multiclass,10,5,3,0.7203860988269499,1.402360995610555,398,42,64
C,Financial,BiGRU,multiclass,10,5,4,0.6636773529813518,1.5339407807304746,398,42,64
C,Financial,BiGRU,multiclass,10,5,5,0.5513508396232547,1.5362494445982433,398,42,64
C,Financial,BiGRU,multiclass,10,5,6,0.541047337741109,2.0582994733537947,398,42,64
C,Financial,BiGRU,multiclass,10,5,7,0.5142506122888633,1.7238656339191256,398,42,64
C,Financial,BiGRU,multiclass,10,5,8,0.4517474366192842,1.8768804868062336,398,42,64
C,Financial,BiGRU,multiclass,10,5,9,0.4100274201014533,2.131499790009998,398,42,64
C,Financial,BiGRU,multiclass,10,5,10,0.41427803938113267,1.9992346536545527,398,42,64
C,Financial,BiGRU,multiclass,10,5,11,0.4040590516436639,2.3549849646432057,398,42,64
CAT,Industrial Goods,BiGRU,multiclass,10,5,1,1.5964739184882772,1.3134675877434867,398,42,64
CAT,Industrial Goods,BiGRU,multiclass,10,5,2,1.1542015438103796,1.0403251080285936,398,42,64
CAT,Industrial Goods,BiGRU,multiclass,10,5,3,0.9052532333225461,2.2884818826402937,398,42,64
CAT,Industrial Goods,BiGRU,multiclass,10,5,4,0.7925039898211034,3.7612098966326033,398,42,64
CAT,Industrial Goods,BiGRU,multiclass,10,5,5,0.7368122375191156,4.688381989796956,398,42,64
CAT,Industrial Goods,BiGRU,multiclass,10,5,6,0.7003460715164491,5.247183141254244,398,42,64
CAT,Industrial Goods,BiGRU,multiclass,10,5,7,0.6594366190122001,4.832635243733724,398,42,64
CAT,Industrial Goods,BiGRU,multiclass,10,5,8,0.6824027687760453,4.525313559032622,398,42,64
CAT,Industrial Goods,BiGRU,multiclass,10,5,9,0.5574744376704921,4.451170785086496,398,42,64
CAT,Industrial Goods,BiGRU,multiclass,10,5,10,0.5255515166563005,4.754812399546306,398,42,64
CAT,Industrial Goods,BiGRU,multiclass,10,5,11,0.5284753625267115,5.248454389118013,398,42,64
CAT,Industrial Goods,BiGRU,multiclass,10,5,12,0.468893267476379,5.1905528250194735,398,42,64
CELG,Healthcare,BiGRU,multiclass,10,5,1,1.3575260061115475,0.7771277853420803,398,42,64
CELG,Healthcare,BiGRU,multiclass,10,5,2,0.9939531709381084,0.6154822841996238,398,42,64
CELG,Healthcare,BiGRU,multiclass,10,5,3,0.8570615509946142,0.6728117792379289,398,42,64
CELG,Healthcare,BiGRU,multiclass,10,5,4,0.7319851583571889,0.6490742436477116,398,42,64
CELG,Healthcare,BiGRU,multiclass,10,5,5,0.6952539141753211,0.8633161925134205,398,42,64
CELG,Healthcare,BiGRU,multiclass,10,5,6,0.6225496241495238,0.7075109070255643,398,42,64
CELG,Healthcare,BiGRU,multiclass,10,5,7,0.5968452951866179,0.882101507413955,398,42,64
CELG,Healthcare,BiGRU,multiclass,10,5,8,0.5458869881665886,1.0434137185414631,398,42,64
CELG,Healthcare,BiGRU,multiclass,10,5,9,0.506571417927143,1.2990344478970481,398,42,64
CELG,Healthcare,BiGRU,multiclass,10,5,10,0.4551030815995518,1.3671934207280476,398,42,64
CELG,Healthcare,BiGRU,multiclass,10,5,11,0.41797471705393574,1.855701934723627,398,42,64
CELG,Healthcare,BiGRU,multiclass,10,5,12,0.3797616390277393,1.5748583362216042,398,42,64
CHL,Technology,BiGRU,multiclass,10,5,1,1.400942886295031,1.2732134887150355,398,42,64
CHL,Technology,BiGRU,multiclass,10,5,2,0.9349037900042894,0.8863663446335566,398,42,64
CHL,Technology,BiGRU,multiclass,10,5,3,0.752174714851619,1.024794680731637,398,42,64
CHL,Technology,BiGRU,multiclass,10,5,4,0.6477857004457982,1.3467416309175038,398,42,64
CHL,Technology,BiGRU,multiclass,10,5,5,0.6376627241846305,1.860106797445388,398,42,64
CHL,Technology,BiGRU,multiclass,10,5,6,0.5348490650330356,1.8816501980736142,398,42,64
CHL,Technology,BiGRU,multiclass,10,5,7,0.5377463469253713,1.9117694241659982,398,42,64
CHL,Technology,BiGRU,multiclass,10,5,8,0.5494577887669281,1.8198497749510265,398,42,64
CHL,Technology,BiGRU,multiclass,10,5,9,0.49827352840097705,1.8376792726062594,398,42,64
CHL,Technology,BiGRU,multiclass,10,5,10,0.4437860066267713,1.7351638248988561,398,42,64
CHL,Technology,BiGRU,multiclass,10,5,11,0.43669424913636407,1.8726146221160889,398,42,64
CHL,Technology,BiGRU,multiclass,10,5,12,0.41303838931735437,2.0482803753444125,398,42,64
CHTR,Services,BiGRU,multiclass,10,5,1,1.557852789385235,1.7550364846274966,398,42,64
CHTR,Services,BiGRU,multiclass,10,5,2,1.0968113071355388,1.2254485402788435,398,42,64
CHTR,Services,BiGRU,multiclass,10,5,3,0.8719650159529106,0.9101086542719886,398,42,64
CHTR,Services,BiGRU,multiclass,10,5,4,0.8045390526853015,0.808313957282475,398,42,64
CHTR,Services,BiGRU,multiclass,10,5,5,0.6547634185259067,0.7941560106618064,398,42,64
CHTR,Services,BiGRU,multiclass,10,5,6,0.6046568808244102,0.8135726196425301,398,42,64
CHTR,Services,BiGRU,multiclass,10,5,7,0.5253586599874736,0.8244715049153283,398,42,64
CHTR,Services,BiGRU,multiclass,10,5,8,0.5076734874416237,0.8587847352027893,398,42,64
CHTR,Services,BiGRU,multiclass,10,5,9,0.5055105882373887,0.8793640165101915,398,42,64
CHTR,Services,BiGRU,multiclass,10,5,10,0.46599116591951956,1.2358185705684481,398,42,64
CHTR,Services,BiGRU,multiclass,10,5,11,0.47788364279210266,1.323198839312508,398,42,64
CHTR,Services,BiGRU,multiclass,10,5,12,0.4306419982982041,1.5800210407802038,398,42,64
CHTR,Services,BiGRU,multiclass,10,5,13,0.3965096765726655,1.6436036143984114,398,42,64
CHTR,Services,BiGRU,multiclass,10,5,14,0.3466316426369413,1.5931715142159235,398,42,64
CHTR,Services,BiGRU,multiclass,10,5,15,0.33774382385177226,1.8007685655639285,398,42,64
CMCSA,Services,BiGRU,multiclass,10,5,1,1.4579168543144687,1.380523959795634,398,42,64
CMCSA,Services,BiGRU,multiclass,10,5,2,0.947727237514515,1.033685633114406,398,42,64
CMCSA,Services,BiGRU,multiclass,10,5,3,0.7567648303568663,1.0780096905572074,398,42,64
CMCSA,Services,BiGRU,multiclass,10,5,4,0.6717329474549797,1.351838157290504,398,42,64
CMCSA,Services,BiGRU,multiclass,10,5,5,0.5628695375655763,1.6074235155468894,398,42,64
CMCSA,Services,BiGRU,multiclass,10,5,6,0.5381292992800324,2.0192704995473227,398,42,64
CMCSA,Services,BiGRU,multiclass,10,5,7,0.5344234173321843,1.9947505791982014,398,42,64
CMCSA,Services,BiGRU,multiclass,10,5,8,0.5169073877921656,2.0292808214823403,398,42,64
CMCSA,Services,BiGRU,multiclass,10,5,9,0.4627488647873078,1.971059242884318,398,42,64
CMCSA,Services,BiGRU,multiclass,10,5,10,0.4173895104147082,2.0618507748558406,398,42,64
CMCSA,Services,BiGRU,multiclass,10,5,11,0.38241504065355464,2.4228223959604898,398,42,64
CMCSA,Services,BiGRU,multiclass,10,5,12,0.3892838910746215,2.719154028665452,398,42,64
CODI,Conglomerates,BiGRU,multiclass,10,5,1,1.5214987807537443,0.7727800380615961,398,42,64
CODI,Conglomerates,BiGRU,multiclass,10,5,2,1.0295290240091295,0.7690806019873846,398,42,64
CODI,Conglomerates,BiGRU,multiclass,10,5,3,0.8200456224494244,1.3312608344214303,398,42,64
CODI,Conglomerates,BiGRU,multiclass,10,5,4,0.7765767322712808,2.057275113605318,398,42,64
CODI,Conglomerates,BiGRU,multiclass,10,5,5,0.6836409997101405,3.0406982558114186,398,42,64
CODI,Conglomerates,BiGRU,multiclass,10,5,6,0.6633694013159479,3.2590175583249046,398,42,64
CODI,Conglomerates,BiGRU,multiclass,10,5,7,0.6102750184547961,3.3482818603515625,398,42,64
CODI,Conglomerates,BiGRU,multiclass,10,5,8,0.6156151186880754,2.906719593774705,398,42,64
CODI,Conglomerates,BiGRU,multiclass,10,5,9,0.5567764588935891,3.213033471788679,398,42,64
CODI,Conglomerates,BiGRU,multiclass,10,5,10,0.5085154294069089,2.8802520093463717,398,42,64
CODI,Conglomerates,BiGRU,multiclass,10,5,11,0.48661448922588596,3.261226177215576,398,42,64
CODI,Conglomerates,BiGRU,multiclass,10,5,12,0.49669956951285127,3.544110684167771,398,42,64
CSCO,Technology,BiGRU,multiclass,10,5,1,1.292381953054936,1.0887195893696375,398,42,64
CSCO,Technology,BiGRU,multiclass,10,5,2,0.8119957749568039,1.368427866981143,398,42,64
CSCO,Technology,BiGRU,multiclass,10,5,3,0.6768031356921748,1.9241192170551844,398,42,64
CSCO,Technology,BiGRU,multiclass,10,5,4,0.6522470071687171,2.0368491922106062,398,42,64
CSCO,Technology,BiGRU,multiclass,10,5,5,0.6417231167381133,2.2358435903276717,398,42,64
CSCO,Technology,BiGRU,multiclass,10,5,6,0.55434258065032,2.122600555419922,398,42,64
CSCO,Technology,BiGRU,multiclass,10,5,7,0.5109058921061569,2.411890733809698,398,42,64
CSCO,Technology,BiGRU,multiclass,10,5,8,0.46030410225666946,2.4327633721487865,398,42,64
CSCO,Technology,BiGRU,multiclass,10,5,9,0.43260680625786135,2.5545865013485862,398,42,64
CSCO,Technology,BiGRU,multiclass,10,5,10,0.41036155715060596,2.6134311925797236,398,42,64
CSCO,Technology,BiGRU,multiclass,10,5,11,0.39951928910897605,2.647783461071196,398,42,64
CVX,Basic Matierials,BiGRU,multiclass,10,5,1,1.6476412773431846,1.6602835314614433,398,42,64
CVX,Basic Matierials,BiGRU,multiclass,10,5,2,1.0486875811413905,1.6755034299123854,398,42,64
CVX,Basic Matierials,BiGRU,multiclass,10,5,3,0.8550335751406511,2.315975893111456,398,42,64
CVX,Basic Matierials,BiGRU,multiclass,10,5,4,0.7892625799131154,2.908781959896996,398,42,64
CVX,Basic Matierials,BiGRU,multiclass,10,5,5,0.6796184381348404,3.3494988963717507,398,42,64
CVX,Basic Matierials,BiGRU,multiclass,10,5,6,0.6747525698276021,3.0629544882547286,398,42,64
CVX,Basic Matierials,BiGRU,multiclass,10,5,7,0.6092713506677043,2.2521071320488337,398,42,64
CVX,Basic Matierials,BiGRU,multiclass,10,5,8,0.5308621548228527,2.46245162827628,398,42,64
CVX,Basic Matierials,BiGRU,multiclass,10,5,9,0.4949356269596809,2.446104742231823,398,42,64
CVX,Basic Matierials,BiGRU,multiclass,10,5,10,0.4662355388229217,2.645978496188209,398,42,64
CVX,Basic Matierials,BiGRU,multiclass,10,5,11,0.44757718671506375,1.9567059108189173,398,42,64
D,Utilities,BiGRU,multiclass,10,5,1,1.5703741713384887,1.5690634648005168,398,42,64
D,Utilities,BiGRU,multiclass,10,5,2,1.1086193598694538,1.4451202665056502,398,42,64
D,Utilities,BiGRU,multiclass,10,5,3,0.8616955454026035,1.2143312834558033,398,42,64
D,Utilities,BiGRU,multiclass,10,5,4,0.7077564333551493,1.275617627870469,398,42,64
D,Utilities,BiGRU,multiclass,10,5,5,0.6088366767569403,1.3367036297207786,398,42,64
D,Utilities,BiGRU,multiclass,10,5,6,0.5576423712112196,1.5241348573139735,398,42,64
D,Utilities,BiGRU,multiclass,10,5,7,0.5005950556328548,1.7905231316884358,398,42,64
D,Utilities,BiGRU,multiclass,10,5,8,0.4992328831298867,1.557709500903175,398,42,64
D,Utilities,BiGRU,multiclass,10,5,9,0.5245063436690287,1.909607626142956,398,42,64
D,Utilities,BiGRU,multiclass,10,5,10,0.49273578216083086,1.9085575398944674,398,42,64
D,Utilities,BiGRU,multiclass,10,5,11,0.40809823834716374,1.8865185124533517,398,42,64
D,Utilities,BiGRU,multiclass,10,5,12,0.37772509201088145,1.8985364550635928,398,42,64
D,Utilities,BiGRU,multiclass,10,5,13,0.4056338329411032,1.9246738865261985,398,42,64
DHR,Industrial Goods,BiGRU,multiclass,10,5,1,1.4054979493270567,1.2744538556961786,398,42,64
DHR,Industrial Goods,BiGRU,multiclass,10,5,2,0.9019302513132144,1.3341415041968936,398,42,64
DHR,Industrial Goods,BiGRU,multiclass,10,5,3,0.7239553344309629,1.6073733397892542,398,42,64
DHR,Industrial Goods,BiGRU,multiclass,10,5,4,0.6637156530840314,1.5975150948479062,398,42,64
DHR,Industrial Goods,BiGRU,multiclass,10,5,5,0.6183212734946054,1.549081177938552,398,42,64
DHR,Industrial Goods,BiGRU,multiclass,10,5,6,0.586866403494648,1.5902211211976551,398,42,64
DHR,Industrial Goods,BiGRU,multiclass,10,5,7,0.5494014134059599,1.569051322482881,398,42,64
DHR,Industrial Goods,BiGRU,multiclass,10,5,8,0.5243937373910118,1.4999835718245733,398,42,64
DHR,Industrial Goods,BiGRU,multiclass,10,5,9,0.5113584444151452,1.5239520640600295,398,42,64
DHR,Industrial Goods,BiGRU,multiclass,10,5,10,0.4857137248144677,1.5335055078778947,398,42,64
DHR,Industrial Goods,BiGRU,multiclass,10,5,11,0.46246456321160395,1.586166745140439,398,42,64
DIS,Services,BiGRU,multiclass,10,5,1,1.1710264365277698,0.8989773875191098,398,42,64
DIS,Services,BiGRU,multiclass,10,5,2,0.7988986519712898,2.1228768541699363,398,42,64
DIS,Services,BiGRU,multiclass,10,5,3,0.6789432236896688,4.760645593915667,398,42,64
DIS,Services,BiGRU,multiclass,10,5,4,0.6669602034679011,4.455818698519752,398,42,64
DIS,Services,BiGRU,multiclass,10,5,5,0.5915244804255327,5.534151349748884,398,42,64
DIS,Services,BiGRU,multiclass,10,5,6,0.5193984784073566,4.048209054129464,398,42,64
DIS,Services,BiGRU,multiclass,10,5,7,0.49130739099416304,5.114190987178257,398,42,64
DIS,Services,BiGRU,multiclass,10,5,8,0.4832288886434469,4.305803344363258,398,42,64
DIS,Services,BiGRU,multiclass,10,5,9,0.40018620263392,4.336376281011672,398,42,64
DIS,Services,BiGRU,multiclass,10,5,10,0.4036150177819046,4.197523593902588,398,42,64
DIS,Services,BiGRU,multiclass,10,5,11,0.38341597171884084,4.11957175391061,398,42,64
DUK,Utilities,BiGRU,multiclass,10,5,1,1.5717913834892925,1.448201332773481,398,42,64
DUK,Utilities,BiGRU,multiclass,10,5,2,1.0158369517206547,0.7814361935570127,398,42,64
DUK,Utilities,BiGRU,multiclass,10,5,3,0.8733740266244016,0.9749660520326524,398,42,64
DUK,Utilities,BiGRU,multiclass,10,5,4,0.7205583932411731,1.600848240511758,398,42,64
DUK,Utilities,BiGRU,multiclass,10,5,5,0.6227132408463176,2.1021140019098916,398,42,64
DUK,Utilities,BiGRU,multiclass,10,5,6,0.61348473187068,2.0642677063033696,398,42,64
DUK,Utilities,BiGRU,multiclass,10,5,7,0.5582546726543101,2.403293178195045,398,42,64
DUK,Utilities,BiGRU,multiclass,10,5,8,0.5964955118433315,2.3566736976305642,398,42,64
DUK,Utilities,BiGRU,multiclass,10,5,9,0.5686710505329784,2.5074903681164695,398,42,64
DUK,Utilities,BiGRU,multiclass,10,5,10,0.4834373832947046,2.885011769476391,398,42,64
DUK,Utilities,BiGRU,multiclass,10,5,11,0.44756796941086274,2.8935876886049905,398,42,64
DUK,Utilities,BiGRU,multiclass,10,5,12,0.46878843136768245,2.790030763262794,398,42,64
EXC,Utilities,BiGRU,multiclass,10,5,1,1.5330641287655087,1.342477491923741,398,42,64
EXC,Utilities,BiGRU,multiclass,10,5,2,1.1067870762479963,0.9964212888763064,398,42,64
EXC,Utilities,BiGRU,multiclass,10,5,3,0.8467711044016795,1.3557732559385753,398,42,64
EXC,Utilities,BiGRU,multiclass,10,5,4,0.6683609169631747,2.4220054944356284,398,42,64
EXC,Utilities,BiGRU,multiclass,10,5,5,0.6156263051919602,2.726072072982788,398,42,64
EXC,Utilities,BiGRU,multiclass,10,5,6,0.5284755351255886,2.4740419274284724,398,42,64
EXC,Utilities,BiGRU,multiclass,10,5,7,0.5506208889448463,2.874634004774548,398,42,64
EXC,Utilities,BiGRU,multiclass,10,5,8,0.4746887969910799,2.5737986905234203,398,42,64
EXC,Utilities,BiGRU,multiclass,10,5,9,0.46207120445505456,2.6449618453071233,398,42,64
EXC,Utilities,BiGRU,multiclass,10,5,10,0.3792986439999623,2.832664512452625,398,42,64
EXC,Utilities,BiGRU,multiclass,10,5,11,0.3563387298853553,2.9528469925835017,398,42,64
EXC,Utilities,BiGRU,multiclass,10,5,12,0.35853826827439833,2.928745985031128,398,42,64
FB,Technology,BiGRU,multiclass,10,5,1,1.4732244218414152,1.6532971688679285,398,42,64
FB,Technology,BiGRU,multiclass,10,5,2,0.941631257833548,1.3952141489301408,398,42,64
FB,Technology,BiGRU,multiclass,10,5,3,0.7343535498159015,1.3654193452426366,398,42,64
FB,Technology,BiGRU,multiclass,10,5,4,0.63784435720899,1.8212476174036663,398,42,64
FB,Technology,BiGRU,multiclass,10,5,5,0.5692460205986272,1.6347661103521074,398,42,64
FB,Technology,BiGRU,multiclass,10,5,6,0.5451638429757938,1.9445876393999373,398,42,64
FB,Technology,BiGRU,multiclass,10,5,7,0.5298357895720545,1.6001329961277189,398,42,64
FB,Technology,BiGRU,multiclass,10,5,8,0.4699234291536724,1.7140284123874845,398,42,64
FB,Technology,BiGRU,multiclass,10,5,9,0.4452226139492725,1.5437569646608262,398,42,64
FB,Technology,BiGRU,multiclass,10,5,10,0.3923748667964983,1.7067251886640276,398,42,64
FB,Technology,BiGRU,multiclass,10,5,11,0.3791864157921106,1.761612077554067,398,42,64
FB,Technology,BiGRU,multiclass,10,5,12,0.368253904970447,1.7677272245997475,398,42,64
FB,Technology,BiGRU,multiclass,10,5,13,0.34213188979493914,1.9308876792589824,398,42,64
GD,Industrial Goods,BiGRU,multiclass,10,5,1,1.4704390824140616,0.8543873855045864,398,42,64
GD,Industrial Goods,BiGRU,multiclass,10,5,2,1.0585621217986447,0.7556765533628917,398,42,64
GD,Industrial Goods,BiGRU,multiclass,10,5,3,0.8550344642682292,0.7868234855788094,398,42,64
GD,Industrial Goods,BiGRU,multiclass,10,5,4,0.753283952947837,0.770659985996428,398,42,64
GD,Industrial Goods,BiGRU,multiclass,10,5,5,0.7034839508521497,0.7530140011083513,398,42,64
GD,Industrial Goods,BiGRU,multiclass,10,5,6,0.6563814938367911,0.7927644607566652,398,42,64
GD,Industrial Goods,BiGRU,multiclass,10,5,7,0.569083419876482,0.987047533194224,398,42,64
GD,Industrial Goods,BiGRU,multiclass,10,5,8,0.5238242177807506,0.9456668013618106,398,42,64
GD,Industrial Goods,BiGRU,multiclass,10,5,9,0.48958087970863035,0.8847799755278087,398,42,64
GD,Industrial Goods,BiGRU,multiclass,10,5,10,0.4996947918705006,0.8784117698669434,398,42,64
GD,Industrial Goods,BiGRU,multiclass,10,5,11,0.5238377354552398,0.8280126963342939,398,42,64
GD,Industrial Goods,BiGRU,multiclass,10,5,12,0.42777809583062504,0.8390260509082249,398,42,64
GE,Industrial Goods,BiGRU,multiclass,10,5,1,1.4899378832261168,1.3418914193198794,398,42,64
GE,Industrial Goods,BiGRU,multiclass,10,5,2,1.027993205204681,0.9869466282072521,398,42,64
GE,Industrial Goods,BiGRU,multiclass,10,5,3,0.9221938797576943,1.098999755723136,398,42,64
GE,Industrial Goods,BiGRU,multiclass,10,5,4,0.8166335105296955,1.2598964884167625,398,42,64
GE,Industrial Goods,BiGRU,multiclass,10,5,5,0.7212805148944184,1.2989327680496943,398,42,64
GE,Industrial Goods,BiGRU,multiclass,10,5,6,0.7083650589288779,1.4614701100758143,398,42,64
GE,Industrial Goods,BiGRU,multiclass,10,5,7,0.6393591348250308,1.1126420157296317,398,42,64
GE,Industrial Goods,BiGRU,multiclass,10,5,8,0.5746429122273048,1.6921389613832747,398,42,64
GE,Industrial Goods,BiGRU,multiclass,10,5,9,0.5156096721713866,1.1869787942795527,398,42,64
GE,Industrial Goods,BiGRU,multiclass,10,5,10,0.49481196259733423,1.430726068360465,398,42,64
GE,Industrial Goods,BiGRU,multiclass,10,5,11,0.47586641808850083,1.4240692115965343,398,42,64
GE,Industrial Goods,BiGRU,multiclass,10,5,12,0.44072795558215383,1.7767252297628493,398,42,64
GOOG,Technology,BiGRU,multiclass,10,5,1,1.6348999846520735,2.91656604267302,398,42,64
GOOG,Technology,BiGRU,multiclass,10,5,2,1.063647072818411,2.6816164538973855,398,42,64
GOOG,Technology,BiGRU,multiclass,10,5,3,0.8194890360736368,1.7673249528521584,398,42,64
GOOG,Technology,BiGRU,multiclass,10,5,4,0.7468932113755289,1.4624464852469308,398,42,64
GOOG,Technology,BiGRU,multiclass,10,5,5,0.6280355127013508,0.9563210918789818,398,42,64
GOOG,Technology,BiGRU,multiclass,10,5,6,0.6044746514540821,1.159044623374939,398,42,64
GOOG,Technology,BiGRU,multiclass,10,5,7,0.5813919409136077,1.0360815411522275,398,42,64
GOOG,Technology,BiGRU,multiclass,10,5,8,0.5313782404415571,1.5019964717683338,398,42,64
GOOG,Technology,BiGRU,multiclass,10,5,9,0.46391256325808,1.6200189022790819,398,42,64
GOOG,Technology,BiGRU,multiclass,10,5,10,0.48339626372759065,1.8487695625850133,398,42,64
GOOG,Technology,BiGRU,multiclass,10,5,11,0.4704308189339374,1.0826750369299025,398,42,64
GOOG,Technology,BiGRU,multiclass,10,5,12,0.44929366000932663,1.1289925064359392,398,42,64
GOOG,Technology,BiGRU,multiclass,10,5,13,0.399736993576414,1.0362495524542672,398,42,64
GOOG,Technology,BiGRU,multiclass,10,5,14,0.3787827538185982,1.0019493500391643,398,42,64
GOOG,Technology,BiGRU,multiclass,10,5,15,0.35032512434762925,1.0809104726428078,398,42,64
HD,Services,BiGRU,multiclass,10,5,1,1.2541625469773259,1.442581818217323,398,42,64
HD,Services,BiGRU,multiclass,10,5,2,0.8166981294526526,1.3344661792119343,398,42,64
HD,Services,BiGRU,multiclass,10,5,3,0.6709493690699189,1.6206487048239935,398,42,64
HD,Services,BiGRU,multiclass,10,5,4,0.613853452493198,1.7248674574352445,398,42,64
HD,Services,BiGRU,multiclass,10,5,5,0.5672726060577373,1.5817915541785104,398,42,64
HD,Services,BiGRU,multiclass,10,5,6,0.5386057930376063,2.050799321560633,398,42,64
HD,Services,BiGRU,multiclass,10,5,7,0.5087840010472877,1.4100802370480128,398,42,64
HD,Services,BiGRU,multiclass,10,5,8,0.44051522840207546,1.6544850383486067,398,42,64
HD,Services,BiGRU,multiclass,10,5,9,0.5505620238918755,1.7494536013830275,398,42,64
HD,Services,BiGRU,multiclass,10,5,10,0.40526428968463113,1.561424454053243,398,42,64
HD,Services,BiGRU,multiclass,10,5,11,0.3709845427592196,1.5739433481579734,398,42,64
HD,Services,BiGRU,multiclass,10,5,12,0.36536868253544946,1.6924342825299217,398,42,64
HON,Industrial Goods,BiGRU,multiclass,10,5,1,1.3678836199506443,1.2238054672876995,398,42,64
HON,Industrial Goods,BiGRU,multiclass,10,5,2,0.9474762079104706,1.2689151707149686,398,42,64
HON,Industrial Goods,BiGRU,multiclass,10,5,3,0.746293078115837,1.7447863873981295,398,42,64
HON,Industrial Goods,BiGRU,multiclass,10,5,4,0.7247506356119511,2.653980641137986,398,42,64
HON,Industrial Goods,BiGRU,multiclass,10,5,5,0.6789774732973108,2.616330135436285,398,42,64
HON,Industrial Goods,BiGRU,multiclass,10,5,6,0.6030295772768145,3.0633957726614818,398,42,64
HON,Industrial Goods,BiGRU,multiclass,10,5,7,0.5806671333073372,2.7682351157778786,398,42,64
HON,Industrial Goods,BiGRU,multiclass,10,5,8,0.520677332003512,3.0464406921750022,398,42,64
HON,Industrial Goods,BiGRU,multiclass,10,5,9,0.49058801714499395,2.920709905170259,398,42,64
HON,Industrial Goods,BiGRU,multiclass,10,5,10,0.46208489046024914,2.9117372376578197,398,42,64
HON,Industrial Goods,BiGRU,multiclass,10,5,11,0.43692184213417856,2.638739438284011,398,42,64
HRG,Conglomerates,BiGRU,multiclass,10,5,1,1.248183069516666,0.7148970479056949,398,42,64
HRG,Conglomerates,BiGRU,multiclass,10,5,2,0.8386469390524093,0.5351244182813735,398,42,64
HRG,Conglomerates,BiGRU,multiclass,10,5,3,0.7165082561310812,0.592449582758404,398,42,64
HRG,Conglomerates,BiGRU,multiclass,10,5,4,0.6431646550720062,0.6907901820682344,398,42,64
HRG,Conglomerates,BiGRU,multiclass,10,5,5,0.6078047488802042,0.7278328623090472,398,42,64
HRG,Conglomerates,BiGRU,multiclass,10,5,6,0.5580140268383313,0.8645344177881876,398,42,64
HRG,Conglomerates,BiGRU,multiclass,10,5,7,0.5431112727927203,1.298381737300328,398,42,64
HRG,Conglomerates,BiGRU,multiclass,10,5,8,0.5345681761976463,1.0570790370305378,398,42,64
HRG,Conglomerates,BiGRU,multiclass,10,5,9,0.4571184926296598,1.0483917111442203,398,42,64
HRG,Conglomerates,BiGRU,multiclass,10,5,10,0.46497324782999316,1.1294515132904053,398,42,64
HRG,Conglomerates,BiGRU,multiclass,10,5,11,0.4391430706235033,1.1402344476609003,398,42,64
HRG,Conglomerates,BiGRU,multiclass,10,5,12,0.4226002642257729,1.1227750891730899,398,42,64
HSBC,Financial,BiGRU,multiclass,10,5,1,1.7829152651168594,1.0762085687546503,398,42,64
HSBC,Financial,BiGRU,multiclass,10,5,2,1.2081632961579902,1.7610719260715304,398,42,64
HSBC,Financial,BiGRU,multiclass,10,5,3,0.9860737844927228,3.1170380115509033,398,42,64
HSBC,Financial,BiGRU,multiclass,10,5,4,0.8823201374791975,4.33760126431783,398,42,64
HSBC,Financial,BiGRU,multiclass,10,5,5,0.7527281866600765,4.093822422481718,398,42,64
HSBC,Financial,BiGRU,multiclass,10,5,6,0.697670686784102,4.3250799633207775,398,42,64
HSBC,Financial,BiGRU,multiclass,10,5,7,0.6154021120550645,4.366842269897461,398,42,64
HSBC,Financial,BiGRU,multiclass,10,5,8,0.5915977286933055,3.963978744688488,398,42,64
HSBC,Financial,BiGRU,multiclass,10,5,9,0.5491643919417607,4.94071440469651,398,42,64
HSBC,Financial,BiGRU,multiclass,10,5,10,0.49545014353852773,4.465853043964931,398,42,64
HSBC,Financial,BiGRU,multiclass,10,5,11,0.5255929564111795,4.994201569330125,398,42,64
IEP,Conglomerates,BiGRU,multiclass,10,5,1,1.897111766302406,1.6998280911218553,398,42,64
IEP,Conglomerates,BiGRU,multiclass,10,5,2,1.25325238554921,1.3773376714615595,398,42,64
IEP,Conglomerates,BiGRU,multiclass,10,5,3,1.0031083283112876,3.40911975361052,398,42,64
IEP,Conglomerates,BiGRU,multiclass,10,5,4,0.9403402685520038,3.2737461498805454,398,42,64
IEP,Conglomerates,BiGRU,multiclass,10,5,5,0.847777261506373,3.361342963718233,398,42,64
IEP,Conglomerates,BiGRU,multiclass,10,5,6,0.8217046075130827,2.3221926121484664,398,42,64
IEP,Conglomerates,BiGRU,multiclass,10,5,7,0.7771936521757787,3.1356512024289085,398,42,64
IEP,Conglomerates,BiGRU,multiclass,10,5,8,0.7087592997742658,2.4831760951450894,398,42,64
IEP,Conglomerates,BiGRU,multiclass,10,5,9,0.6599017318768717,2.7045899572826566,398,42,64
IEP,Conglomerates,BiGRU,multiclass,10,5,10,0.6495260937729074,2.5805287020547047,398,42,64
IEP,Conglomerates,BiGRU,multiclass,10,5,11,0.6008876027473852,2.7370200270698186,398,42,64
IEP,Conglomerates,BiGRU,multiclass,10,5,12,0.5953655322292941,2.8691054639362155,398,42,64
INTC,Technology,BiGRU,multiclass,10,5,1,1.5097496383753255,1.7980717477344332,398,42,64
INTC,Technology,BiGRU,multiclass,10,5,2,1.0663977442075259,1.0097279037748064,398,42,64
INTC,Technology,BiGRU,multiclass,10,5,3,0.8366786927434068,1.154072261991955,398,42,64
INTC,Technology,BiGRU,multiclass,10,5,4,0.7036061050304815,1.7627338908967518,398,42,64
INTC,Technology,BiGRU,multiclass,10,5,5,0.6630490591478109,1.9655784765879314,398,42,64
INTC,Technology,BiGRU,multiclass,10,5,6,0.5620150366919724,1.9734091418130058,398,42,64
INTC,Technology,BiGRU,multiclass,10,5,7,0.567563518956678,2.4482151440211704,398,42,64
INTC,Technology,BiGRU,multiclass,10,5,8,0.5384389895889627,2.1462242603302,398,42,64
INTC,Technology,BiGRU,multiclass,10,5,9,0.4743404885632309,2.0229749225434803,398,42,64
INTC,Technology,BiGRU,multiclass,10,5,10,0.4436908192071483,1.8223567236037481,398,42,64
INTC,Technology,BiGRU,multiclass,10,5,11,0.4143146218067438,2.0457236085619246,398,42,64
INTC,Technology,BiGRU,multiclass,10,5,12,0.40962787099819087,1.8582179546356201,398,42,64
JNJ,Healthcare,BiGRU,multiclass,10,5,1,1.3725464877171731,0.707804146267119,398,42,64
JNJ,Healthcare,BiGRU,multiclass,10,5,2,0.848069919563418,2.2941006138211204,398,42,64
JNJ,Healthcare,BiGRU,multiclass,10,5,3,0.6841358576887216,3.1686494123368036,398,42,64
JNJ,Healthcare,BiGRU,multiclass,10,5,4,0.5892208849065866,3.9260350522540866,398,42,64
JNJ,Healthcare,BiGRU,multiclass,10,5,5,0.5366783356247236,4.528478701909383,398,42,64
JNJ,Healthcare,BiGRU,multiclass,10,5,6,0.5057601606726048,3.7995471840813044,398,42,64
JNJ,Healthcare,BiGRU,multiclass,10,5,7,0.5164128615329014,5.097777684529622,398,42,64
JNJ,Healthcare,BiGRU,multiclass,10,5,8,0.4767926850510602,4.1277345929827005,398,42,64
JNJ,Healthcare,BiGRU,multiclass,10,5,9,0.4346137639865204,3.7131444840204146,398,42,64
JNJ,Healthcare,BiGRU,multiclass,10,5,10,0.4239100147431819,3.9271748520079113,398,42,64
JNJ,Healthcare,BiGRU,multiclass,10,5,11,0.42156784258895186,4.1280452978043325,398,42,64
JPM,Financial,BiGRU,multiclass,10,5,1,1.3673499749233975,0.8908219791594005,398,42,64
JPM,Financial,BiGRU,multiclass,10,5,2,0.844272272520928,0.8721116469019935,398,42,64
JPM,Financial,BiGRU,multiclass,10,5,3,0.7506163900521532,0.9032078896250043,398,42,64
JPM,Financial,BiGRU,multiclass,10,5,4,0.6144516152053622,0.8239847790627253,398,42,64
JPM,Financial,BiGRU,multiclass,10,5,5,0.5659619872294479,0.8045785086495536,398,42,64
JPM,Financial,BiGRU,multiclass,10,5,6,0.5212050814125406,0.9467931531724476,398,42,64
JPM,Financial,BiGRU,multiclass,10,5,7,0.4679040243877238,0.8594124629383996,398,42,64
JPM,Financial,BiGRU,multiclass,10,5,8,0.4707038688599764,1.1643755663008917,398,42,64
JPM,Financial,BiGRU,multiclass,10,5,9,0.442671528713188,1.1784482853753226,398,42,64
JPM,Financial,BiGRU,multiclass,10,5,10,0.4299831881595017,1.1718594403493972,398,42,64
JPM,Financial,BiGRU,multiclass,10,5,11,0.42407076951846406,0.9156485058012462,398,42,64
JPM,Financial,BiGRU,multiclass,10,5,12,0.3740698346241036,1.397648396946135,398,42,64
JPM,Financial,BiGRU,multiclass,10,5,13,0.34894251838401336,1.3671993187495641,398,42,64
JPM,Financial,BiGRU,multiclass,10,5,14,0.30168533579788015,1.3697987681343442,398,42,64
JPM,Financial,BiGRU,multiclass,10,5,15,0.3169670376046818,1.450084782782055,398,42,64
KO,Consumer Goods,BiGRU,multiclass,10,5,1,1.4246603795631447,1.0280473913465227,398,42,64
KO,Consumer Goods,BiGRU,multiclass,10,5,2,0.8664042164931944,1.2065345219203405,398,42,64
KO,Consumer Goods,BiGRU,multiclass,10,5,3,0.713318356916533,1.4771437162444705,398,42,64
KO,Consumer Goods,BiGRU,multiclass,10,5,4,0.6107578663969758,1.505580987249102,398,42,64
KO,Consumer Goods,BiGRU,multiclass,10,5,5,0.5534336378226927,1.637624252410162,398,42,64
KO,Consumer Goods,BiGRU,multiclass,10,5,6,0.552931605047317,1.5760280518304735,398,42,64
KO,Consumer Goods,BiGRU,multiclass,10,5,7,0.4600560599236033,1.8441501401719593,398,42,64
KO,Consumer Goods,BiGRU,multiclass,10,5,8,0.45297430186115917,1.5489712556203206,398,42,64
KO,Consumer Goods,BiGRU,multiclass,10,5,9,0.4179783918000945,1.9047839073907762,398,42,64
KO,Consumer Goods,BiGRU,multiclass,10,5,10,0.44363777009985556,1.6248124071529932,398,42,64
KO,Consumer Goods,BiGRU,multiclass,10,5,11,0.4111164591869517,2.003213433992295,398,42,64
LMT,Industrial Goods,BiGRU,multiclass,10,5,1,1.4398746394631852,1.1790499573662168,398,42,64
LMT,Industrial Goods,BiGRU,multiclass,10,5,2,0.9442502302141046,1.06492052759443,398,42,64
LMT,Industrial Goods,BiGRU,multiclass,10,5,3,0.7358196865973161,0.9559012821742466,398,42,64
LMT,Industrial Goods,BiGRU,multiclass,10,5,4,0.6606430941490672,1.1007654439835322,398,42,64
LMT,Industrial Goods,BiGRU,multiclass,10,5,5,0.6209278699740692,1.2676706030255271,398,42,64
LMT,Industrial Goods,BiGRU,multiclass,10,5,6,0.5405344900174357,1.50312378292992,398,42,64
LMT,Industrial Goods,BiGRU,multiclass,10,5,7,0.5509386604754769,1.388867287408738,398,42,64
LMT,Industrial Goods,BiGRU,multiclass,10,5,8,0.5062876005268576,1.5627385207584925,398,42,64
LMT,Industrial Goods,BiGRU,multiclass,10,5,9,0.4608220326241536,1.4768408763976324,398,42,64
LMT,Industrial Goods,BiGRU,multiclass,10,5,10,0.39116058397532705,1.6180230662936257,398,42,64
LMT,Industrial Goods,BiGRU,multiclass,10,5,11,0.38036091273753486,1.543904809724717,398,42,64
LMT,Industrial Goods,BiGRU,multiclass,10,5,12,0.38593137294203794,1.5405545632044475,398,42,64
LMT,Industrial Goods,BiGRU,multiclass,10,5,13,0.35527255367394067,1.7734430858067103,398,42,64
MA,Financial,BiGRU,multiclass,10,5,1,1.2719430953413997,1.0703882660184587,398,42,64
MA,Financial,BiGRU,multiclass,10,5,2,0.8568054626335451,1.0441983257021223,398,42,64
MA,Financial,BiGRU,multiclass,10,5,3,0.73958308253456,1.3244607221512568,398,42,64
MA,Financial,BiGRU,multiclass,10,5,4,0.6936534879794672,1.3771340109053112,398,42,64
MA,Financial,BiGRU,multiclass,10,5,5,0.6015451679277659,1.3557455085572743,398,42,64
MA,Financial,BiGRU,multiclass,10,5,6,0.5709929145760273,1.324231505393982,398,42,64
MA,Financial,BiGRU,multiclass,10,5,7,0.5236911691313413,1.276051294235956,398,42,64
MA,Financial,BiGRU,multiclass,10,5,8,0.528724355613766,1.661488135655721,398,42,64
MA,Financial,BiGRU,multiclass,10,5,9,0.5940136325419249,1.2457269770758492,398,42,64
MA,Financial,BiGRU,multiclass,10,5,10,0.47002251378854915,1.1813398202260335,398,42,64
MA,Financial,BiGRU,multiclass,10,5,11,0.42077049463238547,1.3524778002784366,398,42,64
MA,Financial,BiGRU,multiclass,10,5,12,0.3967825069499375,1.1783919277645292,398,42,64
MCD,Services,BiGRU,multiclass,10,5,1,1.5721281012098993,2.888791561126709,398,42,64
MCD,Services,BiGRU,multiclass,10,5,2,1.0350879185163795,2.3108768236069452,398,42,64
MCD,Services,BiGRU,multiclass,10,5,3,0.82577526764055,2.0275029795510426,398,42,64
MCD,Services,BiGRU,multiclass,10,5,4,0.7105388121688785,1.7701490379515148,398,42,64
MCD,Services,BiGRU,multiclass,10,5,5,0.6863447078807869,1.8030672527494884,398,42,64
MCD,Services,BiGRU,multiclass,10,5,6,0.6143856136942628,2.1029070899600075,398,42,64
MCD,Services,BiGRU,multiclass,10,5,7,0.5646794977499612,2.092599323817662,398,42,64
MCD,Services,BiGRU,multiclass,10,5,8,0.5205563499999406,2.1305436406816756,398,42,64
MCD,Services,BiGRU,multiclass,10,5,9,0.5024745852204423,2.181944937933059,398,42,64
MCD,Services,BiGRU,multiclass,10,5,10,0.4747117500209329,2.3836851119995117,398,42,64
MCD,Services,BiGRU,multiclass,10,5,11,0.4460506102248053,2.1993240174793063,398,42,64
MCD,Services,BiGRU,multiclass,10,5,12,0.43762537342819136,2.420972710564023,398,42,64
MCD,Services,BiGRU,multiclass,10,5,13,0.383022199324028,2.250842117127918,398,42,64
MCD,Services,BiGRU,multiclass,10,5,14,0.39158909689241916,2.4123309680393765,398,42,64
MDT,Healthcare,BiGRU,multiclass,10,5,1,1.444107122756728,0.6756501481646583,398,42,64
MDT,Healthcare,BiGRU,multiclass,10,5,2,0.9467050094700339,1.308622541881743,398,42,64
MDT,Healthcare,BiGRU,multiclass,10,5,3,0.7854585234244266,1.8343564896356492,398,42,64
MDT,Healthcare,BiGRU,multiclass,10,5,4,0.6478160293258015,2.439766293480283,398,42,64
MDT,Healthcare,BiGRU,multiclass,10,5,5,0.6080400614283192,2.767023131960914,398,42,64
MDT,Healthcare,BiGRU,multiclass,10,5,6,0.5845331714380926,3.105968815939767,398,42,64
MDT,Healthcare,BiGRU,multiclass,10,5,7,0.5436268107375907,3.131708553859166,398,42,64
MDT,Healthcare,BiGRU,multiclass,10,5,8,0.4974157980938054,3.108909765879313,398,42,64
MDT,Healthcare,BiGRU,multiclass,10,5,9,0.4622885810969463,2.9948428017752513,398,42,64
MDT,Healthcare,BiGRU,multiclass,10,5,10,0.4567315885469542,3.088772319612049,398,42,64
MDT,Healthcare,BiGRU,multiclass,10,5,11,0.4414599900269628,2.8985726946876165,398,42,64
MMM,Industrial Goods,BiGRU,multiclass,10,5,1,1.6022746104690897,1.5775646028064547,398,42,64
MMM,Industrial Goods,BiGRU,multiclass,10,5,2,1.0225175717967239,1.1003035647528512,398,42,64
MMM,Industrial Goods,BiGRU,multiclass,10,5,3,0.8662621762285281,1.9757836489450364,398,42,64
MMM,Industrial Goods,BiGRU,multiclass,10,5,4,0.7604959529248914,2.2713002931504023,398,42,64
MMM,Industrial Goods,BiGRU,multiclass,10,5,5,0.6554579264554546,2.37078895455315,398,42,64
MMM,Industrial Goods,BiGRU,multiclass,10,5,6,0.6049494541170609,2.371059707232884,398,42,64
MMM,Industrial Goods,BiGRU,multiclass,10,5,7,0.5806692324990603,3.2092692170824324,398,42,64
MMM,Industrial Goods,BiGRU,multiclass,10,5,8,0.5166612805134088,1.7487512259256273,398,42,64
MMM,Industrial Goods,BiGRU,multiclass,10,5,9,0.4724509021145615,2.4673190343947637,398,42,64
MMM,Industrial Goods,BiGRU,multiclass,10,5,10,0.44192280841233145,2.6012126547949657,398,42,64
MMM,Industrial Goods,BiGRU,multiclass,10,5,11,0.4340127589714587,2.4342089607602073,398,42,64
MMM,Industrial Goods,BiGRU,multiclass,10,5,12,0.40947474951121077,2.621541131110418,398,42,64
MO,Consumer Goods,BiGRU,multiclass,10,5,1,1.2267165603350156,1.0461748157228743,398,42,64
MO,Consumer Goods,BiGRU,multiclass,10,5,2,0.7764456493770657,0.9874511503037953,398,42,64
MO,Consumer Goods,BiGRU,multiclass,10,5,3,0.634618773831794,0.8648814303534371,398,42,64
MO,Consumer Goods,BiGRU,multiclass,10,5,4,0.5482960034854448,0.9082472381137666,398,42,64
MO,Consumer Goods,BiGRU,multiclass,10,5,5,0.49963202967715625,0.9380530516306559,398,42,64
MO,Consumer Goods,BiGRU,multiclass,10,5,6,0.4766136869114248,0.8722684979438782,398,42,64
MO,Consumer Goods,BiGRU,multiclass,10,5,7,0.44384632997177353,0.8100111654826573,398,42,64
MO,Consumer Goods,BiGRU,multiclass,10,5,8,0.4168243218007399,1.1182598556791032,398,42,64
MO,Consumer Goods,BiGRU,multiclass,10,5,9,0.4085405404543757,1.2173322893324352,398,42,64
MO,Consumer Goods,BiGRU,multiclass,10,5,10,0.3801492813544058,0.8153957611038571,398,42,64
MO,Consumer Goods,BiGRU,multiclass,10,5,11,0.3916384754468448,0.8532301528113229,398,42,64
MO,Consumer Goods,BiGRU,multiclass,10,5,12,0.3900180008243676,1.031381714911688,398,42,64
MO,Consumer Goods,BiGRU,multiclass,10,5,13,0.39326496354898616,1.0862165575935727,398,42,64
MO,Consumer Goods,BiGRU,multiclass,10,5,14,0.3325707542536846,0.9926484142030988,398,42,64
MO,Consumer Goods,BiGRU,multiclass,10,5,15,0.3042465018567128,1.0446285520281111,398,42,64
MO,Consumer Goods,BiGRU,multiclass,10,5,16,0.28887372804646516,1.114870343889509,398,42,64
MO,Consumer Goods,BiGRU,multiclass,10,5,17,0.27563621800149507,1.1720037119729179,398,42,64
MRK,Healthcare,BiGRU,multiclass,10,5,1,1.4034405814942403,1.4202649877184914,398,42,64
MRK,Healthcare,BiGRU,multiclass,10,5,2,0.8802111388450891,2.8079607373192195,398,42,64
MRK,Healthcare,BiGRU,multiclass,10,5,3,0.7264732430927717,4.602001349131267,398,42,64
MRK,Healthcare,BiGRU,multiclass,10,5,4,0.6191542648789871,4.84384822845459,398,42,64
MRK,Healthcare,BiGRU,multiclass,10,5,5,0.6024969859638406,5.210824376060849,398,42,64
MRK,Healthcare,BiGRU,multiclass,10,5,6,0.5898829157927528,3.87215028490339,398,42,64
MRK,Healthcare,BiGRU,multiclass,10,5,7,0.5645864048794885,4.451597690582275,398,42,64
MRK,Healthcare,BiGRU,multiclass,10,5,8,0.48327803476971,4.539808432261149,398,42,64
MRK,Healthcare,BiGRU,multiclass,10,5,9,0.47919298596118565,4.826549030485607,398,42,64
MRK,Healthcare,BiGRU,multiclass,10,5,10,0.4386046242773832,4.701982838766916,398,42,64
MRK,Healthcare,BiGRU,multiclass,10,5,11,0.42480417397154036,4.536062944503057,398,42,64
MSFT,Technology,BiGRU,multiclass,10,5,1,1.377482080579403,1.2646697702861966,398,42,64
MSFT,Technology,BiGRU,multiclass,10,5,2,0.8466493035081643,0.9292387933958144,398,42,64
MSFT,Technology,BiGRU,multiclass,10,5,3,0.6812071890088182,1.0057350482259477,398,42,64
MSFT,Technology,BiGRU,multiclass,10,5,4,0.5828537273047557,0.9630840534255618,398,42,64
MSFT,Technology,BiGRU,multiclass,10,5,5,0.565481745867274,0.9750394026438395,398,42,64
MSFT,Technology,BiGRU,multiclass,10,5,6,0.5011466928762407,0.9565040781384423,398,42,64
MSFT,Technology,BiGRU,multiclass,10,5,7,0.46193697389645794,0.9802043835322062,398,42,64
MSFT,Technology,BiGRU,multiclass,10,5,8,0.4446906743936203,1.1774772916521346,398,42,64
MSFT,Technology,BiGRU,multiclass,10,5,9,0.3881342722542921,1.2329798255647932,398,42,64
MSFT,Technology,BiGRU,multiclass,10,5,10,0.3694240867193021,0.9221912650834947,398,42,64
MSFT,Technology,BiGRU,multiclass,10,5,11,0.3546505458091372,1.121470766408103,398,42,64
MSFT,Technology,BiGRU,multiclass,10,5,12,0.35177328134301916,1.0579766829808552,398,42,64
MSFT,Technology,BiGRU,multiclass,10,5,13,0.3193578565839547,1.1442796417645045,398,42,64
MSFT,Technology,BiGRU,multiclass,10,5,14,0.31443187834030417,1.0779748615764437,398,42,64
MSFT,Technology,BiGRU,multiclass,10,5,15,0.3321398905473738,1.1365725199381511,398,42,64
MSFT,Technology,BiGRU,multiclass,10,5,16,0.32414097282754717,0.9541123055276417,398,42,64
MSFT,Technology,BiGRU,multiclass,10,5,17,0.28730465434304436,1.0397563236100333,398,42,64
MSFT,Technology,BiGRU,multiclass,10,5,18,0.2893086963113229,1.0499810235840934,398,42,64
MSFT,Technology,BiGRU,multiclass,10,5,19,0.279722275895689,0.982157670316242,398,42,64
MSFT,Technology,BiGRU,multiclass,10,5,20,0.27862064480482035,0.978406119914282,398,42,64
NEE,Utilities,BiGRU,multiclass,10,5,1,1.396063480544929,1.284356611115592,398,42,64
NEE,Utilities,BiGRU,multiclass,10,5,2,0.9399907786642486,0.9452629798934573,398,42,64
NEE,Utilities,BiGRU,multiclass,10,5,3,0.8023554269392886,1.0173381623767672,398,42,64
NEE,Utilities,BiGRU,multiclass,10,5,4,0.6960145786179969,1.0842696314766294,398,42,64
NEE,Utilities,BiGRU,multiclass,10,5,5,0.6388699954478585,1.2220956427710397,398,42,64
NEE,Utilities,BiGRU,multiclass,10,5,6,0.6297400408054716,1.287494841076079,398,42,64
NEE,Utilities,BiGRU,multiclass,10,5,7,0.5741458710414081,1.0240404038202195,398,42,64
NEE,Utilities,BiGRU,multiclass,10,5,8,0.5459255373957169,1.2843398991085233,398,42,64
NEE,Utilities,BiGRU,multiclass,10,5,9,0.5360213329444579,1.0636274757839383,398,42,64
NEE,Utilities,BiGRU,multiclass,10,5,10,0.4643573825383306,1.0066581481979007,398,42,64
NEE,Utilities,BiGRU,multiclass,10,5,11,0.44470435246151296,1.1630849951789493,398,42,64
NEE,Utilities,BiGRU,multiclass,10,5,12,0.4434068653751258,1.1394568908782232,398,42,64
NGG,Utilities,BiGRU,multiclass,10,5,1,1.2922785677502502,2.4215810866582963,398,42,64
NGG,Utilities,BiGRU,multiclass,10,5,2,0.9279581727694027,1.8038303852081299,398,42,64
NGG,Utilities,BiGRU,multiclass,10,5,3,0.8217971699321689,1.3193476994832356,398,42,64
NGG,Utilities,BiGRU,multiclass,10,5,4,0.7349628812104614,1.3035817884263539,398,42,64
NGG,Utilities,BiGRU,multiclass,10,5,5,0.6679041385650635,1.2562145335333688,398,42,64
NGG,Utilities,BiGRU,multiclass,10,5,6,0.6774883339153462,1.4243453854606265,398,42,64
NGG,Utilities,BiGRU,multiclass,10,5,7,0.5859810375987585,1.3234333310808455,398,42,64
NGG,Utilities,BiGRU,multiclass,10,5,8,0.5353441939282058,1.4934693347840082,398,42,64
NGG,Utilities,BiGRU,multiclass,10,5,9,0.495294806196462,1.4277374148368835,398,42,64
NGG,Utilities,BiGRU,multiclass,10,5,10,0.4684900876565195,1.5908425194876534,398,42,64
NGG,Utilities,BiGRU,multiclass,10,5,11,0.5460329736447215,1.5232474633625575,398,42,64
NGG,Utilities,BiGRU,multiclass,10,5,12,0.4684648839522846,1.2898960879870824,398,42,64
NGG,Utilities,BiGRU,multiclass,10,5,13,0.41247461129672564,1.1644895275433857,398,42,64
NGG,Utilities,BiGRU,multiclass,10,5,14,0.3708467891617636,1.227521775733857,398,42,64
NGG,Utilities,BiGRU,multiclass,10,5,15,0.3544170598887918,1.3565775752067566,398,42,64
NGG,Utilities,BiGRU,multiclass,10,5,16,0.3536771384615395,1.2603945136070251,398,42,64
NGG,Utilities,BiGRU,multiclass,10,5,17,0.34624658442621853,1.3426879105113803,398,42,64
NGG,Utilities,BiGRU,multiclass,10,5,18,0.34206583429521054,1.355643045334589,398,42,64
NGG,Utilities,BiGRU,multiclass,10,5,19,0.33942940044942216,1.2967975054468428,398,42,64
NGG,Utilities,BiGRU,multiclass,10,5,20,0.3175640949352303,1.3560132327533903,398,42,64
NGG,Utilities,BiGRU,multiclass,10,5,21,0.311751852158326,1.3521158950669425,398,42,64
NGG,Utilities,BiGRU,multiclass,10,5,22,0.29908290767489965,1.329486949103219,398,42,64
NGG,Utilities,BiGRU,multiclass,10,5,23,0.2968274948734734,1.3516932896205358,398,42,64
NVS,Healthcare,BiGRU,multiclass,10,5,1,1.2280014387926264,0.7436168988545736,398,42,64
NVS,Healthcare,BiGRU,multiclass,10,5,2,0.6857389280544454,1.4845320724305653,398,42,64
NVS,Healthcare,BiGRU,multiclass,10,5,3,0.564013719259195,2.929191748301188,398,42,64
NVS,Healthcare,BiGRU,multiclass,10,5,4,0.5021928893261819,3.3468236242021834,398,42,64
NVS,Healthcare,BiGRU,multiclass,10,5,5,0.4835261260744315,3.2427664484296526,398,42,64
NVS,Healthcare,BiGRU,multiclass,10,5,6,0.4436934558141172,4.084049474625361,398,42,64
NVS,Healthcare,BiGRU,multiclass,10,5,7,0.4609287623784051,2.3848020349230086,398,42,64
NVS,Healthcare,BiGRU,multiclass,10,5,8,0.4078015163915241,3.432456447964623,398,42,64
NVS,Healthcare,BiGRU,multiclass,10,5,9,0.37430992864783685,3.473180680047898,398,42,64
NVS,Healthcare,BiGRU,multiclass,10,5,10,0.3425738389168552,3.2743383589245023,398,42,64
NVS,Healthcare,BiGRU,multiclass,10,5,11,0.33906081214023,3.5219382558550154,398,42,64
ORCL,Technology,BiGRU,multiclass,10,5,1,1.4303895067329981,0.8827176491419474,398,42,64
ORCL,Technology,BiGRU,multiclass,10,5,2,0.8818502045756009,1.1604918298267184,398,42,64
ORCL,Technology,BiGRU,multiclass,10,5,3,0.7861418917250993,2.217914240700858,398,42,64
ORCL,Technology,BiGRU,multiclass,10,5,4,0.679657431703117,2.8197453703199113,398,42,64
ORCL,Technology,BiGRU,multiclass,10,5,5,0.5743621151950491,4.361282757350376,398,42,64
ORCL,Technology,BiGRU,multiclass,10,5,6,0.5824911650551025,1.9640394846598308,398,42,64
ORCL,Technology,BiGRU,multiclass,10,5,7,0.5357476998513667,4.785431566692534,398,42,64
ORCL,Technology,BiGRU,multiclass,10,5,8,0.4918044381704762,3.352391924176897,398,42,64
ORCL,Technology,BiGRU,multiclass,10,5,9,0.4445035482321552,3.1081018220810663,398,42,64
ORCL,Technology,BiGRU,multiclass,10,5,10,0.41852123353948545,3.2195008368719193,398,42,64
ORCL,Technology,BiGRU,multiclass,10,5,11,0.40939706691245936,3.139782360621861,398,42,64
PCG,Utilities,BiGRU,multiclass,10,5,1,1.416470469541885,1.6467852024804979,398,42,64
PCG,Utilities,BiGRU,multiclass,10,5,2,1.0153053705416732,1.0390698398862566,398,42,64
PCG,Utilities,BiGRU,multiclass,10,5,3,0.8147284044093223,0.9037379551501501,398,42,64
PCG,Utilities,BiGRU,multiclass,10,5,4,0.7284114613904425,1.1658666048731123,398,42,64
PCG,Utilities,BiGRU,multiclass,10,5,5,0.704697711383877,1.1173526985304696,398,42,64
PCG,Utilities,BiGRU,multiclass,10,5,6,0.6497529932302446,1.138602390175774,398,42,64
PCG,Utilities,BiGRU,multiclass,10,5,7,0.5741055176485723,1.2427999150185358,398,42,64
PCG,Utilities,BiGRU,multiclass,10,5,8,0.5822769249204415,1.465687680812109,398,42,64
PCG,Utilities,BiGRU,multiclass,10,5,9,0.5455193923945403,1.3007426801181974,398,42,64
PCG,Utilities,BiGRU,multiclass,10,5,10,0.4798533533086729,1.176429612295968,398,42,64
PCG,Utilities,BiGRU,multiclass,10,5,11,0.4301560029911636,1.2105222032183693,398,42,64
PCG,Utilities,BiGRU,multiclass,10,5,12,0.4152665427282228,1.2356660280908858,398,42,64
PCG,Utilities,BiGRU,multiclass,10,5,13,0.39918207118858645,1.2344619972365243,398,42,64
PCLN,Services,BiGRU,multiclass,10,5,1,1.4563975274263314,2.0261152415048507,398,42,64
PCLN,Services,BiGRU,multiclass,10,5,2,0.9817840154446549,1.643147207441784,398,42,64
PCLN,Services,BiGRU,multiclass,10,5,3,0.7976979202960603,1.093907648608798,398,42,64
PCLN,Services,BiGRU,multiclass,10,5,4,0.734071870545047,1.4070428893679665,398,42,64
PCLN,Services,BiGRU,multiclass,10,5,5,0.6769361552880637,1.299463226681664,398,42,64
PCLN,Services,BiGRU,multiclass,10,5,6,0.5921243270437921,1.8886497191020422,398,42,64
PCLN,Services,BiGRU,multiclass,10,5,7,0.5361714872283552,1.693640186673119,398,42,64
PCLN,Services,BiGRU,multiclass,10,5,8,0.47075505142834917,1.993775833220709,398,42,64
PCLN,Services,BiGRU,multiclass,10,5,9,0.4364920829109211,2.5467422916775657,398,42,64
PCLN,Services,BiGRU,multiclass,10,5,10,0.42228196216887565,2.067069661049616,398,42,64
PCLN,Services,BiGRU,multiclass,10,5,11,0.349384325907458,2.332874025617327,398,42,64
PCLN,Services,BiGRU,multiclass,10,5,12,0.32826755618929265,2.3074498857770647,398,42,64
PCLN,Services,BiGRU,multiclass,10,5,13,0.30220073094619576,2.752956163315546,398,42,64
PEP,Consumer Goods,BiGRU,multiclass,10,5,1,1.1877460207172374,1.178171782266526,398,42,64
PEP,Consumer Goods,BiGRU,multiclass,10,5,2,0.7696087468209578,1.3642842088426863,398,42,64
PEP,Consumer Goods,BiGRU,multiclass,10,5,3,0.6011675316185209,1.8352151598249162,398,42,64
PEP,Consumer Goods,BiGRU,multiclass,10,5,4,0.5756808059598932,1.7168951602209181,398,42,64
PEP,Consumer Goods,BiGRU,multiclass,10,5,5,0.5682914261542373,2.138500911848886,398,42,64
PEP,Consumer Goods,BiGRU,multiclass,10,5,6,0.4980040039848443,1.8641849415642875,398,42,64
PEP,Consumer Goods,BiGRU,multiclass,10,5,7,0.49278371373013635,2.041103408450172,398,42,64
PEP,Consumer Goods,BiGRU,multiclass,10,5,8,0.46215466488545864,2.162124650818961,398,42,64
PEP,Consumer Goods,BiGRU,multiclass,10,5,9,0.45308412484188176,2.2478091035570418,398,42,64
PEP,Consumer Goods,BiGRU,multiclass,10,5,10,0.43122814528307124,2.126585069156828,398,42,64
PEP,Consumer Goods,BiGRU,multiclass,10,5,11,0.4092428402685041,2.2999759798958186,398,42,64
PFE,Healthcare,BiGRU,multiclass,10,5,1,1.3742520006457766,0.9821113972436815,398,42,64
PFE,Healthcare,BiGRU,multiclass,10,5,2,0.9813026093957412,0.7440311539740789,398,42,64
PFE,Healthcare,BiGRU,multiclass,10,5,3,0.7666355452345843,1.338104316166469,398,42,64
PFE,Healthcare,BiGRU,multiclass,10,5,4,0.6791366287811318,2.512734049842471,398,42,64
PFE,Healthcare,BiGRU,multiclass,10,5,5,0.5608720077042604,2.900426433199928,398,42,64
PFE,Healthcare,BiGRU,multiclass,10,5,6,0.5323669029839674,4.136426880246117,398,42,64
PFE,Healthcare,BiGRU,multiclass,10,5,7,0.5612569361475844,3.1487634295508977,398,42,64
PFE,Healthcare,BiGRU,multiclass,10,5,8,0.5084885144653033,3.8375010263352167,398,42,64
PFE,Healthcare,BiGRU,multiclass,10,5,9,0.42431186641280977,3.5814338411603654,398,42,64
PFE,Healthcare,BiGRU,multiclass,10,5,10,0.4231514506154324,3.6988268125624884,398,42,64
PFE,Healthcare,BiGRU,multiclass,10,5,11,0.4057327200419939,3.4966754686264765,398,42,64
PFE,Healthcare,BiGRU,multiclass,10,5,12,0.39873029022061046,3.4502838452657065,398,42,64
PG,Consumer Goods,BiGRU,multiclass,10,5,1,1.7301217179801596,1.6631138097672236,398,42,64
PG,Consumer Goods,BiGRU,multiclass,10,5,2,1.0931323748737125,1.7847365964026678,398,42,64
PG,Consumer Goods,BiGRU,multiclass,10,5,3,0.8460106061930632,3.786590723764329,398,42,64
PG,Consumer Goods,BiGRU,multiclass,10,5,4,0.7075346660374398,5.300828456878662,398,42,64
PG,Consumer Goods,BiGRU,multiclass,10,5,5,0.6493837000736639,5.645150059745426,398,42,64
PG,Consumer Goods,BiGRU,multiclass,10,5,6,0.6276310011370099,5.961240461894444,398,42,64
PG,Consumer Goods,BiGRU,multiclass,10,5,7,0.5789004866801315,4.682310206549508,398,42,64
PG,Consumer Goods,BiGRU,multiclass,10,5,8,0.5316943460373423,5.220765613374256,398,42,64
PG,Consumer Goods,BiGRU,multiclass,10,5,9,0.4825433064345738,5.120614068848746,398,42,64
PG,Consumer Goods,BiGRU,multiclass,10,5,10,0.5054748229045963,5.258194191115243,398,42,64
PG,Consumer Goods,BiGRU,multiclass,10,5,11,0.4658250802725404,5.682811464582171,398,42,64
PICO,Conglomerates,BiGRU,multiclass,10,5,1,1.6879261519441653,1.0264903817858015,398,42,64
PICO,Conglomerates,BiGRU,multiclass,10,5,2,1.1793027675930579,2.105400460106986,398,42,64
PICO,Conglomerates,BiGRU,multiclass,10,5,3,0.9811000731123153,3.236396517072405,398,42,64
PICO,Conglomerates,BiGRU,multiclass,10,5,4,0.9413300616357794,3.8751206398010254,398,42,64
PICO,Conglomerates,BiGRU,multiclass,10,5,5,0.8745828103180506,4.273528939201718,398,42,64
PICO,Conglomerates,BiGRU,multiclass,10,5,6,0.7855892732514808,2.9826865763891313,398,42,64
PICO,Conglomerates,BiGRU,multiclass,10,5,7,0.7073948121250574,4.688516957419259,398,42,64
PICO,Conglomerates,BiGRU,multiclass,10,5,8,0.6796350506082851,3.9874020303998674,398,42,64
PICO,Conglomerates,BiGRU,multiclass,10,5,9,0.5878866085754567,3.0554352828434537,398,42,64
PICO,Conglomerates,BiGRU,multiclass,10,5,10,0.5985094792579286,3.45706193787711,398,42,64
PICO,Conglomerates,BiGRU,multiclass,10,5,11,0.56482935595752,3.081099022002447,398,42,64
PM,Consumer Goods,BiGRU,multiclass,10,5,1,1.3161278298152752,0.8021246478671119,398,42,64
PM,Consumer Goods,BiGRU,multiclass,10,5,2,0.8015911808265513,0.8764973084131876,398,42,64
PM,Consumer Goods,BiGRU,multiclass,10,5,3,0.6977286830020311,1.1855699788956415,398,42,64
PM,Consumer Goods,BiGRU,multiclass,10,5,4,0.6552647063181029,1.3929683140345983,398,42,64
PM,Consumer Goods,BiGRU,multiclass,10,5,5,0.5980594454698227,1.5467413720630465,398,42,64
PM,Consumer Goods,BiGRU,multiclass,10,5,6,0.5769409074555689,1.5617390019553048,398,42,64
PM,Consumer Goods,BiGRU,multiclass,10,5,7,0.4974198561517437,1.4005022389548165,398,42,64
PM,Consumer Goods,BiGRU,multiclass,10,5,8,0.4848498847316857,1.2932138329460507,398,42,64
PM,Consumer Goods,BiGRU,multiclass,10,5,9,0.4616933345195636,1.1654467015039354,398,42,64
PM,Consumer Goods,BiGRU,multiclass,10,5,10,0.42984763716333474,1.1489910057612829,398,42,64
PM,Consumer Goods,BiGRU,multiclass,10,5,11,0.41649167232177964,1.161809762318929,398,42,64
PPL,Utilities,BiGRU,multiclass,10,5,1,1.3096289499920217,2.4322670300801597,398,42,64
PPL,Utilities,BiGRU,multiclass,10,5,2,0.8533023455035147,1.5665049779982794,398,42,64
PPL,Utilities,BiGRU,multiclass,10,5,3,0.7402912974357605,1.1572684049606323,398,42,64
PPL,Utilities,BiGRU,multiclass,10,5,4,0.6003506105748853,1.2466213816688174,398,42,64
PPL,Utilities,BiGRU,multiclass,10,5,5,0.5813486105832623,0.9840561492102486,398,42,64
PPL,Utilities,BiGRU,multiclass,10,5,6,0.5769905284721049,1.1243677082515897,398,42,64
PPL,Utilities,BiGRU,multiclass,10,5,7,0.5462967364033263,0.8588602031980243,398,42,64
PPL,Utilities,BiGRU,multiclass,10,5,8,0.49113185576458074,0.8871250777017503,398,42,64
PPL,Utilities,BiGRU,multiclass,10,5,9,0.497534866608567,0.6321947461082822,398,42,64
PPL,Utilities,BiGRU,multiclass,10,5,10,0.47669619501535615,1.305587961560204,398,42,64
PPL,Utilities,BiGRU,multiclass,10,5,11,0.43412836307856306,0.856223253976731,398,42,64
PPL,Utilities,BiGRU,multiclass,10,5,12,0.4178524132649503,0.8453899111066546,398,42,64
PPL,Utilities,BiGRU,multiclass,10,5,13,0.3938476160243528,0.695338697660537,398,42,64
PPL,Utilities,BiGRU,multiclass,10,5,14,0.37874023638778,0.8537179969605946,398,42,64
PPL,Utilities,BiGRU,multiclass,10,5,15,0.3715458163364449,1.3361976260230655,398,42,64
PPL,Utilities,BiGRU,multiclass,10,5,16,0.3580579815348189,0.8633103768030802,398,42,64
PPL,Utilities,BiGRU,multiclass,10,5,17,0.3296924879652771,0.8420678604216802,398,42,64
PPL,Utilities,BiGRU,multiclass,10,5,18,0.3014352700518603,0.867947708992731,398,42,64
PPL,Utilities,BiGRU,multiclass,10,5,19,0.3100327013725012,0.7690986111050561,398,42,64
PTR,Basic Matierials,BiGRU,multiclass,10,5,1,1.504288570365714,0.8326907668794904,398,42,64
PTR,Basic Matierials,BiGRU,multiclass,10,5,2,1.06259188011064,2.9002856413523355,398,42,64
PTR,Basic Matierials,BiGRU,multiclass,10,5,3,0.8632064707315148,5.686675276075091,398,42,64
PTR,Basic Matierials,BiGRU,multiclass,10,5,4,0.7819184442261355,7.131019978296189,398,42,64
PTR,Basic Matierials,BiGRU,multiclass,10,5,5,0.7455597259291452,7.655973956698463,398,42,64
PTR,Basic Matierials,BiGRU,multiclass,10,5,6,0.6760966198228712,7.8072897139049715,398,42,64
PTR,Basic Matierials,BiGRU,multiclass,10,5,7,0.6136881771998189,6.420785336267381,398,42,64
PTR,Basic Matierials,BiGRU,multiclass,10,5,8,0.6018910135456066,7.2381907644725985,398,42,64
PTR,Basic Matierials,BiGRU,multiclass,10,5,9,0.5236156741578375,7.0150997298104425,398,42,64
PTR,Basic Matierials,BiGRU,multiclass,10,5,10,0.491280112733793,6.8100114322844005,398,42,64
PTR,Basic Matierials,BiGRU,multiclass,10,5,11,0.48319652976103167,7.978456360953195,398,42,64
RDS-B,Basic Matierials,BiGRU,multiclass,10,5,1,1.8062207567032857,1.583133618036906,398,42,64
RDS-B,Basic Matierials,BiGRU,multiclass,10,5,2,1.2160272520391187,1.2910538117090862,398,42,64
RDS-B,Basic Matierials,BiGRU,multiclass,10,5,3,0.9664563641476271,1.4402848084767659,398,42,64
RDS-B,Basic Matierials,BiGRU,multiclass,10,5,4,0.8727251081610444,1.8012511616661435,398,42,64
RDS-B,Basic Matierials,BiGRU,multiclass,10,5,5,0.8217654614592317,1.9679309300013952,398,42,64
RDS-B,Basic Matierials,BiGRU,multiclass,10,5,6,0.7728224103175216,2.0136847779864357,398,42,64
RDS-B,Basic Matierials,BiGRU,multiclass,10,5,7,0.7116387462496159,1.8179179032643635,398,42,64
RDS-B,Basic Matierials,BiGRU,multiclass,10,5,8,0.7001203085908938,1.4448225384666806,398,42,64
RDS-B,Basic Matierials,BiGRU,multiclass,10,5,9,0.7332383334337167,1.7192648535683042,398,42,64
RDS-B,Basic Matierials,BiGRU,multiclass,10,5,10,0.6331687114346567,1.7797479799815588,398,42,64
RDS-B,Basic Matierials,BiGRU,multiclass,10,5,11,0.5986635422886316,1.835828423500061,398,42,64
RDS-B,Basic Matierials,BiGRU,multiclass,10,5,12,0.5953162270574713,2.1041241543633595,398,42,64
REX,Conglomerates,BiGRU,multiclass,10,5,1,1.3687281276113423,0.9803700276783535,398,42,64
REX,Conglomerates,BiGRU,multiclass,10,5,2,1.017032934193635,1.5633221126738048,398,42,64
REX,Conglomerates,BiGRU,multiclass,10,5,3,0.8447668645250138,2.633692968459356,398,42,64
REX,Conglomerates,BiGRU,multiclass,10,5,4,0.7497163732447217,3.446146987733387,398,42,64
REX,Conglomerates,BiGRU,multiclass,10,5,5,0.6694848474545695,3.960392883845738,398,42,64
REX,Conglomerates,BiGRU,multiclass,10,5,6,0.642739369491836,4.17152384349278,398,42,64
REX,Conglomerates,BiGRU,multiclass,10,5,7,0.5901286910526716,3.8647089231581915,398,42,64
REX,Conglomerates,BiGRU,multiclass,10,5,8,0.5914386489133739,3.7951838175455728,398,42,64
REX,Conglomerates,BiGRU,multiclass,10,5,9,0.5508517587005194,4.006281852722168,398,42,64
REX,Conglomerates,BiGRU,multiclass,10,5,10,0.5070028446577303,3.902316161564418,398,42,64
REX,Conglomerates,BiGRU,multiclass,10,5,11,0.5408228857433377,3.977087679363432,398,42,64
SLB,Basic Matierials,BiGRU,multiclass,10,5,1,1.7078257820115017,1.2900485197703044,398,42,64
SLB,Basic Matierials,BiGRU,multiclass,10,5,2,1.1954739408277386,1.0929387013117473,398,42,64
SLB,Basic Matierials,BiGRU,multiclass,10,5,3,0.9939754069150992,1.85552293913705,398,42,64
SLB,Basic Matierials,BiGRU,multiclass,10,5,4,0.8748510563792895,2.516885757446289,398,42,64
SLB,Basic Matierials,BiGRU,multiclass,10,5,5,0.7587122255234263,2.356809547969273,398,42,64
SLB,Basic Matierials,BiGRU,multiclass,10,5,6,0.7145520312402716,2.3464101269131614,398,42,64
SLB,Basic Matierials,BiGRU,multiclass,10,5,7,0.6118251997322294,1.8121467658451624,398,42,64
SLB,Basic Matierials,BiGRU,multiclass,10,5,8,0.6218170737800885,1.7664758704957508,398,42,64
SLB,Basic Matierials,BiGRU,multiclass,10,5,9,0.5235765612305109,2.2599443026951382,398,42,64
SLB,Basic Matierials,BiGRU,multiclass,10,5,10,0.4966407117232605,2.22706557455517,398,42,64
SLB,Basic Matierials,BiGRU,multiclass,10,5,11,0.4207515969647834,2.1718199253082275,398,42,64
SLB,Basic Matierials,BiGRU,multiclass,10,5,12,0.40747906904124737,1.901680344627017,398,42,64
SNP,Basic Matierials,BiGRU,multiclass,10,5,1,1.4651180173284444,0.9323428188051496,398,42,64
SNP,Basic Matierials,BiGRU,multiclass,10,5,2,1.0441130010326902,2.67248036747887,398,42,64
SNP,Basic Matierials,BiGRU,multiclass,10,5,3,0.8446287288138615,4.877038910275414,398,42,64
SNP,Basic Matierials,BiGRU,multiclass,10,5,4,0.7709122869237583,5.278892857687814,398,42,64
SNP,Basic Matierials,BiGRU,multiclass,10,5,5,0.7169188240065647,5.486772151220412,398,42,64
SNP,Basic Matierials,BiGRU,multiclass,10,5,6,0.6614692750288613,4.553256420862107,398,42,64
SNP,Basic Matierials,BiGRU,multiclass,10,5,7,0.6205023446274762,5.621869246164958,398,42,64
SNP,Basic Matierials,BiGRU,multiclass,10,5,8,0.6034280996226785,5.113137177058628,398,42,64
SNP,Basic Matierials,BiGRU,multiclass,10,5,9,0.5677210634677254,4.830196403321766,398,42,64
SNP,Basic Matierials,BiGRU,multiclass,10,5,10,0.543598687229444,4.639966147286551,398,42,64
SNP,Basic Matierials,BiGRU,multiclass,10,5,11,0.4992428526806472,4.932555947984968,398,42,64
SNY,Healthcare,BiGRU,multiclass,10,5,1,1.4980761309963975,0.9764405176753089,398,42,64
SNY,Healthcare,BiGRU,multiclass,10,5,2,1.001834781625163,0.848366379737854,398,42,64
SNY,Healthcare,BiGRU,multiclass,10,5,3,0.8387534765142891,1.2765955811455136,398,42,64
SNY,Healthcare,BiGRU,multiclass,10,5,4,0.7304661022358804,1.67471820967538,398,42,64
SNY,Healthcare,BiGRU,multiclass,10,5,5,0.6576152009580603,1.825909285318284,398,42,64
SNY,Healthcare,BiGRU,multiclass,10,5,6,0.5781704286235062,1.7097309543972923,398,42,64
SNY,Healthcare,BiGRU,multiclass,10,5,7,0.5801952151796925,1.954825685137794,398,42,64
SNY,Healthcare,BiGRU,multiclass,10,5,8,0.5688502503998915,1.8984997045426142,398,42,64
SNY,Healthcare,BiGRU,multiclass,10,5,9,0.5201004698647925,2.047001395906721,398,42,64
SNY,Healthcare,BiGRU,multiclass,10,5,10,0.4626243087514561,1.9734380812872023,398,42,64
SNY,Healthcare,BiGRU,multiclass,10,5,11,0.43399725158010893,2.055966604323614,398,42,64
SNY,Healthcare,BiGRU,multiclass,10,5,12,0.42142251029086475,1.9933902195521764,398,42,64
SO,Utilities,BiGRU,multiclass,10,5,1,1.5917999289143625,1.8652528921763103,398,42,64
SO,Utilities,BiGRU,multiclass,10,5,2,1.0615174069476487,1.3928720496949696,398,42,64
SO,Utilities,BiGRU,multiclass,10,5,3,0.8705157209281347,1.1844752799896967,398,42,64
SO,Utilities,BiGRU,multiclass,10,5,4,0.7553456467599725,1.200601461387816,398,42,64
SO,Utilities,BiGRU,multiclass,10,5,5,0.659062247030699,1.0697981374604362,398,42,64
SO,Utilities,BiGRU,multiclass,10,5,6,0.6001205832215409,1.1556431225367956,398,42,64
SO,Utilities,BiGRU,multiclass,10,5,7,0.5613132948851466,1.003773575737363,398,42,64
SO,Utilities,BiGRU,multiclass,10,5,8,0.5018388434271117,1.0941975769542513,398,42,64
SO,Utilities,BiGRU,multiclass,10,5,9,0.47604352550290935,1.0554004198028928,398,42,64
SO,Utilities,BiGRU,multiclass,10,5,10,0.4820361994019705,1.0559598689987546,398,42,64
SO,Utilities,BiGRU,multiclass,10,5,11,0.46111795126493255,1.2132485452152433,398,42,64
SO,Utilities,BiGRU,multiclass,10,5,12,0.4252580262009223,1.2711034332002913,398,42,64
SO,Utilities,BiGRU,multiclass,10,5,13,0.4570112635741881,1.1480915489650907,398,42,64
SO,Utilities,BiGRU,multiclass,10,5,14,0.39331404662611497,1.0826953592754545,398,42,64
SO,Utilities,BiGRU,multiclass,10,5,15,0.36681162726939026,1.0364260758672441,398,42,64
SO,Utilities,BiGRU,multiclass,10,5,16,0.35543420454066005,1.0854256266639346,398,42,64
SO,Utilities,BiGRU,multiclass,10,5,17,0.34024544891400554,1.0922768002464658,398,42,64
SPLP,Conglomerates,BiGRU,multiclass,10,5,1,1.9455382999163777,1.9103434767041887,398,42,64
SPLP,Conglomerates,BiGRU,multiclass,10,5,2,1.4254742979104795,1.096602161725362,398,42,64
SPLP,Conglomerates,BiGRU,multiclass,10,5,3,1.1818115974790486,1.0167238428479148,398,42,64
SPLP,Conglomerates,BiGRU,multiclass,10,5,4,0.9976176343970562,1.1009599367777507,398,42,64
SPLP,Conglomerates,BiGRU,multiclass,10,5,5,0.9310439276934868,1.2678014834721882,398,42,64
SPLP,Conglomerates,BiGRU,multiclass,10,5,6,0.8480236215807085,1.0575073900676908,398,42,64
SPLP,Conglomerates,BiGRU,multiclass,10,5,7,0.7677387256718161,1.0845834016799927,398,42,64
SPLP,Conglomerates,BiGRU,multiclass,10,5,8,0.7857657295076093,1.315254583245232,398,42,64
SPLP,Conglomerates,BiGRU,multiclass,10,5,9,0.8017446576949939,1.3710803559848241,398,42,64
SPLP,Conglomerates,BiGRU,multiclass,10,5,10,0.6563179281788256,1.5161253611246746,398,42,64
SPLP,Conglomerates,BiGRU,multiclass,10,5,11,0.652567631036193,1.3258789919671559,398,42,64
SPLP,Conglomerates,BiGRU,multiclass,10,5,12,0.6225260581502963,1.3627294557435172,398,42,64
SPLP,Conglomerates,BiGRU,multiclass,10,5,13,0.6066893879792199,1.4069926823888506,398,42,64
SRE,Utilities,BiGRU,multiclass,10,5,1,1.3939190384131581,1.4075999032883417,398,42,64
SRE,Utilities,BiGRU,multiclass,10,5,2,0.9410124719142914,1.8715469269525438,398,42,64
SRE,Utilities,BiGRU,multiclass,10,5,3,0.7587667953728432,2.6994120677312217,398,42,64
SRE,Utilities,BiGRU,multiclass,10,5,4,0.6465584066644985,2.2343383516584123,398,42,64
SRE,Utilities,BiGRU,multiclass,10,5,5,0.5924104992768273,2.5131170409066335,398,42,64
SRE,Utilities,BiGRU,multiclass,10,5,6,0.5662803354874328,2.430343758492243,398,42,64
SRE,Utilities,BiGRU,multiclass,10,5,7,0.6066873726533286,2.696023935363406,398,42,64
SRE,Utilities,BiGRU,multiclass,10,5,8,0.5481636805750018,2.426461935043335,398,42,64
SRE,Utilities,BiGRU,multiclass,10,5,9,0.5063980497307514,2.4811439570926486,398,42,64
SRE,Utilities,BiGRU,multiclass,10,5,10,0.4925413399785008,2.574901359421866,398,42,64
SRE,Utilities,BiGRU,multiclass,10,5,11,0.48610145130648685,2.3973280986150107,398,42,64
T,Technology,BiGRU,multiclass,10,5,1,1.5104799429375921,0.7650070360728672,398,42,64
T,Technology,BiGRU,multiclass,10,5,2,0.9080140771877826,0.8848526222365243,398,42,64
T,Technology,BiGRU,multiclass,10,5,3,0.7485130188153617,1.1966949644542875,398,42,64
T,Technology,BiGRU,multiclass,10,5,4,0.6564295947851249,1.2236089933486212,398,42,64
T,Technology,BiGRU,multiclass,10,5,5,0.555695401214475,1.5116024301165627,398,42,64
T,Technology,BiGRU,multiclass,10,5,6,0.5527767585450082,1.9193038543065388,398,42,64
T,Technology,BiGRU,multiclass,10,5,7,0.522736219305489,1.3822780336652483,398,42,64
T,Technology,BiGRU,multiclass,10,5,8,0.4940632244001082,1.1647157527151561,398,42,64
T,Technology,BiGRU,multiclass,10,5,9,0.41258343065803377,1.2238597586041404,398,42,64
T,Technology,BiGRU,multiclass,10,5,10,0.4095580026732018,1.1988443278131031,398,42,64
T,Technology,BiGRU,multiclass,10,5,11,0.4062916412575161,1.09918688308625,398,42,64
TM,Consumer Goods,BiGRU,multiclass,10,5,1,1.5808176464171866,1.1767400049027943,398,42,64
TM,Consumer Goods,BiGRU,multiclass,10,5,2,1.0741010793489427,0.7290956775347391,398,42,64
TM,Consumer Goods,BiGRU,multiclass,10,5,3,0.8435056488118579,1.098015112536294,398,42,64
TM,Consumer Goods,BiGRU,multiclass,10,5,4,0.7537559771058547,2.0488473801385787,398,42,64
TM,Consumer Goods,BiGRU,multiclass,10,5,5,0.6841447494137827,3.0988902364458357,398,42,64
TM,Consumer Goods,BiGRU,multiclass,10,5,6,0.5973409321439925,2.1609718118395125,398,42,64
TM,Consumer Goods,BiGRU,multiclass,10,5,7,0.6019045440994915,4.247861589704241,398,42,64
TM,Consumer Goods,BiGRU,multiclass,10,5,8,0.5743323522596503,2.8576530501956032,398,42,64
TM,Consumer Goods,BiGRU,multiclass,10,5,9,0.5118858649503046,2.6706521056947254,398,42,64
TM,Consumer Goods,BiGRU,multiclass,10,5,10,0.4986893477751382,3.0246171270098006,398,42,64
TM,Consumer Goods,BiGRU,multiclass,10,5,11,0.46431571934091387,3.285128320966448,398,42,64
TM,Consumer Goods,BiGRU,multiclass,10,5,12,0.455444381165145,3.021041779291062,398,42,64
TOT,Basic Matierials,BiGRU,multiclass,10,5,1,1.4478480983619115,1.191256386893136,398,42,64
TOT,Basic Matierials,BiGRU,multiclass,10,5,2,0.932652616321142,1.651828368504842,398,42,64
TOT,Basic Matierials,BiGRU,multiclass,10,5,3,0.8097680348846781,3.7183399427504766,398,42,64
TOT,Basic Matierials,BiGRU,multiclass,10,5,4,0.711887925114464,4.307756423950195,398,42,64
TOT,Basic Matierials,BiGRU,multiclass,10,5,5,0.6362005478173645,4.386052937734695,398,42,64
TOT,Basic Matierials,BiGRU,multiclass,10,5,6,0.5861979856263453,4.509297456060137,398,42,64
TOT,Basic Matierials,BiGRU,multiclass,10,5,7,0.5815773347214838,3.5819422403971353,398,42,64
TOT,Basic Matierials,BiGRU,multiclass,10,5,8,0.5851675914460092,3.4395074361846563,398,42,64
TOT,Basic Matierials,BiGRU,multiclass,10,5,9,0.5110244764455,3.911792380469186,398,42,64
TOT,Basic Matierials,BiGRU,multiclass,10,5,10,0.45304173096340505,4.608335046541123,398,42,64
TOT,Basic Matierials,BiGRU,multiclass,10,5,11,0.46614430432942644,4.455067980857122,398,42,64
TSM,Technology,BiGRU,multiclass,10,5,1,1.3505662553873494,1.2593933741251628,398,42,64
TSM,Technology,BiGRU,multiclass,10,5,2,1.019588018182534,1.2848238263811385,398,42,64
TSM,Technology,BiGRU,multiclass,10,5,3,0.8581040205068924,1.5162112287112646,398,42,64
TSM,Technology,BiGRU,multiclass,10,5,4,0.7129399980132903,2.001239549546015,398,42,64
TSM,Technology,BiGRU,multiclass,10,5,5,0.642631657459029,1.4048679045268468,398,42,64
TSM,Technology,BiGRU,multiclass,10,5,6,0.6158462538192021,2.8594316641489663,398,42,64
TSM,Technology,BiGRU,multiclass,10,5,7,0.6203020598421145,4.192265760330927,398,42,64
TSM,Technology,BiGRU,multiclass,10,5,8,0.5997187036964762,3.5649235362098333,398,42,64
TSM,Technology,BiGRU,multiclass,10,5,9,0.49432822417973277,2.34626681464059,398,42,64
TSM,Technology,BiGRU,multiclass,10,5,10,0.46025052876328704,2.553087109611148,398,42,64
TSM,Technology,BiGRU,multiclass,10,5,11,0.45833134007214305,2.480748256047567,398,42,64
UL,Consumer Goods,BiGRU,multiclass,10,5,1,1.56363911065624,1.18263882682437,398,42,64
UL,Consumer Goods,BiGRU,multiclass,10,5,2,1.0422125653405885,1.084850407782055,398,42,64
UL,Consumer Goods,BiGRU,multiclass,10,5,3,0.8697342393386304,2.0844609340031943,398,42,64
UL,Consumer Goods,BiGRU,multiclass,10,5,4,0.7513492406912186,2.6325537136622836,398,42,64
UL,Consumer Goods,BiGRU,multiclass,10,5,5,0.6805019685670958,2.3917756307692755,398,42,64
UL,Consumer Goods,BiGRU,multiclass,10,5,6,0.6282737840659655,2.0216034026373,398,42,64
UL,Consumer Goods,BiGRU,multiclass,10,5,7,0.5502749892634962,1.9268630799793063,398,42,64
UL,Consumer Goods,BiGRU,multiclass,10,5,8,0.4885725697979855,1.7395604565030052,398,42,64
UL,Consumer Goods,BiGRU,multiclass,10,5,9,0.4622905525430363,2.082788183575585,398,42,64
UL,Consumer Goods,BiGRU,multiclass,10,5,10,0.4785482675286394,2.0621249221620106,398,42,64
UL,Consumer Goods,BiGRU,multiclass,10,5,11,0.41705663359943945,1.9894382840111142,398,42,64
UL,Consumer Goods,BiGRU,multiclass,10,5,12,0.4333256736173103,2.214822939464024,398,42,64
UN,Consumer Goods,BiGRU,multiclass,10,5,1,1.4442856611318924,1.2317257495153517,398,42,64
UN,Consumer Goods,BiGRU,multiclass,10,5,2,0.9836871582060004,1.0917981635956537,398,42,64
UN,Consumer Goods,BiGRU,multiclass,10,5,3,0.7150335027344862,2.0017601421901157,398,42,64
UN,Consumer Goods,BiGRU,multiclass,10,5,4,0.6780370375019821,2.516415175937471,398,42,64
UN,Consumer Goods,BiGRU,multiclass,10,5,5,0.647987089264932,2.3220551241011846,398,42,64
UN,Consumer Goods,BiGRU,multiclass,10,5,6,0.5953443951942213,1.983168636049543,398,42,64
UN,Consumer Goods,BiGRU,multiclass,10,5,7,0.5370551230919421,1.8940055824461437,398,42,64
UN,Consumer Goods,BiGRU,multiclass,10,5,8,0.5113450847378928,2.3876439276195707,398,42,64
UN,Consumer Goods,BiGRU,multiclass,10,5,9,0.4834202691238729,1.9966094834463937,398,42,64
UN,Consumer Goods,BiGRU,multiclass,10,5,10,0.47060690857657234,1.9068469887688047,398,42,64
UN,Consumer Goods,BiGRU,multiclass,10,5,11,0.43209696849386897,1.7181724253154935,398,42,64
UN,Consumer Goods,BiGRU,multiclass,10,5,12,0.42595569662113286,1.9469544546944755,398,42,64
UNH,Healthcare,BiGRU,multiclass,10,5,1,1.2326654851736136,1.0057015589305334,398,42,64
UNH,Healthcare,BiGRU,multiclass,10,5,2,0.8277186934073367,0.8708663667951312,398,42,64
UNH,Healthcare,BiGRU,multiclass,10,5,3,0.6458701653097143,0.8441421134131295,398,42,64
UNH,Healthcare,BiGRU,multiclass,10,5,4,0.5724003329947965,0.9519729557491484,398,42,64
UNH,Healthcare,BiGRU,multiclass,10,5,5,0.5461089512211593,0.8828375736872355,398,42,64
UNH,Healthcare,BiGRU,multiclass,10,5,6,0.4996464704748374,1.0730248462586176,398,42,64
UNH,Healthcare,BiGRU,multiclass,10,5,7,0.49449912537282437,1.094786422593253,398,42,64
UNH,Healthcare,BiGRU,multiclass,10,5,8,0.45658575634860515,0.9871756178992135,398,42,64
UNH,Healthcare,BiGRU,multiclass,10,5,9,0.49304138775446904,0.9976154253596351,398,42,64
UNH,Healthcare,BiGRU,multiclass,10,5,10,0.41818510602467024,1.287754910332816,398,42,64
UNH,Healthcare,BiGRU,multiclass,10,5,11,0.3838378340754677,1.1045255831309728,398,42,64
UNH,Healthcare,BiGRU,multiclass,10,5,12,0.3452929894828317,1.193344065121242,398,42,64
UNH,Healthcare,BiGRU,multiclass,10,5,13,0.33286605333563074,1.2466318153199696,398,42,64
UPS,Services,BiGRU,multiclass,10,5,1,1.3969878898793129,1.4198583137421381,398,42,64
UPS,Services,BiGRU,multiclass,10,5,2,0.9410251570706392,0.8208170845395043,398,42,64
UPS,Services,BiGRU,multiclass,10,5,3,0.8435864556374861,0.8234023792403085,398,42,64
UPS,Services,BiGRU,multiclass,10,5,4,0.7666823049286502,0.8971603314081827,398,42,64
UPS,Services,BiGRU,multiclass,10,5,5,0.7031338148979686,0.9388965879167829,398,42,64
UPS,Services,BiGRU,multiclass,10,5,6,0.6453761563229201,1.0274288540794736,398,42,64
UPS,Services,BiGRU,multiclass,10,5,7,0.548146186162479,1.0001016798473539,398,42,64
UPS,Services,BiGRU,multiclass,10,5,8,0.6062849858897416,1.1532639265060425,398,42,64
UPS,Services,BiGRU,multiclass,10,5,9,0.49561321705429995,1.0916923738661266,398,42,64
UPS,Services,BiGRU,multiclass,10,5,10,0.45890904041989966,1.041874573344276,398,42,64
UPS,Services,BiGRU,multiclass,10,5,11,0.42572933345583813,1.1330914894739788,398,42,64
UPS,Services,BiGRU,multiclass,10,5,12,0.4258459554844765,1.0465346688315982,398,42,64
UTX,Industrial Goods,BiGRU,multiclass,10,5,1,1.625884267103732,1.2033986023494176,398,42,64
UTX,Industrial Goods,BiGRU,multiclass,10,5,2,1.11330784819833,1.9488252231052943,398,42,64
UTX,Industrial Goods,BiGRU,multiclass,10,5,3,0.8704046028942319,3.9956833862123036,398,42,64
UTX,Industrial Goods,BiGRU,multiclass,10,5,4,0.7919879254683777,5.224045776185536,398,42,64
UTX,Industrial Goods,BiGRU,multiclass,10,5,5,0.7354099907767233,5.7404726800464445,398,42,64
UTX,Industrial Goods,BiGRU,multiclass,10,5,6,0.682236950750926,4.928119307472592,398,42,64
UTX,Industrial Goods,BiGRU,multiclass,10,5,7,0.620690283838229,4.774767557779948,398,42,64
UTX,Industrial Goods,BiGRU,multiclass,10,5,8,0.602343124211134,5.065339985347929,398,42,64
UTX,Industrial Goods,BiGRU,multiclass,10,5,9,0.5864452525748679,5.108517272131784,398,42,64
UTX,Industrial Goods,BiGRU,multiclass,10,5,10,0.5527886914547964,4.931838921138218,398,42,64
UTX,Industrial Goods,BiGRU,multiclass,10,5,11,0.5385595792202494,5.013784170150757,398,42,64
V,Financial,BiGRU,multiclass,10,5,1,1.584840655925885,1.113437255223592,398,42,64
V,Financial,BiGRU,multiclass,10,5,2,1.0730939444585061,0.9220885662805467,398,42,64
V,Financial,BiGRU,multiclass,10,5,3,0.9266888017031416,0.931436646552313,398,42,64
V,Financial,BiGRU,multiclass,10,5,4,0.8128060458892554,1.035609829993475,398,42,64
V,Financial,BiGRU,multiclass,10,5,5,0.7104258615167895,1.1194213912600564,398,42,64
V,Financial,BiGRU,multiclass,10,5,6,0.6317206899724414,1.2493338811965216,398,42,64
V,Financial,BiGRU,multiclass,10,5,7,0.5898005776668913,1.4116390489396595,398,42,64
V,Financial,BiGRU,multiclass,10,5,8,0.533084618086791,1.4585513046809606,398,42,64
V,Financial,BiGRU,multiclass,10,5,9,0.5487085628749138,1.4486145746140253,398,42,64
V,Financial,BiGRU,multiclass,10,5,10,0.4625052234635281,1.3601187410808744,398,42,64
V,Financial,BiGRU,multiclass,10,5,11,0.4672522299253761,1.2912910552251906,398,42,64
V,Financial,BiGRU,multiclass,10,5,12,0.43903539528199775,1.2684090988976615,398,42,64
VZ,Technology,BiGRU,multiclass,10,5,1,1.4997776459209884,1.2282928341910953,398,42,64
VZ,Technology,BiGRU,multiclass,10,5,2,0.8688006156952537,2.3382158960614885,398,42,64
VZ,Technology,BiGRU,multiclass,10,5,3,0.7230803985991071,3.6245981625148227,398,42,64
VZ,Technology,BiGRU,multiclass,10,5,4,0.6379105818631062,3.176084291367304,398,42,64
VZ,Technology,BiGRU,multiclass,10,5,5,0.6126671749443265,3.376307691846575,398,42,64
VZ,Technology,BiGRU,multiclass,10,5,6,0.5742182253892697,3.658855846949986,398,42,64
VZ,Technology,BiGRU,multiclass,10,5,7,0.5433426414003324,1.9625455879029774,398,42,64
VZ,Technology,BiGRU,multiclass,10,5,8,0.468799801178314,3.0096221424284435,398,42,64
VZ,Technology,BiGRU,multiclass,10,5,9,0.4726482512962878,2.6370668297722224,398,42,64
VZ,Technology,BiGRU,multiclass,10,5,10,0.41853574307719665,2.6481208006540933,398,42,64
VZ,Technology,BiGRU,multiclass,10,5,11,0.4067575357966687,2.3007925919124057,398,42,64
WFC,Financial,BiGRU,multiclass,10,5,1,1.4355059869624862,0.9100181886128017,398,42,64
WFC,Financial,BiGRU,multiclass,10,5,2,0.9006518893804981,1.2475914784840174,398,42,64
WFC,Financial,BiGRU,multiclass,10,5,3,0.7558519784829125,1.4159783522288005,398,42,64
WFC,Financial,BiGRU,multiclass,10,5,4,0.6527531964695035,1.6607685543241955,398,42,64
WFC,Financial,BiGRU,multiclass,10,5,5,0.5977395485393965,2.2773940563201904,398,42,64
WFC,Financial,BiGRU,multiclass,10,5,6,0.5487652635155011,1.5088853268396287,398,42,64
WFC,Financial,BiGRU,multiclass,10,5,7,0.5362871672639895,2.827031725928897,398,42,64
WFC,Financial,BiGRU,multiclass,10,5,8,0.4599992133414925,2.2712808336530412,398,42,64
WFC,Financial,BiGRU,multiclass,10,5,9,0.42449169946675325,1.967143456141154,398,42,64
WFC,Financial,BiGRU,multiclass,10,5,10,0.4275000270587116,2.3005506765274775,398,42,64
WFC,Financial,BiGRU,multiclass,10,5,11,0.39116115036921284,2.093973375502087,398,42,64
WMT,Services,BiGRU,multiclass,10,5,1,1.8211170390023659,0.9885585478373936,398,42,64
WMT,Services,BiGRU,multiclass,10,5,2,1.2560940452256995,2.053657571474711,398,42,64
WMT,Services,BiGRU,multiclass,10,5,3,0.9280521315545892,3.526243414197649,398,42,64
WMT,Services,BiGRU,multiclass,10,5,4,0.8083449551208535,4.679612466267177,398,42,64
WMT,Services,BiGRU,multiclass,10,5,5,0.7495809408588026,4.887128489358084,398,42,64
WMT,Services,BiGRU,multiclass,10,5,6,0.6825659000993374,3.3928384440285817,398,42,64
WMT,Services,BiGRU,multiclass,10,5,7,0.6578905953833806,5.501738582338605,398,42,64
WMT,Services,BiGRU,multiclass,10,5,8,0.5874004012076699,3.582943155652001,398,42,64
WMT,Services,BiGRU,multiclass,10,5,9,0.5140521590733648,3.722637267339797,398,42,64
WMT,Services,BiGRU,multiclass,10,5,10,0.4637964731784322,4.333315168108259,398,42,64
WMT,Services,BiGRU,multiclass,10,5,11,0.4670760763350444,3.9286800225575766,398,42,64
XOM,Basic Matierials,BiGRU,multiclass,10,5,1,1.6179075055385954,1.7350700809842063,398,42,64
XOM,Basic Matierials,BiGRU,multiclass,10,5,2,0.9681725597860825,1.5860275058519273,398,42,64
XOM,Basic Matierials,BiGRU,multiclass,10,5,3,0.833453628885087,2.2682701406024752,398,42,64
XOM,Basic Matierials,BiGRU,multiclass,10,5,4,0.7526485683330938,3.229640251114255,398,42,64
XOM,Basic Matierials,BiGRU,multiclass,10,5,5,0.6932034875879336,2.6564682608559016,398,42,64
XOM,Basic Matierials,BiGRU,multiclass,10,5,6,0.6106634044167983,3.656079303650629,398,42,64
XOM,Basic Matierials,BiGRU,multiclass,10,5,7,0.5336664292081517,2.547354879833403,398,42,64
XOM,Basic Matierials,BiGRU,multiclass,10,5,8,0.5272885520554068,2.4365715923763456,398,42,64
XOM,Basic Matierials,BiGRU,multiclass,10,5,9,0.5221559322958615,2.613988070260911,398,42,64
XOM,Basic Matierials,BiGRU,multiclass,10,5,10,0.4620371950631166,3.0649132558277676,398,42,64
XOM,Basic Matierials,BiGRU,multiclass,10,5,11,0.44142559140770876,2.604892157372974,398,42,64
XOM,Basic Matierials,BiGRU,multiclass,10,5,12,0.4127419717497562,2.6144866148630777,398,42,64
