company,sector,model_type,problem_type,horizon_steps,macro_f1,micro_accuracy,expected_return_mean,mcc,f1,precision,recall,r2,mae,directional_accuracy,n_samples,train_samples,val_samples,test_samples,epochs_trained,bucket_labels,bucket_edges,confusion_matrix,confusion_matrix_normalized
AAPL,Consumer Goods,LSTM,multiclass,1,0.06297483932487187,0.11055276381909548,-0.009600636195607148,-0.018001971772106388,0.01680672268907563,0.5,0.008547008547008548,,,0.4120603015075377,1196,798,199,199,17,"['≤ -1.3%', '(-1.3%,-0.5%]', '(-0.5%,-0.0%]', '(-0.0%,0.6%]', '(0.6%,1.4%]', '> 1.4%']","[-0.1235579463434564, -0.012551216726082393, -0.00507766770107543, -2.861673202936288e-05, 0.00646272018910617, 0.014131456485862226, 0.08198189092360741]","[[3, 6, 0, 0, 0, 0], [3, 17, 2, 0, 0, 0], [10, 39, 1, 1, 0, 0], [13, 53, 3, 1, 0, 0], [8, 21, 0, 0, 0, 0], [7, 10, 1, 0, 0, 0]]","[[0.3333333333333333, 0.6666666666666666, 0.0, 0.0, 0.0, 0.0], [0.13636363636363635, 0.7727272727272727, 0.09090909090909091, 0.0, 0.0, 0.0], [0.19607843137254902, 0.7647058823529411, 0.0196078431372549, 0.0196078431372549, 0.0, 0.0], [0.18571428571428572, 0.7571428571428571, 0.04285714285714286, 0.014285714285714285, 0.0, 0.0], [0.27586206896551724, 0.7241379310344828, 0.0, 0.0, 0.0, 0.0], [0.3888888888888889, 0.5555555555555556, 0.05555555555555555, 0.0, 0.0, 0.0]]"
ABB,Industrial Goods,LSTM,multiclass,1,0.060286738351254476,0.10552763819095477,-0.009502412963724614,0.0,0.0,0.0,0.0,,,0.49748743718592964,1196,798,199,199,29,"['≤ -1.1%', '(-1.1%,-0.4%]', '(-0.4%,0.0%]', '(0.0%,0.5%]', '(0.5%,1.1%]', '> 1.1%']","[-0.08149272658035045, -0.010675415677379101, -0.004247471182385739, 0.0, 0.004502112553831876, 0.010838788098793017, 0.04796752032520324]","[[11, 7, 0, 0, 0, 0], [19, 10, 0, 0, 0, 0], [35, 17, 0, 0, 0, 0], [28, 13, 2, 0, 0, 0], [25, 10, 1, 0, 0, 0], [14, 7, 0, 0, 0, 0]]","[[0.6111111111111112, 0.3888888888888889, 0.0, 0.0, 0.0, 0.0], [0.6551724137931034, 0.3448275862068966, 0.0, 0.0, 0.0, 0.0], [0.6730769230769231, 0.3269230769230769, 0.0, 0.0, 0.0, 0.0], [0.6511627906976745, 0.3023255813953488, 0.046511627906976744, 0.0, 0.0, 0.0], [0.6944444444444444, 0.2777777777777778, 0.027777777777777776, 0.0, 0.0, 0.0], [0.6666666666666666, 0.3333333333333333, 0.0, 0.0, 0.0, 0.0]]"
ABBV,Healthcare,LSTM,multiclass,1,0.12344221435130526,0.22162162162162163,-0.006955259311151714,0.0,0.0,0.0,0.0,,,0.4918918918918919,1115,744,186,185,25,"['≤ -1.4%', '(-1.4%,-0.5%]', '(-0.5%,0.1%]', '(0.1%,0.7%]', '(0.7%,1.5%]', '> 1.5%']","[-0.10328816261236617, -0.014267456883243122, -0.004629607617094004, 0.0013301187521443936, 0.007373730609379514, 0.01546520408194307, 0.10073939374267638]","[[1, 3, 2, 0, 0, 0], [0, 16, 9, 0, 0, 0], [5, 31, 24, 0, 0, 0], [3, 25, 29, 0, 0, 0], [0, 19, 12, 0, 0, 0], [0, 2, 4, 0, 0, 0]]","[[0.16666666666666666, 0.5, 0.3333333333333333, 0.0, 0.0, 0.0], [0.0, 0.64, 0.36, 0.0, 0.0, 0.0], [0.08333333333333333, 0.5166666666666667, 0.4, 0.0, 0.0, 0.0], [0.05263157894736842, 0.43859649122807015, 0.5087719298245614, 0.0, 0.0, 0.0], [0.0, 0.6129032258064516, 0.3870967741935484, 0.0, 0.0, 0.0], [0.0, 0.3333333333333333, 0.6666666666666666, 0.0, 0.0, 0.0]]"
AEP,Utilities,LSTM,multiclass,1,0.08927693808724872,0.12060301507537688,-0.0075021899576817735,0.05027547506871813,0.11965811965811966,0.6363636363636364,0.0660377358490566,,,0.4824120603015075,1196,798,199,199,18,"['≤ -1.0%', '(-1.0%,-0.3%]', '(-0.3%,0.1%]', '(0.1%,0.5%]', '(0.5%,1.0%]', '> 1.0%']","[-0.05284225696009193, -0.009558439784762859, -0.0031311449773758038, 0.0010281705996424417, 0.004653975210934391, 0.0099793817042532, 0.0372685176558214]","[[8, 6, 2, 0, 0, 0], [21, 12, 3, 2, 0, 0], [26, 9, 2, 2, 0, 0], [26, 11, 2, 2, 0, 0], [32, 9, 3, 1, 0, 0], [7, 4, 5, 4, 0, 0]]","[[0.5, 0.375, 0.125, 0.0, 0.0, 0.0], [0.5526315789473685, 0.3157894736842105, 0.07894736842105263, 0.05263157894736842, 0.0, 0.0], [0.6666666666666666, 0.23076923076923078, 0.05128205128205128, 0.05128205128205128, 0.0, 0.0], [0.6341463414634146, 0.2682926829268293, 0.04878048780487805, 0.04878048780487805, 0.0, 0.0], [0.7111111111111111, 0.2, 0.06666666666666667, 0.022222222222222223, 0.0, 0.0], [0.35, 0.2, 0.25, 0.2, 0.0, 0.0]]"
AGFS,Conglomerates,LSTM,multiclass,1,0.06475035556553634,0.12264150943396226,-0.011502911618901539,0.0,0.0,0.0,0.0,,,0.4716981132075472,639,427,106,106,20,"['≤ -2.1%', '(-2.1%,-0.9%]', '(-0.9%,0.0%]', '(0.0%,0.4%]', '(0.4%,1.9%]', '> 1.9%']","[-0.28072625698324016, -0.021276595744680882, -0.009157509157509125, 0.0, 0.0039215686274509665, 0.01880341880341894, 0.14752475247524766]","[[0, 10, 8, 0, 0, 0], [0, 7, 10, 0, 0, 0], [2, 7, 6, 0, 0, 0], [1, 3, 2, 0, 0, 0], [1, 13, 9, 0, 0, 0], [0, 16, 11, 0, 0, 0]]","[[0.0, 0.5555555555555556, 0.4444444444444444, 0.0, 0.0, 0.0], [0.0, 0.4117647058823529, 0.5882352941176471, 0.0, 0.0, 0.0], [0.13333333333333333, 0.4666666666666667, 0.4, 0.0, 0.0, 0.0], [0.16666666666666666, 0.5, 0.3333333333333333, 0.0, 0.0, 0.0], [0.043478260869565216, 0.5652173913043478, 0.391304347826087, 0.0, 0.0, 0.0], [0.0, 0.5925925925925926, 0.4074074074074074, 0.0, 0.0, 0.0]]"
AMGN,Healthcare,LSTM,multiclass,1,0.13010396695690732,0.19597989949748743,-0.00711424389799866,-0.03848261933926622,0.06956521739130435,0.4444444444444444,0.03773584905660377,,,0.4623115577889447,1196,798,199,199,17,"['≤ -1.4%', '(-1.4%,-0.5%]', '(-0.5%,0.0%]', '(0.0%,0.6%]', '(0.6%,1.5%]', '> 1.5%']","[-0.06943953406457015, -0.013521192390266891, -0.005245501866162499, 0.00045804940827331997, 0.006220339108156336, 0.0154970544921188, 0.07717805070412975]","[[3, 8, 4, 0, 0, 0], [3, 21, 6, 1, 0, 0], [10, 21, 12, 4, 0, 0], [12, 23, 11, 3, 0, 0], [5, 23, 13, 1, 0, 0], [6, 7, 2, 0, 0, 0]]","[[0.2, 0.5333333333333333, 0.26666666666666666, 0.0, 0.0, 0.0], [0.0967741935483871, 0.6774193548387096, 0.1935483870967742, 0.03225806451612903, 0.0, 0.0], [0.2127659574468085, 0.44680851063829785, 0.2553191489361702, 0.0851063829787234, 0.0, 0.0], [0.24489795918367346, 0.46938775510204084, 0.22448979591836735, 0.061224489795918366, 0.0, 0.0], [0.11904761904761904, 0.5476190476190477, 0.30952380952380953, 0.023809523809523808, 0.0, 0.0], [0.4, 0.4666666666666667, 0.13333333333333333, 0.0, 0.0, 0.0]]"
AMZN,Services,LSTM,multiclass,1,0.0984375,0.21608040201005024,0.0013038346184623384,-0.03578440450808089,0.5363636363636364,0.5221238938053098,0.5514018691588785,,,0.48743718592964824,1196,798,199,199,30,"['≤ -1.3%', '(-1.3%,-0.5%]', '(-0.5%,0.1%]', '(0.1%,0.7%]', '(0.7%,1.7%]', '> 1.7%']","[-0.10997247438097135, -0.0133509988907688, -0.004863364548152322, 0.0005212691052829399, 0.006962845485204057, 0.01676230517169989, 0.14131136032491498]","[[0, 0, 6, 9, 0, 0], [0, 0, 14, 19, 0, 0], [0, 1, 17, 26, 0, 0], [0, 1, 20, 26, 0, 0], [0, 0, 18, 28, 0, 0], [0, 0, 9, 5, 0, 0]]","[[0.0, 0.0, 0.4, 0.6, 0.0, 0.0], [0.0, 0.0, 0.42424242424242425, 0.5757575757575758, 0.0, 0.0], [0.0, 0.022727272727272728, 0.38636363636363635, 0.5909090909090909, 0.0, 0.0], [0.0, 0.02127659574468085, 0.425531914893617, 0.5531914893617021, 0.0, 0.0], [0.0, 0.0, 0.391304347826087, 0.6086956521739131, 0.0, 0.0], [0.0, 0.0, 0.6428571428571429, 0.35714285714285715, 0.0, 0.0]]"
BA,Industrial Goods,LSTM,multiclass,1,0.07207032512442635,0.10552763819095477,-0.01110109768430327,0.0,0.0,0.0,0.0,,,0.4271356783919598,1196,798,199,199,17,"['≤ -1.0%', '(-1.0%,-0.4%]', '(-0.4%,0.1%]', '(0.1%,0.6%]', '(0.6%,1.3%]', '> 1.3%']","[-0.08928984803100737, -0.010487830520976595, -0.003924202098647376, 0.0010860174451885474, 0.006357794768255078, 0.012535958630306765, 0.058292753210346326]","[[13, 3, 0, 0, 0, 0], [22, 8, 0, 0, 0, 0], [36, 3, 0, 0, 0, 0], [49, 6, 0, 0, 0, 0], [38, 2, 0, 0, 0, 0], [17, 2, 0, 0, 0, 0]]","[[0.8125, 0.1875, 0.0, 0.0, 0.0, 0.0], [0.7333333333333333, 0.26666666666666666, 0.0, 0.0, 0.0, 0.0], [0.9230769230769231, 0.07692307692307693, 0.0, 0.0, 0.0, 0.0], [0.8909090909090909, 0.10909090909090909, 0.0, 0.0, 0.0, 0.0], [0.95, 0.05, 0.0, 0.0, 0.0, 0.0], [0.8947368421052632, 0.10526315789473684, 0.0, 0.0, 0.0, 0.0]]"
BABA,Services,LSTM,multiclass,1,0.05943152454780362,0.20353982300884957,-0.005018560398703924,0.0,0.0,0.0,0.0,,,0.40707964601769914,683,456,114,113,22,"['≤ -1.7%', '(-1.7%,-0.7%]', '(-0.7%,-0.0%]', '(-0.0%,0.5%]', '(0.5%,1.9%]', '> 1.9%']","[-0.0877602769251481, -0.016912779403547257, -0.006822365746901096, -0.00036255121376954635, 0.005388878008463361, 0.019440219816211243, 0.0886845473589184]","[[0, 2, 7, 0, 0, 0], [0, 0, 12, 0, 0, 0], [0, 2, 23, 0, 0, 0], [0, 1, 23, 0, 0, 0], [0, 3, 23, 0, 0, 0], [0, 1, 16, 0, 0, 0]]","[[0.0, 0.2222222222222222, 0.7777777777777778, 0.0, 0.0, 0.0], [0.0, 0.0, 1.0, 0.0, 0.0, 0.0], [0.0, 0.08, 0.92, 0.0, 0.0, 0.0], [0.0, 0.041666666666666664, 0.9583333333333334, 0.0, 0.0, 0.0], [0.0, 0.11538461538461539, 0.8846153846153846, 0.0, 0.0, 0.0], [0.0, 0.058823529411764705, 0.9411764705882353, 0.0, 0.0, 0.0]]"
BAC,Financial,LSTM,multiclass,1,0.06661123429416112,0.1306532663316583,-0.011923156722578368,0.0,0.0,0.0,0.0,,,0.5376884422110553,1196,798,199,199,17,"['≤ -1.3%', '(-1.3%,-0.5%]', '(-0.5%,0.0%]', '(0.0%,0.6%]', '(0.6%,1.4%]', '> 1.4%']","[-0.06269592476489028, -0.012726686504646997, -0.005206176076793376, 0.0, 0.005793371010762419, 0.013722093872468883, 0.05549949545913235]","[[18, 4, 0, 0, 0, 0], [29, 8, 0, 0, 0, 0], [39, 9, 0, 0, 0, 0], [25, 6, 0, 0, 0, 0], [16, 3, 0, 0, 0, 0], [27, 15, 0, 0, 0, 0]]","[[0.8181818181818182, 0.18181818181818182, 0.0, 0.0, 0.0, 0.0], [0.7837837837837838, 0.21621621621621623, 0.0, 0.0, 0.0, 0.0], [0.8125, 0.1875, 0.0, 0.0, 0.0, 0.0], [0.8064516129032258, 0.1935483870967742, 0.0, 0.0, 0.0, 0.0], [0.8421052631578947, 0.15789473684210525, 0.0, 0.0, 0.0, 0.0], [0.6428571428571429, 0.35714285714285715, 0.0, 0.0, 0.0, 0.0]]"
BBL,Basic Matierials,LSTM,multiclass,1,0.15379647432687749,0.17587939698492464,0.001406815902567089,0.05306035334236758,0.6160337552742616,0.5934959349593496,0.6403508771929824,,,0.542713567839196,1196,798,199,199,19,"['≤ -1.8%', '(-1.8%,-0.7%]', '(-0.7%,-0.1%]', '(-0.1%,0.6%]', '(0.6%,1.5%]', '> 1.5%']","[-0.0835472198460222, -0.01810637097773578, -0.007167857107875934, -0.0010087240142867548, 0.006208195431084267, 0.01545455783810582, 0.08670175746924436]","[[0, 7, 1, 11, 8, 0], [0, 7, 10, 7, 11, 0], [0, 3, 7, 6, 6, 1], [0, 5, 5, 8, 14, 4], [0, 5, 13, 10, 10, 3], [0, 6, 7, 11, 10, 3]]","[[0.0, 0.25925925925925924, 0.037037037037037035, 0.4074074074074074, 0.2962962962962963, 0.0], [0.0, 0.2, 0.2857142857142857, 0.2, 0.3142857142857143, 0.0], [0.0, 0.13043478260869565, 0.30434782608695654, 0.2608695652173913, 0.2608695652173913, 0.043478260869565216], [0.0, 0.1388888888888889, 0.1388888888888889, 0.2222222222222222, 0.3888888888888889, 0.1111111111111111], [0.0, 0.12195121951219512, 0.3170731707317073, 0.24390243902439024, 0.24390243902439024, 0.07317073170731707], [0.0, 0.16216216216216217, 0.1891891891891892, 0.2972972972972973, 0.2702702702702703, 0.08108108108108109]]"
BCH,Financial,LSTM,multiclass,1,0.1446554973517556,0.18592964824120603,-0.006185715626439461,0.15553966231426308,0.18604651162790697,0.8571428571428571,0.10434782608695652,,,0.4723618090452261,1196,798,199,199,31,"['≤ -1.2%', '(-1.2%,-0.5%]', '(-0.5%,0.0%]', '(0.0%,0.5%]', '(0.5%,1.1%]', '> 1.1%']","[-0.04435144384567291, -0.011645603410864994, -0.004909656908041833, 0.0001360737766440412, 0.0045470871872768095, 0.010727032035835693, 0.044765586291018566]","[[3, 13, 4, 0, 0, 0], [2, 18, 5, 0, 0, 0], [10, 18, 9, 2, 0, 0], [13, 10, 13, 6, 0, 0], [10, 20, 14, 1, 1, 0], [7, 12, 4, 4, 0, 0]]","[[0.15, 0.65, 0.2, 0.0, 0.0, 0.0], [0.08, 0.72, 0.2, 0.0, 0.0, 0.0], [0.2564102564102564, 0.46153846153846156, 0.23076923076923078, 0.05128205128205128, 0.0, 0.0], [0.30952380952380953, 0.23809523809523808, 0.30952380952380953, 0.14285714285714285, 0.0, 0.0], [0.21739130434782608, 0.43478260869565216, 0.30434782608695654, 0.021739130434782608, 0.021739130434782608, 0.0], [0.25925925925925924, 0.4444444444444444, 0.14814814814814814, 0.14814814814814814, 0.0, 0.0]]"
BHP,Basic Matierials,LSTM,multiclass,1,0.05303030303030303,0.11055276381909548,-0.006827381530744855,0.0,0.0,0.0,0.0,,,0.4120603015075377,1196,798,199,199,18,"['≤ -1.6%', '(-1.6%,-0.8%]', '(-0.8%,-0.1%]', '(-0.1%,0.6%]', '(0.6%,1.4%]', '> 1.4%']","[-0.0746673866593871, -0.01648616671921299, -0.007659878154164621, -0.0010654232246855577, 0.005586209348502544, 0.013708031370420204, 0.08359138718221804]","[[0, 10, 15, 0, 0, 0], [0, 5, 28, 0, 0, 0], [0, 7, 17, 0, 0, 0], [0, 5, 30, 0, 0, 0], [0, 6, 38, 0, 0, 0], [0, 14, 24, 0, 0, 0]]","[[0.0, 0.4, 0.6, 0.0, 0.0, 0.0], [0.0, 0.15151515151515152, 0.8484848484848485, 0.0, 0.0, 0.0], [0.0, 0.2916666666666667, 0.7083333333333334, 0.0, 0.0, 0.0], [0.0, 0.14285714285714285, 0.8571428571428571, 0.0, 0.0, 0.0], [0.0, 0.13636363636363635, 0.8636363636363636, 0.0, 0.0, 0.0], [0.0, 0.3684210526315789, 0.631578947368421, 0.0, 0.0, 0.0]]"
BP,Basic Matierials,LSTM,multiclass,1,0.16358241889559288,0.19597989949748743,0.0031562264179440264,0.07331340477257184,0.6285714285714286,0.5460992907801419,0.7403846153846154,,,0.542713567839196,1196,798,199,199,18,"['≤ -1.1%', '(-1.1%,-0.5%]', '(-0.5%,-0.0%]', '(-0.0%,0.4%]', '(0.4%,1.0%]', '> 1.0%']","[-0.08454261562957055, -0.010625458989959684, -0.0045091257767770915, -0.00021689988793771597, 0.003919995568570549, 0.009601161786261312, 0.0716023635731664]","[[0, 1, 6, 3, 9, 4], [0, 2, 9, 12, 5, 1], [0, 3, 10, 9, 12, 9], [0, 4, 6, 12, 12, 6], [0, 6, 4, 14, 9, 3], [0, 2, 5, 8, 7, 6]]","[[0.0, 0.043478260869565216, 0.2608695652173913, 0.13043478260869565, 0.391304347826087, 0.17391304347826086], [0.0, 0.06896551724137931, 0.3103448275862069, 0.41379310344827586, 0.1724137931034483, 0.034482758620689655], [0.0, 0.06976744186046512, 0.23255813953488372, 0.20930232558139536, 0.27906976744186046, 0.20930232558139536], [0.0, 0.1, 0.15, 0.3, 0.3, 0.15], [0.0, 0.16666666666666666, 0.1111111111111111, 0.3888888888888889, 0.25, 0.08333333333333333], [0.0, 0.07142857142857142, 0.17857142857142858, 0.2857142857142857, 0.25, 0.21428571428571427]]"
BRK-A,Financial,LSTM,multiclass,1,0.07842835870032071,0.11557788944723618,-0.005443826170006261,0.0,0.0,0.0,0.0,,,0.47738693467336685,1196,798,199,199,21,"['≤ -0.8%', '(-0.8%,-0.3%]', '(-0.3%,0.0%]', '(0.0%,0.4%]', '(0.4%,0.9%]', '> 0.9%']","[-0.03207407407407403, -0.007547888394562553, -0.0031023851325311753, 0.00014020539357928463, 0.003535229057681772, 0.008500248090864724, 0.04139937341488875]","[[6, 6, 6, 0, 0, 0], [14, 12, 7, 0, 0, 0], [23, 16, 5, 0, 0, 0], [24, 17, 4, 0, 0, 0], [19, 8, 12, 0, 0, 0], [9, 7, 4, 0, 0, 0]]","[[0.3333333333333333, 0.3333333333333333, 0.3333333333333333, 0.0, 0.0, 0.0], [0.42424242424242425, 0.36363636363636365, 0.21212121212121213, 0.0, 0.0, 0.0], [0.5227272727272727, 0.36363636363636365, 0.11363636363636363, 0.0, 0.0, 0.0], [0.5333333333333333, 0.37777777777777777, 0.08888888888888889, 0.0, 0.0, 0.0], [0.48717948717948717, 0.20512820512820512, 0.3076923076923077, 0.0, 0.0, 0.0], [0.45, 0.35, 0.2, 0.0, 0.0, 0.0]]"
BSAC,Financial,LSTM,multiclass,1,0.1282801206477019,0.1457286432160804,0.0002516422474886689,0.010371232100656894,0.5420560747663551,0.5576923076923077,0.5272727272727272,,,0.507537688442211,1196,798,199,199,17,"['≤ -1.4%', '(-1.4%,-0.6%]', '(-0.6%,-0.1%]', '(-0.1%,0.5%]', '(0.5%,1.3%]', '> 1.3%']","[-0.056557776694295514, -0.013693813382807306, -0.006334492230723576, -0.0008099581252411503, 0.004577846120138154, 0.012800702099973117, 0.05583977220118386]","[[0, 5, 4, 2, 1, 2], [2, 4, 3, 6, 3, 6], [5, 14, 6, 12, 7, 7], [6, 5, 12, 8, 7, 4], [2, 8, 6, 13, 8, 5], [0, 9, 4, 5, 5, 3]]","[[0.0, 0.35714285714285715, 0.2857142857142857, 0.14285714285714285, 0.07142857142857142, 0.14285714285714285], [0.08333333333333333, 0.16666666666666666, 0.125, 0.25, 0.125, 0.25], [0.09803921568627451, 0.27450980392156865, 0.11764705882352941, 0.23529411764705882, 0.13725490196078433, 0.13725490196078433], [0.14285714285714285, 0.11904761904761904, 0.2857142857142857, 0.19047619047619047, 0.16666666666666666, 0.09523809523809523], [0.047619047619047616, 0.19047619047619047, 0.14285714285714285, 0.30952380952380953, 0.19047619047619047, 0.11904761904761904], [0.0, 0.34615384615384615, 0.15384615384615385, 0.19230769230769232, 0.19230769230769232, 0.11538461538461539]]"
BUD,Consumer Goods,LSTM,multiclass,1,0.02623456790123457,0.08542713567839195,0.019435203907671512,0.0,0.7161290322580646,0.5577889447236181,1.0,,,0.5577889447236181,1196,798,199,199,24,"['≤ -1.0%', '(-1.0%,-0.4%]', '(-0.4%,0.0%]', '(0.0%,0.5%]', '(0.5%,1.2%]', '> 1.2%']","[-0.0588485347232689, -0.010077089363499417, -0.004301503651681842, 0.0, 0.004960925745690545, 0.012261746597070945, 0.06840058248425973]","[[0, 0, 0, 0, 0, 20], [0, 0, 0, 0, 0, 35], [0, 0, 0, 0, 0, 33], [0, 0, 0, 0, 0, 51], [0, 0, 0, 0, 0, 43], [0, 0, 0, 0, 0, 17]]","[[0.0, 0.0, 0.0, 0.0, 0.0, 1.0], [0.0, 0.0, 0.0, 0.0, 0.0, 1.0], [0.0, 0.0, 0.0, 0.0, 0.0, 1.0], [0.0, 0.0, 0.0, 0.0, 0.0, 1.0], [0.0, 0.0, 0.0, 0.0, 0.0, 1.0], [0.0, 0.0, 0.0, 0.0, 0.0, 1.0]]"
C,Financial,LSTM,multiclass,1,0.11761904761904761,0.16080402010050251,-0.007912060317852005,0.13917075775084456,0.14678899082568808,0.8,0.08080808080808081,,,0.5326633165829145,1196,798,199,199,17,"['≤ -1.2%', '(-1.2%,-0.5%]', '(-0.5%,0.0%]', '(0.0%,0.6%]', '(0.6%,1.3%]', '> 1.3%']","[-0.0641251638579734, -0.011642359126183388, -0.004626465451575597, 0.00038727277303762797, 0.005847337012346407, 0.013271358920982116, 0.06328369602555584]","[[12, 6, 6, 2, 0, 0], [12, 9, 7, 0, 0, 0], [19, 18, 9, 0, 0, 0], [15, 18, 5, 2, 0, 0], [6, 13, 4, 3, 0, 0], [10, 13, 7, 3, 0, 0]]","[[0.46153846153846156, 0.23076923076923078, 0.23076923076923078, 0.07692307692307693, 0.0, 0.0], [0.42857142857142855, 0.32142857142857145, 0.25, 0.0, 0.0, 0.0], [0.41304347826086957, 0.391304347826087, 0.1956521739130435, 0.0, 0.0, 0.0], [0.375, 0.45, 0.125, 0.05, 0.0, 0.0], [0.23076923076923078, 0.5, 0.15384615384615385, 0.11538461538461539, 0.0, 0.0], [0.30303030303030304, 0.3939393939393939, 0.21212121212121213, 0.09090909090909091, 0.0, 0.0]]"
CAT,Industrial Goods,LSTM,multiclass,1,0.1606731543416326,0.20100502512562815,0.0016350448836504109,0.06136613255634947,0.5829596412556054,0.5371900826446281,0.6372549019607843,,,0.5326633165829145,1196,798,199,199,17,"['≤ -1.1%', '(-1.1%,-0.5%]', '(-0.5%,-0.0%]', '(-0.0%,0.4%]', '(0.4%,1.1%]', '> 1.1%']","[-0.07183541871248889, -0.010945854183550412, -0.004907148682423298, -0.00023539103072051093, 0.004424041926352891, 0.010927417821702697, 0.05941746685429883]","[[0, 3, 7, 4, 5, 0], [0, 5, 11, 7, 12, 2], [0, 6, 9, 7, 17, 2], [0, 4, 7, 12, 11, 1], [0, 0, 9, 6, 13, 2], [0, 9, 8, 7, 12, 1]]","[[0.0, 0.15789473684210525, 0.3684210526315789, 0.21052631578947367, 0.2631578947368421, 0.0], [0.0, 0.13513513513513514, 0.2972972972972973, 0.1891891891891892, 0.32432432432432434, 0.05405405405405406], [0.0, 0.14634146341463414, 0.21951219512195122, 0.17073170731707318, 0.4146341463414634, 0.04878048780487805], [0.0, 0.11428571428571428, 0.2, 0.34285714285714286, 0.3142857142857143, 0.02857142857142857], [0.0, 0.0, 0.3, 0.2, 0.43333333333333335, 0.06666666666666667], [0.0, 0.24324324324324326, 0.21621621621621623, 0.1891891891891892, 0.32432432432432434, 0.02702702702702703]]"
CELG,Healthcare,LSTM,multiclass,1,0.10091358339867612,0.15577889447236182,-0.010512870726402283,0.0,0.0,0.0,0.0,,,0.5175879396984925,1196,798,199,199,17,"['≤ -1.5%', '(-1.5%,-0.5%]', '(-0.5%,0.1%]', '(0.1%,0.9%]', '(0.9%,1.9%]', '> 1.9%']","[-0.06502200000000002, -0.01489366631210314, -0.005384077002962617, 0.0014288076683776074, 0.008725393490773241, 0.019390056918332656, 0.09834444033061396]","[[7, 9, 3, 0, 0, 0], [10, 14, 7, 0, 0, 0], [20, 23, 10, 0, 0, 0], [18, 24, 8, 0, 0, 0], [11, 12, 9, 0, 0, 0], [2, 9, 3, 0, 0, 0]]","[[0.3684210526315789, 0.47368421052631576, 0.15789473684210525, 0.0, 0.0, 0.0], [0.3225806451612903, 0.45161290322580644, 0.22580645161290322, 0.0, 0.0, 0.0], [0.37735849056603776, 0.4339622641509434, 0.18867924528301888, 0.0, 0.0, 0.0], [0.36, 0.48, 0.16, 0.0, 0.0, 0.0], [0.34375, 0.375, 0.28125, 0.0, 0.0, 0.0], [0.14285714285714285, 0.6428571428571429, 0.21428571428571427, 0.0, 0.0, 0.0]]"
CHL,Technology,LSTM,multiclass,1,0.1100188813743801,0.1306532663316583,0.010041410909759147,-0.001272981894570918,0.6503496503496503,0.49732620320855614,0.9393939393939394,,,0.49748743718592964,1196,798,199,199,26,"['≤ -1.2%', '(-1.2%,-0.5%]', '(-0.5%,-0.0%]', '(-0.0%,0.5%]', '(0.5%,1.1%]', '> 1.1%']","[-0.0793700982880563, -0.011818284388352363, -0.005023218476639004, -9.21474654378418e-05, 0.004566489698117163, 0.010939616510584794, 0.07904611006587992]","[[0, 0, 1, 4, 5, 8], [0, 2, 0, 9, 7, 11], [0, 1, 2, 7, 17, 26], [0, 1, 2, 6, 6, 30], [0, 0, 2, 6, 10, 24], [0, 1, 0, 0, 5, 6]]","[[0.0, 0.0, 0.05555555555555555, 0.2222222222222222, 0.2777777777777778, 0.4444444444444444], [0.0, 0.06896551724137931, 0.0, 0.3103448275862069, 0.2413793103448276, 0.3793103448275862], [0.0, 0.018867924528301886, 0.03773584905660377, 0.1320754716981132, 0.32075471698113206, 0.49056603773584906], [0.0, 0.022222222222222223, 0.044444444444444446, 0.13333333333333333, 0.13333333333333333, 0.6666666666666666], [0.0, 0.0, 0.047619047619047616, 0.14285714285714285, 0.23809523809523808, 0.5714285714285714], [0.0, 0.08333333333333333, 0.0, 0.0, 0.4166666666666667, 0.5]]"
CHTR,Services,LSTM,multiclass,1,0.09463607878863167,0.1306532663316583,-0.010754075455953886,0.02956209320926756,0.03571428571428571,0.6666666666666666,0.01834862385321101,,,0.457286432160804,1196,798,199,199,25,"['≤ -1.2%', '(-1.2%,-0.5%]', '(-0.5%,0.0%]', '(0.0%,0.5%]', '(0.5%,1.5%]', '> 1.5%']","[-0.06294978962965392, -0.011643131009834795, -0.005171055882327026, 0.0001909334643522831, 0.005065352310972639, 0.01492844638961684, 0.10372579649131253]","[[15, 6, 2, 0, 0, 0], [23, 1, 1, 0, 0, 0], [23, 9, 9, 1, 0, 0], [31, 2, 1, 1, 0, 0], [34, 11, 4, 1, 0, 0], [15, 8, 1, 0, 0, 0]]","[[0.6521739130434783, 0.2608695652173913, 0.08695652173913043, 0.0, 0.0, 0.0], [0.92, 0.04, 0.04, 0.0, 0.0, 0.0], [0.5476190476190477, 0.21428571428571427, 0.21428571428571427, 0.023809523809523808, 0.0, 0.0], [0.8857142857142857, 0.05714285714285714, 0.02857142857142857, 0.02857142857142857, 0.0, 0.0], [0.68, 0.22, 0.08, 0.02, 0.0, 0.0], [0.625, 0.3333333333333333, 0.041666666666666664, 0.0, 0.0, 0.0]]"
CMCSA,Services,LSTM,multiclass,1,0.09852088086222892,0.16080402010050251,-0.008030474506388774,0.0,0.0,0.0,0.0,,,0.49748743718592964,1196,798,199,199,17,"['≤ -1.1%', '(-1.1%,-0.4%]', '(-0.4%,0.1%]', '(0.1%,0.6%]', '(0.6%,1.2%]', '> 1.2%']","[-0.04670066794068639, -0.011036090180714811, -0.004015322872969945, 0.0010633597292929453, 0.005611659102682685, 0.011889112472114547, 0.0595347133174573]","[[8, 5, 2, 0, 0, 0], [16, 20, 1, 0, 0, 0], [21, 22, 4, 0, 0, 0], [19, 23, 2, 0, 0, 0], [17, 13, 1, 0, 0, 0], [14, 9, 2, 0, 0, 0]]","[[0.5333333333333333, 0.3333333333333333, 0.13333333333333333, 0.0, 0.0, 0.0], [0.43243243243243246, 0.5405405405405406, 0.02702702702702703, 0.0, 0.0, 0.0], [0.44680851063829785, 0.46808510638297873, 0.0851063829787234, 0.0, 0.0, 0.0], [0.4318181818181818, 0.5227272727272727, 0.045454545454545456, 0.0, 0.0, 0.0], [0.5483870967741935, 0.41935483870967744, 0.03225806451612903, 0.0, 0.0, 0.0], [0.56, 0.36, 0.08, 0.0, 0.0, 0.0]]"
CODI,Conglomerates,LSTM,multiclass,1,0.13476202100175982,0.1708542713567839,-0.0038112275180184744,0.056212602432669546,0.3609022556390977,0.43636363636363634,0.3076923076923077,,,0.5728643216080402,1196,798,199,199,17,"['≤ -1.0%', '(-1.0%,-0.4%]', '(-0.4%,0.0%]', '(0.0%,0.5%]', '(0.5%,1.1%]', '> 1.1%']","[-0.06229503072650444, -0.009717097856497955, -0.0042699303734111006, 0.0, 0.004593512767425695, 0.010747338575937496, 0.04458210526315787]","[[8, 3, 8, 4, 0, 0], [17, 5, 8, 13, 2, 0], [12, 14, 15, 11, 1, 0], [5, 4, 9, 5, 0, 0], [6, 6, 7, 9, 1, 0], [6, 5, 6, 8, 1, 0]]","[[0.34782608695652173, 0.13043478260869565, 0.34782608695652173, 0.17391304347826086, 0.0, 0.0], [0.37777777777777777, 0.1111111111111111, 0.17777777777777778, 0.28888888888888886, 0.044444444444444446, 0.0], [0.22641509433962265, 0.2641509433962264, 0.2830188679245283, 0.20754716981132076, 0.018867924528301886, 0.0], [0.21739130434782608, 0.17391304347826086, 0.391304347826087, 0.21739130434782608, 0.0, 0.0], [0.20689655172413793, 0.20689655172413793, 0.2413793103448276, 0.3103448275862069, 0.034482758620689655, 0.0], [0.23076923076923078, 0.19230769230769232, 0.23076923076923078, 0.3076923076923077, 0.038461538461538464, 0.0]]"
CSCO,Technology,LSTM,multiclass,1,0.12019115890083631,0.1708542713567839,-0.005966321347867622,0.06520078149857178,0.05555555555555555,0.75,0.028846153846153848,,,0.48743718592964824,1196,798,199,199,19,"['≤ -1.0%', '(-1.0%,-0.4%]', '(-0.4%,0.0%]', '(0.0%,0.5%]', '(0.5%,1.1%]', '> 1.1%']","[-0.1095832916666667, -0.009840471864910867, -0.004028257152917584, 0.0, 0.004984885823499161, 0.011342993291313384, 0.12635549864948126]","[[4, 6, 6, 0, 0, 0], [7, 18, 9, 1, 0, 0], [6, 29, 9, 0, 0, 0], [6, 31, 10, 3, 0, 0], [4, 23, 9, 0, 0, 0], [2, 13, 3, 0, 0, 0]]","[[0.25, 0.375, 0.375, 0.0, 0.0, 0.0], [0.2, 0.5142857142857142, 0.2571428571428571, 0.02857142857142857, 0.0, 0.0], [0.13636363636363635, 0.6590909090909091, 0.20454545454545456, 0.0, 0.0, 0.0], [0.12, 0.62, 0.2, 0.06, 0.0, 0.0], [0.1111111111111111, 0.6388888888888888, 0.25, 0.0, 0.0, 0.0], [0.1111111111111111, 0.7222222222222222, 0.16666666666666666, 0.0, 0.0, 0.0]]"
CVX,Basic Matierials,LSTM,multiclass,1,0.12582083703676994,0.18090452261306533,-0.0019531151336689672,-0.11908525949644067,0.2948717948717949,0.40350877192982454,0.23232323232323232,,,0.4472361809045226,1196,798,199,199,29,"['≤ -1.1%', '(-1.1%,-0.4%]', '(-0.4%,-0.0%]', '(-0.0%,0.4%]', '(0.4%,1.0%]', '> 1.0%']","[-0.05420899961594128, -0.010759525876797035, -0.0042836245635753025, -3.833780072753923e-05, 0.004382546006056547, 0.010082481881715491, 0.06225206251208437]","[[0, 6, 12, 5, 0, 0], [3, 7, 12, 11, 0, 0], [1, 6, 19, 13, 5, 0], [0, 5, 20, 7, 2, 0], [1, 4, 29, 6, 3, 0], [0, 5, 12, 5, 0, 0]]","[[0.0, 0.2608695652173913, 0.5217391304347826, 0.21739130434782608, 0.0, 0.0], [0.09090909090909091, 0.21212121212121213, 0.36363636363636365, 0.3333333333333333, 0.0, 0.0], [0.022727272727272728, 0.13636363636363635, 0.4318181818181818, 0.29545454545454547, 0.11363636363636363, 0.0], [0.0, 0.14705882352941177, 0.5882352941176471, 0.20588235294117646, 0.058823529411764705, 0.0], [0.023255813953488372, 0.09302325581395349, 0.6744186046511628, 0.13953488372093023, 0.06976744186046512, 0.0], [0.0, 0.22727272727272727, 0.5454545454545454, 0.22727272727272727, 0.0, 0.0]]"
D,Utilities,LSTM,multiclass,1,0.11897965272123263,0.20603015075376885,-0.0058469584904284515,0.0,0.0,0.0,0.0,,,0.49246231155778897,1196,798,199,199,18,"['≤ -0.9%', '(-0.9%,-0.3%]', '(-0.3%,0.1%]', '(0.1%,0.4%]', '(0.4%,0.9%]', '> 0.9%']","[-0.040318314580416126, -0.008642308203657858, -0.0029449645179419085, 0.0005632844739905662, 0.004255542608297523, 0.009417634797712737, 0.03285992759676981]","[[6, 10, 2, 0, 0, 0], [6, 29, 6, 0, 0, 0], [11, 22, 6, 0, 0, 0], [8, 30, 5, 0, 0, 0], [9, 19, 3, 0, 0, 0], [13, 10, 4, 0, 0, 0]]","[[0.3333333333333333, 0.5555555555555556, 0.1111111111111111, 0.0, 0.0, 0.0], [0.14634146341463414, 0.7073170731707317, 0.14634146341463414, 0.0, 0.0, 0.0], [0.28205128205128205, 0.5641025641025641, 0.15384615384615385, 0.0, 0.0, 0.0], [0.18604651162790697, 0.6976744186046512, 0.11627906976744186, 0.0, 0.0, 0.0], [0.2903225806451613, 0.6129032258064516, 0.0967741935483871, 0.0, 0.0, 0.0], [0.48148148148148145, 0.37037037037037035, 0.14814814814814814, 0.0, 0.0, 0.0]]"
DHR,Industrial Goods,LSTM,multiclass,1,0.12588558043103498,0.19095477386934673,-0.006011971190930316,0.0,0.0,0.0,0.0,,,0.5577889447236181,1196,798,199,199,28,"['≤ -0.8%', '(-0.8%,-0.3%]', '(-0.3%,0.1%]', '(0.1%,0.4%]', '(0.4%,1.0%]', '> 1.0%']","[-0.05643316939760157, -0.00827408358107734, -0.0032445737439333513, 0.0006613538166431177, 0.003831417647333076, 0.009577898116878626, 0.0545331907731923]","[[12, 8, 1, 0, 0, 0], [16, 14, 3, 0, 0, 0], [25, 20, 12, 0, 0, 0], [13, 16, 2, 0, 0, 0], [14, 23, 3, 0, 0, 0], [10, 7, 0, 0, 0, 0]]","[[0.5714285714285714, 0.38095238095238093, 0.047619047619047616, 0.0, 0.0, 0.0], [0.48484848484848486, 0.42424242424242425, 0.09090909090909091, 0.0, 0.0, 0.0], [0.43859649122807015, 0.3508771929824561, 0.21052631578947367, 0.0, 0.0, 0.0], [0.41935483870967744, 0.5161290322580645, 0.06451612903225806, 0.0, 0.0, 0.0], [0.35, 0.575, 0.075, 0.0, 0.0, 0.0], [0.5882352941176471, 0.4117647058823529, 0.0, 0.0, 0.0, 0.0]]"
DIS,Services,LSTM,multiclass,1,0.06744850285354091,0.10050251256281408,-0.0056046515412640765,-0.06173986817934598,0.13333333333333333,0.3333333333333333,0.08333333333333333,,,0.542713567839196,1196,798,199,199,17,"['≤ -0.9%', '(-0.9%,-0.3%]', '(-0.3%,0.1%]', '(0.1%,0.6%]', '(0.6%,1.1%]', '> 1.1%']","[-0.09170846262291954, -0.009352079629143398, -0.0029784286687117153, 0.0014725292137519608, 0.005523420098847578, 0.010989296826839245, 0.0763018188374458]","[[3, 6, 9, 2, 0, 0], [19, 11, 7, 4, 0, 0], [21, 19, 6, 8, 0, 0], [16, 9, 11, 0, 0, 0], [11, 10, 6, 3, 0, 0], [5, 5, 4, 4, 0, 0]]","[[0.15, 0.3, 0.45, 0.1, 0.0, 0.0], [0.4634146341463415, 0.2682926829268293, 0.17073170731707318, 0.0975609756097561, 0.0, 0.0], [0.3888888888888889, 0.35185185185185186, 0.1111111111111111, 0.14814814814814814, 0.0, 0.0], [0.4444444444444444, 0.25, 0.3055555555555556, 0.0, 0.0, 0.0], [0.36666666666666664, 0.3333333333333333, 0.2, 0.1, 0.0, 0.0], [0.2777777777777778, 0.2777777777777778, 0.2222222222222222, 0.2222222222222222, 0.0, 0.0]]"
DUK,Utilities,LSTM,multiclass,1,0.11562699346201483,0.18090452261306533,-0.002693358595974081,-0.06472449089651111,0.11666666666666667,0.4117647058823529,0.06796116504854369,,,0.46733668341708545,1196,798,199,199,19,"['≤ -0.8%', '(-0.8%,-0.3%]', '(-0.3%,0.1%]', '(0.1%,0.4%]', '(0.4%,0.9%]', '> 0.9%']","[-0.05566415142307579, -0.00784661737513226, -0.0029631751852107215, 0.0007383680891188682, 0.004114718535921821, 0.00928021609162662, 0.03321893021877642]","[[2, 5, 9, 1, 0, 0], [0, 7, 26, 4, 0, 0], [0, 13, 24, 5, 0, 0], [3, 9, 30, 3, 0, 0], [4, 13, 20, 3, 0, 0], [3, 11, 3, 1, 0, 0]]","[[0.11764705882352941, 0.29411764705882354, 0.5294117647058824, 0.058823529411764705, 0.0, 0.0], [0.0, 0.1891891891891892, 0.7027027027027027, 0.10810810810810811, 0.0, 0.0], [0.0, 0.30952380952380953, 0.5714285714285714, 0.11904761904761904, 0.0, 0.0], [0.06666666666666667, 0.2, 0.6666666666666666, 0.06666666666666667, 0.0, 0.0], [0.1, 0.325, 0.5, 0.075, 0.0, 0.0], [0.16666666666666666, 0.6111111111111112, 0.16666666666666666, 0.05555555555555555, 0.0, 0.0]]"
EXC,Utilities,LSTM,multiclass,1,0.11852109927190495,0.23618090452261306,-0.005494506622637292,0.02631806779839076,0.07476635514018691,0.5714285714285714,0.04,,,0.5025125628140703,1196,798,199,199,47,"['≤ -1.2%', '(-1.2%,-0.4%]', '(-0.4%,0.0%]', '(0.0%,0.6%]', '(0.6%,1.2%]', '> 1.2%']","[-0.07532469983695833, -0.011564636728203164, -0.0035855383440091025, 0.00035531153482581956, 0.005557850781436957, 0.012084984978169159, 0.048772463462921856]","[[1, 8, 6, 0, 0, 0], [4, 36, 11, 2, 0, 0], [0, 20, 10, 1, 0, 0], [0, 25, 12, 0, 0, 0], [1, 28, 11, 1, 0, 0], [6, 8, 5, 3, 0, 0]]","[[0.06666666666666667, 0.5333333333333333, 0.4, 0.0, 0.0, 0.0], [0.07547169811320754, 0.6792452830188679, 0.20754716981132076, 0.03773584905660377, 0.0, 0.0], [0.0, 0.6451612903225806, 0.3225806451612903, 0.03225806451612903, 0.0, 0.0], [0.0, 0.6756756756756757, 0.32432432432432434, 0.0, 0.0, 0.0], [0.024390243902439025, 0.6829268292682927, 0.2682926829268293, 0.024390243902439025, 0.0, 0.0], [0.2727272727272727, 0.36363636363636365, 0.22727272727272727, 0.13636363636363635, 0.0, 0.0]]"
FB,Technology,LSTM,multiclass,1,0.14575755230503315,0.21608040201005024,0.0029671188634591145,-0.014559612031216486,0.5213270142180095,0.49107142857142855,0.5555555555555556,,,0.49246231155778897,1196,798,199,199,20,"['≤ -1.6%', '(-1.6%,-0.6%]', '(-0.6%,0.1%]', '(0.1%,0.9%]', '(0.9%,2.0%]', '> 2.0%']","[-0.06934812866925766, -0.01612319348471682, -0.006298705285926799, 0.001115935846390692, 0.00889006896748497, 0.019659924527354506, 0.29611471142964896]","[[0, 1, 3, 3, 1, 2], [0, 3, 5, 6, 1, 0], [2, 16, 13, 26, 13, 5], [1, 9, 9, 19, 7, 5], [3, 8, 10, 12, 8, 2], [0, 2, 2, 2, 0, 0]]","[[0.0, 0.1, 0.3, 0.3, 0.1, 0.2], [0.0, 0.2, 0.3333333333333333, 0.4, 0.06666666666666667, 0.0], [0.02666666666666667, 0.21333333333333335, 0.17333333333333334, 0.3466666666666667, 0.17333333333333334, 0.06666666666666667], [0.02, 0.18, 0.18, 0.38, 0.14, 0.1], [0.06976744186046512, 0.18604651162790697, 0.23255813953488372, 0.27906976744186046, 0.18604651162790697, 0.046511627906976744], [0.0, 0.3333333333333333, 0.3333333333333333, 0.3333333333333333, 0.0, 0.0]]"
GD,Industrial Goods,LSTM,multiclass,1,0.09959366790638625,0.12562814070351758,-0.004927683944249881,0.11253332117772677,0.2733812949640288,0.7037037037037037,0.16964285714285715,,,0.49246231155778897,1196,798,199,199,18,"['≤ -0.9%', '(-0.9%,-0.3%]', '(-0.3%,0.1%]', '(0.1%,0.5%]', '(0.5%,1.1%]', '> 1.1%']","[-0.035042066083233125, -0.009409733906518041, -0.0029380302437260752, 0.0007206426236890939, 0.004649455056283512, 0.010553977376337046, 0.06900156688529258]","[[6, 12, 1, 1, 0, 0], [16, 11, 7, 2, 3, 0], [11, 12, 3, 2, 0, 0], [11, 27, 4, 4, 8, 0], [17, 11, 4, 3, 1, 0], [8, 9, 2, 2, 1, 0]]","[[0.3, 0.6, 0.05, 0.05, 0.0, 0.0], [0.41025641025641024, 0.28205128205128205, 0.1794871794871795, 0.05128205128205128, 0.07692307692307693, 0.0], [0.39285714285714285, 0.42857142857142855, 0.10714285714285714, 0.07142857142857142, 0.0, 0.0], [0.2037037037037037, 0.5, 0.07407407407407407, 0.07407407407407407, 0.14814814814814814, 0.0], [0.4722222222222222, 0.3055555555555556, 0.1111111111111111, 0.08333333333333333, 0.027777777777777776, 0.0], [0.36363636363636365, 0.4090909090909091, 0.09090909090909091, 0.09090909090909091, 0.045454545454545456, 0.0]]"
GE,Industrial Goods,LSTM,multiclass,1,0.17997665102928262,0.22613065326633167,-0.0050321799781340125,-0.07632225194970135,0.11428571428571428,0.3157894736842105,0.06976744186046512,,,0.5326633165829145,1196,798,199,199,20,"['≤ -0.9%', '(-0.9%,-0.4%]', '(-0.4%,0.0%]', '(0.0%,0.4%]', '(0.4%,1.0%]', '> 1.0%']","[-0.042314082644628104, -0.008978287347551779, -0.0037490757059580235, 0.00042328195899732357, 0.004165915224724569, 0.009925622740041162, 0.1080450835600466]","[[12, 9, 4, 2, 0, 0], [10, 16, 8, 2, 2, 1], [10, 17, 14, 2, 1, 3], [14, 12, 9, 0, 0, 0], [12, 14, 4, 2, 1, 1], [6, 5, 4, 0, 0, 2]]","[[0.4444444444444444, 0.3333333333333333, 0.14814814814814814, 0.07407407407407407, 0.0, 0.0], [0.2564102564102564, 0.41025641025641024, 0.20512820512820512, 0.05128205128205128, 0.05128205128205128, 0.02564102564102564], [0.2127659574468085, 0.3617021276595745, 0.2978723404255319, 0.0425531914893617, 0.02127659574468085, 0.06382978723404255], [0.4, 0.34285714285714286, 0.2571428571428571, 0.0, 0.0, 0.0], [0.35294117647058826, 0.4117647058823529, 0.11764705882352941, 0.058823529411764705, 0.029411764705882353, 0.029411764705882353], [0.35294117647058826, 0.29411764705882354, 0.23529411764705882, 0.0, 0.0, 0.11764705882352941]]"
GMRE,Conglomerates,LSTM,multiclass,1,0.1996101364522417,0.23404255319148937,-0.01027431442042481,0.19876210900713498,0.47368421052631576,0.6923076923076923,0.36,,,0.574468085106383,235,151,37,47,32,"['≤ -2.1%', '(-2.1%,-0.9%]', '(-0.9%,-0.1%]', '(-0.1%,0.7%]', '(0.7%,2.1%]', '> 2.1%']","[-0.08108108108108103, -0.02108433734939763, -0.008781558726673966, -0.0010857763300762269, 0.007322175732217495, 0.02104097452934671, 0.0863746958637468]","[[1, 0, 1, 1, 1, 0], [1, 2, 1, 2, 0, 0], [5, 3, 4, 0, 0, 0], [3, 2, 1, 3, 2, 0], [4, 3, 0, 2, 1, 0], [1, 2, 0, 0, 1, 0]]","[[0.25, 0.0, 0.25, 0.25, 0.25, 0.0], [0.16666666666666666, 0.3333333333333333, 0.16666666666666666, 0.3333333333333333, 0.0, 0.0], [0.4166666666666667, 0.25, 0.3333333333333333, 0.0, 0.0, 0.0], [0.2727272727272727, 0.18181818181818182, 0.09090909090909091, 0.2727272727272727, 0.18181818181818182, 0.0], [0.4, 0.3, 0.0, 0.2, 0.1, 0.0], [0.25, 0.5, 0.0, 0.0, 0.25, 0.0]]"
GOOG,Technology,LSTM,multiclass,1,0.0987391646966115,0.1457286432160804,-0.005324812731000875,0.0,0.0,0.0,0.0,,,0.4271356783919598,1196,798,199,199,18,"['≤ -1.1%', '(-1.1%,-0.4%]', '(-0.4%,0.0%]', '(0.0%,0.5%]', '(0.5%,1.3%]', '> 1.3%']","[-0.053105199352552646, -0.010869184219070372, -0.004074251833291763, 0.00010053393159725754, 0.004719693348883705, 0.012512002719411773, 0.16052430948104401]","[[4, 8, 7, 0, 0, 0], [3, 12, 11, 0, 0, 0], [6, 21, 13, 0, 0, 0], [5, 29, 16, 0, 0, 0], [6, 18, 20, 0, 0, 0], [4, 6, 10, 0, 0, 0]]","[[0.21052631578947367, 0.42105263157894735, 0.3684210526315789, 0.0, 0.0, 0.0], [0.11538461538461539, 0.46153846153846156, 0.4230769230769231, 0.0, 0.0, 0.0], [0.15, 0.525, 0.325, 0.0, 0.0, 0.0], [0.1, 0.58, 0.32, 0.0, 0.0, 0.0], [0.13636363636363635, 0.4090909090909091, 0.45454545454545453, 0.0, 0.0, 0.0], [0.2, 0.3, 0.5, 0.0, 0.0, 0.0]]"
HD,Services,LSTM,multiclass,1,0.08236047763029775,0.1457286432160804,-0.006080659996323524,0.0,0.0,0.0,0.0,,,0.5025125628140703,1196,798,199,199,24,"['≤ -0.9%', '(-0.9%,-0.3%]', '(-0.3%,0.1%]', '(0.1%,0.5%]', '(0.5%,1.1%]', '> 1.1%']","[-0.04776842180199892, -0.008913913708158971, -0.0030024653233042082, 0.0007646255999128604, 0.00469417657101275, 0.01061191759031473, 0.056946184510205944]","[[4, 12, 2, 0, 0, 0], [16, 21, 2, 0, 0, 0], [11, 28, 4, 0, 0, 0], [5, 20, 8, 0, 0, 0], [15, 24, 4, 0, 0, 0], [7, 14, 2, 0, 0, 0]]","[[0.2222222222222222, 0.6666666666666666, 0.1111111111111111, 0.0, 0.0, 0.0], [0.41025641025641024, 0.5384615384615384, 0.05128205128205128, 0.0, 0.0, 0.0], [0.2558139534883721, 0.6511627906976745, 0.09302325581395349, 0.0, 0.0, 0.0], [0.15151515151515152, 0.6060606060606061, 0.24242424242424243, 0.0, 0.0, 0.0], [0.3488372093023256, 0.5581395348837209, 0.09302325581395349, 0.0, 0.0, 0.0], [0.30434782608695654, 0.6086956521739131, 0.08695652173913043, 0.0, 0.0, 0.0]]"
HON,Industrial Goods,LSTM,multiclass,1,0.13255976822848484,0.23115577889447236,-0.002748006167393046,-0.015132912600203849,0.16129032258064516,0.5,0.09615384615384616,,,0.47738693467336685,1196,798,199,199,21,"['≤ -0.9%', '(-0.9%,-0.3%]', '(-0.3%,0.1%]', '(0.1%,0.4%]', '(0.4%,1.0%]', '> 1.0%']","[-0.036632911249575906, -0.00930838120425002, -0.003085175742712832, 0.0005414664307067385, 0.0040986627437661705, 0.00980956645169498, 0.0569716137050198]","[[0, 5, 4, 1, 0, 0], [0, 16, 21, 4, 0, 0], [0, 17, 22, 5, 0, 0], [0, 21, 23, 8, 0, 0], [0, 19, 15, 1, 0, 0], [0, 8, 8, 1, 0, 0]]","[[0.0, 0.5, 0.4, 0.1, 0.0, 0.0], [0.0, 0.3902439024390244, 0.5121951219512195, 0.0975609756097561, 0.0, 0.0], [0.0, 0.38636363636363635, 0.5, 0.11363636363636363, 0.0, 0.0], [0.0, 0.40384615384615385, 0.4423076923076923, 0.15384615384615385, 0.0, 0.0], [0.0, 0.5428571428571428, 0.42857142857142855, 0.02857142857142857, 0.0, 0.0], [0.0, 0.47058823529411764, 0.47058823529411764, 0.058823529411764705, 0.0, 0.0]]"
HRG,Conglomerates,LSTM,multiclass,1,0.052782675527826756,0.10050251256281408,-0.01249255901635193,0.0,0.0,0.0,0.0,,,0.457286432160804,1196,798,199,199,17,"['≤ -1.3%', '(-1.3%,-0.5%]', '(-0.5%,0.0%]', '(0.0%,0.5%]', '(0.5%,1.5%]', '> 1.5%']","[-0.26614481409001967, -0.012860153841821508, -0.00546580099652724, 0.0, 0.005406797833382049, 0.015129473634155696, 0.09844559585492219]","[[13, 7, 0, 0, 0, 0], [21, 7, 0, 0, 0, 0], [28, 15, 0, 0, 0, 0], [29, 18, 0, 0, 0, 0], [28, 20, 0, 0, 0, 0], [7, 6, 0, 0, 0, 0]]","[[0.65, 0.35, 0.0, 0.0, 0.0, 0.0], [0.75, 0.25, 0.0, 0.0, 0.0, 0.0], [0.6511627906976745, 0.3488372093023256, 0.0, 0.0, 0.0, 0.0], [0.6170212765957447, 0.3829787234042553, 0.0, 0.0, 0.0, 0.0], [0.5833333333333334, 0.4166666666666667, 0.0, 0.0, 0.0, 0.0], [0.5384615384615384, 0.46153846153846156, 0.0, 0.0, 0.0, 0.0]]"
HSBC,Financial,LSTM,multiclass,1,0.10134331691535081,0.12562814070351758,-0.0063411995514945875,0.044390122484372074,0.14285714285714285,0.6428571428571429,0.08035714285714286,,,0.457286432160804,1196,798,199,199,17,"['≤ -1.0%', '(-1.0%,-0.4%]', '(-0.4%,-0.0%]', '(-0.0%,0.4%]', '(0.4%,0.9%]', '> 0.9%']","[-0.05231979269496556, -0.01017055658577689, -0.004130350159045654, -0.00021374707459320685, 0.003980190083496443, 0.00932878865345428, 0.03709916237893851]","[[5, 8, 3, 1, 0, 0], [8, 8, 8, 1, 0, 0], [11, 24, 7, 3, 0, 0], [13, 17, 10, 5, 0, 0], [9, 11, 15, 3, 0, 0], [9, 11, 8, 1, 0, 0]]","[[0.29411764705882354, 0.47058823529411764, 0.17647058823529413, 0.058823529411764705, 0.0, 0.0], [0.32, 0.32, 0.32, 0.04, 0.0, 0.0], [0.24444444444444444, 0.5333333333333333, 0.15555555555555556, 0.06666666666666667, 0.0, 0.0], [0.28888888888888886, 0.37777777777777777, 0.2222222222222222, 0.1111111111111111, 0.0, 0.0], [0.23684210526315788, 0.2894736842105263, 0.39473684210526316, 0.07894736842105263, 0.0, 0.0], [0.3103448275862069, 0.3793103448275862, 0.27586206896551724, 0.034482758620689655, 0.0, 0.0]]"
IEP,Conglomerates,LSTM,multiclass,1,0.12358061995401305,0.18592964824120603,0.009959930316395266,0.01424278032496293,0.6496350364963503,0.52046783625731,0.8640776699029126,,,0.5175879396984925,1196,798,199,199,17,"['≤ -1.5%', '(-1.5%,-0.6%]', '(-0.6%,0.0%]', '(0.0%,0.6%]', '(0.6%,1.8%]', '> 1.8%']","[-0.16002237124135887, -0.0152890248871268, -0.0062816415309372075, 0.0, 0.006114689762954408, 0.01795776820494558, 0.1489573953468324]","[[0, 0, 7, 12, 14, 0], [0, 0, 4, 10, 11, 5], [0, 0, 3, 2, 23, 5], [0, 0, 5, 8, 17, 8], [0, 0, 4, 15, 23, 4], [0, 0, 5, 6, 5, 3]]","[[0.0, 0.0, 0.21212121212121213, 0.36363636363636365, 0.42424242424242425, 0.0], [0.0, 0.0, 0.13333333333333333, 0.3333333333333333, 0.36666666666666664, 0.16666666666666666], [0.0, 0.0, 0.09090909090909091, 0.06060606060606061, 0.696969696969697, 0.15151515151515152], [0.0, 0.0, 0.13157894736842105, 0.21052631578947367, 0.4473684210526316, 0.21052631578947367], [0.0, 0.0, 0.08695652173913043, 0.32608695652173914, 0.5, 0.08695652173913043], [0.0, 0.0, 0.2631578947368421, 0.3157894736842105, 0.2631578947368421, 0.15789473684210525]]"
INTC,Technology,LSTM,multiclass,1,0.11743109868652703,0.18090452261306533,-0.004740682921543357,-0.12650021475010934,0.12598425196850394,0.34782608695652173,0.07692307692307693,,,0.44221105527638194,1196,798,199,199,28,"['≤ -1.1%', '(-1.1%,-0.4%]', '(-0.4%,0.1%]', '(0.1%,0.5%]', '(0.5%,1.2%]', '> 1.2%']","[-0.09102021435429342, -0.011058622422952007, -0.0043955043422314235, 0.0005355421104816793, 0.005497936522847197, 0.012118860669303745, 0.09271532931931037]","[[2, 10, 3, 3, 0, 0], [2, 22, 11, 5, 1, 0], [5, 19, 6, 5, 1, 0], [3, 28, 17, 6, 1, 0], [6, 21, 8, 1, 0, 0], [1, 8, 4, 0, 0, 0]]","[[0.1111111111111111, 0.5555555555555556, 0.16666666666666666, 0.16666666666666666, 0.0, 0.0], [0.04878048780487805, 0.5365853658536586, 0.2682926829268293, 0.12195121951219512, 0.024390243902439025, 0.0], [0.1388888888888889, 0.5277777777777778, 0.16666666666666666, 0.1388888888888889, 0.027777777777777776, 0.0], [0.05454545454545454, 0.509090909090909, 0.3090909090909091, 0.10909090909090909, 0.01818181818181818, 0.0], [0.16666666666666666, 0.5833333333333334, 0.2222222222222222, 0.027777777777777776, 0.0, 0.0], [0.07692307692307693, 0.6153846153846154, 0.3076923076923077, 0.0, 0.0, 0.0]]"
JNJ,Healthcare,LSTM,multiclass,1,0.09963593775833302,0.1507537688442211,-0.004976798400341966,0.0,0.0,0.0,0.0,,,0.5175879396984925,1196,798,199,199,25,"['≤ -0.7%', '(-0.7%,-0.3%]', '(-0.3%,0.1%]', '(0.1%,0.4%]', '(0.4%,0.9%]', '> 0.9%']","[-0.03269564700176497, -0.007497941583783678, -0.002698334255717529, 0.0005646063278295088, 0.004070525285659579, 0.008579851846487905, 0.04958504046504064]","[[8, 11, 5, 0, 0, 0], [9, 10, 7, 0, 0, 0], [20, 21, 12, 0, 0, 0], [14, 17, 10, 0, 0, 0], [13, 13, 7, 0, 0, 0], [6, 13, 3, 0, 0, 0]]","[[0.3333333333333333, 0.4583333333333333, 0.20833333333333334, 0.0, 0.0, 0.0], [0.34615384615384615, 0.38461538461538464, 0.2692307692307692, 0.0, 0.0, 0.0], [0.37735849056603776, 0.39622641509433965, 0.22641509433962265, 0.0, 0.0, 0.0], [0.34146341463414637, 0.4146341463414634, 0.24390243902439024, 0.0, 0.0, 0.0], [0.3939393939393939, 0.3939393939393939, 0.21212121212121213, 0.0, 0.0, 0.0], [0.2727272727272727, 0.5909090909090909, 0.13636363636363635, 0.0, 0.0, 0.0]]"
JPM,Financial,LSTM,multiclass,1,0.0597090449082859,0.11557788944723618,-0.009893174853267756,0.0,0.0,0.0,0.0,,,0.507537688442211,1196,798,199,199,17,"['≤ -1.0%', '(-1.0%,-0.3%]', '(-0.3%,0.1%]', '(0.1%,0.5%]', '(0.5%,1.2%]', '> 1.2%']","[-0.05267292618468322, -0.010063302896890154, -0.003424276614128585, 0.0006401245409564105, 0.005338648887572405, 0.011687976074164977, 0.05007511266900355]","[[14, 2, 0, 0, 0, 0], [39, 9, 0, 0, 0, 0], [31, 6, 0, 0, 0, 0], [32, 15, 0, 0, 0, 0], [17, 6, 0, 0, 0, 0], [21, 7, 0, 0, 0, 0]]","[[0.875, 0.125, 0.0, 0.0, 0.0, 0.0], [0.8125, 0.1875, 0.0, 0.0, 0.0, 0.0], [0.8378378378378378, 0.16216216216216217, 0.0, 0.0, 0.0, 0.0], [0.6808510638297872, 0.3191489361702128, 0.0, 0.0, 0.0, 0.0], [0.7391304347826086, 0.2608695652173913, 0.0, 0.0, 0.0, 0.0], [0.75, 0.25, 0.0, 0.0, 0.0, 0.0]]"
KO,Consumer Goods,LSTM,multiclass,1,0.10189234905319977,0.1708542713567839,-0.005290507185794297,0.0,0.0,0.0,0.0,,,0.4623115577889447,1196,798,199,199,18,"['≤ -0.7%', '(-0.7%,-0.3%]', '(-0.3%,0.0%]', '(0.0%,0.3%]', '(0.3%,0.8%]', '> 0.8%']","[-0.060291081998357976, -0.007423247028757149, -0.0028092650927043694, 0.0, 0.0033532606484881385, 0.008256147680119388, 0.056872012970815566]","[[5, 9, 2, 0, 0, 0], [9, 24, 2, 0, 0, 0], [13, 23, 5, 0, 0, 0], [6, 37, 2, 0, 0, 0], [14, 30, 4, 0, 0, 0], [3, 9, 2, 0, 0, 0]]","[[0.3125, 0.5625, 0.125, 0.0, 0.0, 0.0], [0.2571428571428571, 0.6857142857142857, 0.05714285714285714, 0.0, 0.0, 0.0], [0.3170731707317073, 0.5609756097560976, 0.12195121951219512, 0.0, 0.0, 0.0], [0.13333333333333333, 0.8222222222222222, 0.044444444444444446, 0.0, 0.0, 0.0], [0.2916666666666667, 0.625, 0.08333333333333333, 0.0, 0.0, 0.0], [0.21428571428571427, 0.6428571428571429, 0.14285714285714285, 0.0, 0.0, 0.0]]"
LMT,Industrial Goods,LSTM,multiclass,1,0.13882183908045978,0.22110552763819097,-6.342530138987563e-05,-0.02822320048472419,0.38323353293413176,0.49230769230769234,0.3137254901960784,,,0.4824120603015075,1196,798,199,199,19,"['≤ -0.8%', '(-0.8%,-0.3%]', '(-0.3%,0.1%]', '(0.1%,0.5%]', '(0.5%,1.0%]', '> 1.0%']","[-0.03932326355531168, -0.008225743179831713, -0.0025974273297814845, 0.001068215058524613, 0.00546968713834557, 0.010412767208798097, 0.038105392428955165]","[[0, 0, 13, 4, 0, 0], [0, 4, 20, 15, 1, 0], [3, 5, 19, 12, 1, 0], [2, 4, 34, 19, 0, 0], [1, 4, 15, 6, 2, 0], [0, 1, 9, 5, 0, 0]]","[[0.0, 0.0, 0.7647058823529411, 0.23529411764705882, 0.0, 0.0], [0.0, 0.1, 0.5, 0.375, 0.025, 0.0], [0.075, 0.125, 0.475, 0.3, 0.025, 0.0], [0.03389830508474576, 0.06779661016949153, 0.576271186440678, 0.3220338983050847, 0.0, 0.0], [0.03571428571428571, 0.14285714285714285, 0.5357142857142857, 0.21428571428571427, 0.07142857142857142, 0.0], [0.0, 0.06666666666666667, 0.6, 0.3333333333333333, 0.0, 0.0]]"
MA,Financial,LSTM,multiclass,1,0.12961228767499763,0.19095477386934673,-0.0024550267797122903,-0.03207638400573738,0.2773722627737226,0.4418604651162791,0.20212765957446807,,,0.5025125628140703,1196,798,199,199,24,"['≤ -1.1%', '(-1.1%,-0.4%]', '(-0.4%,0.1%]', '(0.1%,0.6%]', '(0.6%,1.2%]', '> 1.2%']","[-0.051153484173683816, -0.010696862605539592, -0.0036002362919034256, 0.0014245255902116671, 0.005724218944467725, 0.01176474025272511, 0.09395972085694759]","[[0, 4, 9, 3, 0, 0], [0, 8, 15, 5, 1, 0], [5, 21, 19, 13, 2, 0], [3, 15, 14, 9, 1, 0], [2, 10, 15, 2, 2, 0], [1, 7, 8, 4, 1, 0]]","[[0.0, 0.25, 0.5625, 0.1875, 0.0, 0.0], [0.0, 0.27586206896551724, 0.5172413793103449, 0.1724137931034483, 0.034482758620689655, 0.0], [0.08333333333333333, 0.35, 0.31666666666666665, 0.21666666666666667, 0.03333333333333333, 0.0], [0.07142857142857142, 0.35714285714285715, 0.3333333333333333, 0.21428571428571427, 0.023809523809523808, 0.0], [0.06451612903225806, 0.3225806451612903, 0.4838709677419355, 0.06451612903225806, 0.06451612903225806, 0.0], [0.047619047619047616, 0.3333333333333333, 0.38095238095238093, 0.19047619047619047, 0.047619047619047616, 0.0]]"
MCD,Services,LSTM,multiclass,1,0.06043445046002591,0.09045226130653267,-0.005198801277182334,0.0,0.0,0.0,0.0,,,0.47738693467336685,1196,798,199,199,18,"['≤ -0.8%', '(-0.8%,-0.3%]', '(-0.3%,0.1%]', '(0.1%,0.4%]', '(0.4%,0.8%]', '> 0.8%']","[-0.04385868559225847, -0.007544029922177805, -0.0030522941923314052, 0.0006812195104570762, 0.0037016714289018382, 0.007550945156205686, 0.08123660931113119]","[[3, 7, 3, 0, 0, 0], [12, 10, 5, 0, 0, 0], [27, 23, 5, 0, 0, 0], [16, 19, 2, 0, 0, 0], [17, 17, 3, 0, 0, 0], [14, 12, 4, 0, 0, 0]]","[[0.23076923076923078, 0.5384615384615384, 0.23076923076923078, 0.0, 0.0, 0.0], [0.4444444444444444, 0.37037037037037035, 0.18518518518518517, 0.0, 0.0, 0.0], [0.4909090909090909, 0.41818181818181815, 0.09090909090909091, 0.0, 0.0, 0.0], [0.43243243243243246, 0.5135135135135135, 0.05405405405405406, 0.0, 0.0, 0.0], [0.4594594594594595, 0.4594594594594595, 0.08108108108108109, 0.0, 0.0, 0.0], [0.4666666666666667, 0.4, 0.13333333333333333, 0.0, 0.0, 0.0]]"
MDT,Healthcare,LSTM,multiclass,1,0.19423850628582642,0.23618090452261306,-0.002314402933450225,-0.0370538077288156,0.16216216216216217,0.391304347826087,0.10227272727272728,,,0.5326633165829145,1196,798,199,199,32,"['≤ -0.9%', '(-0.9%,-0.3%]', '(-0.3%,0.1%]', '(0.1%,0.5%]', '(0.5%,1.1%]', '> 1.1%']","[-0.04524024687923445, -0.009429571118224659, -0.003262653752773204, 0.000659882754447283, 0.004820217187198936, 0.010847677640515675, 0.04930845959728303]","[[7, 5, 4, 0, 0, 1], [5, 20, 12, 1, 0, 7], [2, 26, 16, 0, 1, 4], [3, 16, 12, 1, 0, 2], [2, 19, 13, 0, 0, 3], [2, 9, 3, 0, 0, 3]]","[[0.4117647058823529, 0.29411764705882354, 0.23529411764705882, 0.0, 0.0, 0.058823529411764705], [0.1111111111111111, 0.4444444444444444, 0.26666666666666666, 0.022222222222222223, 0.0, 0.15555555555555556], [0.04081632653061224, 0.5306122448979592, 0.32653061224489793, 0.0, 0.02040816326530612, 0.08163265306122448], [0.08823529411764706, 0.47058823529411764, 0.35294117647058826, 0.029411764705882353, 0.0, 0.058823529411764705], [0.05405405405405406, 0.5135135135135135, 0.35135135135135137, 0.0, 0.0, 0.08108108108108109], [0.11764705882352941, 0.5294117647058824, 0.17647058823529413, 0.0, 0.0, 0.17647058823529413]]"
MMM,Industrial Goods,LSTM,multiclass,1,0.08272332760173585,0.12060301507537688,-0.0067004893913326586,0.0,0.0,0.0,0.0,,,0.5175879396984925,1196,798,199,199,25,"['≤ -0.7%', '(-0.7%,-0.2%]', '(-0.2%,0.1%]', '(0.1%,0.4%]', '(0.4%,0.9%]', '> 0.9%']","[-0.06026771362469985, -0.0073771231592678075, -0.0024792989991395307, 0.0010463251151364705, 0.0040466034908233075, 0.009171624822398304, 0.0524096215245522]","[[5, 6, 1, 0, 0, 0], [22, 12, 5, 0, 0, 0], [24, 21, 7, 0, 0, 0], [22, 15, 3, 0, 0, 0], [20, 18, 1, 0, 0, 0], [13, 4, 0, 0, 0, 0]]","[[0.4166666666666667, 0.5, 0.08333333333333333, 0.0, 0.0, 0.0], [0.5641025641025641, 0.3076923076923077, 0.1282051282051282, 0.0, 0.0, 0.0], [0.46153846153846156, 0.40384615384615385, 0.1346153846153846, 0.0, 0.0, 0.0], [0.55, 0.375, 0.075, 0.0, 0.0, 0.0], [0.5128205128205128, 0.46153846153846156, 0.02564102564102564, 0.0, 0.0, 0.0], [0.7647058823529411, 0.23529411764705882, 0.0, 0.0, 0.0, 0.0]]"
MO,Consumer Goods,LSTM,multiclass,1,0.13036790943767687,0.18592964824120603,-0.002295817095148608,0.07091912280125003,0.22413793103448276,0.5652173913043478,0.13978494623655913,,,0.5477386934673367,1196,798,199,199,26,"['≤ -0.8%', '(-0.8%,-0.3%]', '(-0.3%,0.1%]', '(0.1%,0.5%]', '(0.5%,1.0%]', '> 1.0%']","[-0.04380168595041323, -0.008105623207860329, -0.002919278690057703, 0.000848415705723804, 0.004780742736209057, 0.009534455194525188, 0.03629438612982527]","[[0, 11, 9, 2, 2, 0], [0, 13, 18, 0, 2, 0], [0, 27, 18, 2, 1, 1], [0, 26, 14, 3, 0, 1], [0, 12, 11, 3, 2, 1], [0, 7, 10, 2, 0, 1]]","[[0.0, 0.4583333333333333, 0.375, 0.08333333333333333, 0.08333333333333333, 0.0], [0.0, 0.3939393939393939, 0.5454545454545454, 0.0, 0.06060606060606061, 0.0], [0.0, 0.5510204081632653, 0.3673469387755102, 0.04081632653061224, 0.02040816326530612, 0.02040816326530612], [0.0, 0.5909090909090909, 0.3181818181818182, 0.06818181818181818, 0.0, 0.022727272727272728], [0.0, 0.41379310344827586, 0.3793103448275862, 0.10344827586206896, 0.06896551724137931, 0.034482758620689655], [0.0, 0.35, 0.5, 0.1, 0.0, 0.05]]"
MRK,Healthcare,LSTM,multiclass,1,0.19236656124275883,0.19095477386934673,0.0003842065745620832,0.04582350064000263,0.5410628019323671,0.5185185185185185,0.5656565656565656,,,0.5226130653266332,1196,798,199,199,33,"['≤ -1.0%', '(-1.0%,-0.4%]', '(-0.4%,0.0%]', '(0.0%,0.4%]', '(0.4%,1.0%]', '> 1.0%']","[-0.05223196694825083, -0.009788329214953503, -0.003889667279843228, 0.00019365428635698123, 0.004484295396117277, 0.010138689019614974, 0.06495585274747695]","[[8, 6, 1, 1, 4, 1], [8, 6, 4, 4, 11, 4], [6, 5, 4, 9, 12, 6], [6, 11, 7, 8, 10, 7], [5, 3, 5, 7, 8, 6], [2, 3, 1, 3, 3, 4]]","[[0.38095238095238093, 0.2857142857142857, 0.047619047619047616, 0.047619047619047616, 0.19047619047619047, 0.047619047619047616], [0.21621621621621623, 0.16216216216216217, 0.10810810810810811, 0.10810810810810811, 0.2972972972972973, 0.10810810810810811], [0.14285714285714285, 0.11904761904761904, 0.09523809523809523, 0.21428571428571427, 0.2857142857142857, 0.14285714285714285], [0.12244897959183673, 0.22448979591836735, 0.14285714285714285, 0.16326530612244897, 0.20408163265306123, 0.14285714285714285], [0.14705882352941177, 0.08823529411764706, 0.14705882352941177, 0.20588235294117646, 0.23529411764705882, 0.17647058823529413], [0.125, 0.1875, 0.0625, 0.1875, 0.1875, 0.25]]"
MSFT,Technology,LSTM,multiclass,1,0.12000000000000001,0.25125628140703515,-0.0030896298102114977,-0.0244015069446034,0.05714285714285714,0.42857142857142855,0.030612244897959183,,,0.5025125628140703,1196,798,199,199,30,"['≤ -1.0%', '(-1.0%,-0.4%]', '(-0.4%,0.0%]', '(0.0%,0.6%]', '(0.6%,1.3%]', '> 1.3%']","[-0.11399546032718577, -0.010041667538052303, -0.004478614099907907, 0.00038474964814239065, 0.005666280210674168, 0.012523977986224323, 0.10452235809875399]","[[0, 8, 10, 0, 0, 0], [0, 14, 12, 0, 0, 0], [0, 18, 35, 4, 0, 0], [0, 15, 27, 1, 0, 0], [0, 12, 18, 2, 0, 0], [0, 7, 16, 0, 0, 0]]","[[0.0, 0.4444444444444444, 0.5555555555555556, 0.0, 0.0, 0.0], [0.0, 0.5384615384615384, 0.46153846153846156, 0.0, 0.0, 0.0], [0.0, 0.3157894736842105, 0.6140350877192983, 0.07017543859649122, 0.0, 0.0], [0.0, 0.3488372093023256, 0.627906976744186, 0.023255813953488372, 0.0, 0.0], [0.0, 0.375, 0.5625, 0.0625, 0.0, 0.0], [0.0, 0.30434782608695654, 0.6956521739130435, 0.0, 0.0, 0.0]]"
NEE,Utilities,LSTM,multiclass,1,0.12302178108629723,0.20603015075376885,-0.001994595272315615,0.04787999728822285,0.21374045801526717,0.6086956521739131,0.12962962962962962,,,0.4824120603015075,1196,798,199,199,21,"['≤ -0.9%', '(-0.9%,-0.3%]', '(-0.3%,0.1%]', '(0.1%,0.4%]', '(0.4%,0.9%]', '> 0.9%']","[-0.03664919630375085, -0.00883603730868902, -0.0027405396808275846, 0.0010814237604607202, 0.00437312330735029, 0.009426192734756644, 0.04993923166593173]","[[0, 4, 8, 0, 0, 0], [2, 10, 25, 5, 0, 0], [1, 8, 24, 4, 0, 0], [0, 11, 24, 7, 0, 0], [2, 11, 26, 6, 0, 0], [1, 7, 12, 1, 0, 0]]","[[0.0, 0.3333333333333333, 0.6666666666666666, 0.0, 0.0, 0.0], [0.047619047619047616, 0.23809523809523808, 0.5952380952380952, 0.11904761904761904, 0.0, 0.0], [0.02702702702702703, 0.21621621621621623, 0.6486486486486487, 0.10810810810810811, 0.0, 0.0], [0.0, 0.2619047619047619, 0.5714285714285714, 0.16666666666666666, 0.0, 0.0], [0.044444444444444446, 0.24444444444444444, 0.5777777777777777, 0.13333333333333333, 0.0, 0.0], [0.047619047619047616, 0.3333333333333333, 0.5714285714285714, 0.047619047619047616, 0.0, 0.0]]"
NGG,Utilities,LSTM,multiclass,1,0.10776204002251906,0.1507537688442211,0.009378825617883137,-0.03887746575881153,0.6051660516605166,0.4606741573033708,0.8817204301075269,,,0.4623115577889447,1196,798,199,199,28,"['≤ -0.8%', '(-0.8%,-0.3%]', '(-0.3%,0.0%]', '(0.0%,0.4%]', '(0.4%,0.9%]', '> 0.9%']","[-0.05507630767698102, -0.007632662214306011, -0.0030224321981820648, 0.00038751250338020515, 0.004225342973620463, 0.009252751280266036, 0.052051866275386605]","[[1, 1, 2, 5, 3, 19], [0, 1, 1, 1, 5, 23], [1, 0, 3, 5, 3, 32], [0, 2, 1, 1, 4, 20], [0, 4, 1, 3, 4, 23], [2, 1, 0, 5, 2, 20]]","[[0.03225806451612903, 0.03225806451612903, 0.06451612903225806, 0.16129032258064516, 0.0967741935483871, 0.6129032258064516], [0.0, 0.03225806451612903, 0.03225806451612903, 0.03225806451612903, 0.16129032258064516, 0.7419354838709677], [0.022727272727272728, 0.0, 0.06818181818181818, 0.11363636363636363, 0.06818181818181818, 0.7272727272727273], [0.0, 0.07142857142857142, 0.03571428571428571, 0.03571428571428571, 0.14285714285714285, 0.7142857142857143], [0.0, 0.11428571428571428, 0.02857142857142857, 0.08571428571428572, 0.11428571428571428, 0.6571428571428571], [0.06666666666666667, 0.03333333333333333, 0.0, 0.16666666666666666, 0.06666666666666667, 0.6666666666666666]]"
NVS,Healthcare,LSTM,multiclass,1,0.14562025276310991,0.18090452261306533,-0.0015098230167208849,0.07388544861997857,0.4888888888888889,0.5365853658536586,0.4489795918367347,,,0.5376884422110553,1196,798,199,199,17,"['≤ -0.8%', '(-0.8%,-0.3%]', '(-0.3%,0.0%]', '(0.0%,0.4%]', '(0.4%,0.9%]', '> 0.9%']","[-0.05384797983843148, -0.008499775446484392, -0.003037122564134243, 0.0004935813120475752, 0.0042549465982010615, 0.008762143524434014, 0.04307661589833556]","[[2, 7, 4, 4, 4, 0], [10, 4, 7, 8, 6, 0], [9, 8, 12, 12, 4, 0], [5, 11, 9, 15, 3, 0], [4, 7, 5, 6, 3, 0], [1, 6, 6, 10, 7, 0]]","[[0.09523809523809523, 0.3333333333333333, 0.19047619047619047, 0.19047619047619047, 0.19047619047619047, 0.0], [0.2857142857142857, 0.11428571428571428, 0.2, 0.22857142857142856, 0.17142857142857143, 0.0], [0.2, 0.17777777777777778, 0.26666666666666666, 0.26666666666666666, 0.08888888888888889, 0.0], [0.11627906976744186, 0.2558139534883721, 0.20930232558139536, 0.3488372093023256, 0.06976744186046512, 0.0], [0.16, 0.28, 0.2, 0.24, 0.12, 0.0], [0.03333333333333333, 0.2, 0.2, 0.3333333333333333, 0.23333333333333334, 0.0]]"
ORCL,Technology,LSTM,multiclass,1,0.11498294970161978,0.21105527638190955,-0.005385816996989516,0.0,0.0,0.0,0.0,,,0.4824120603015075,1196,798,199,199,17,"['≤ -1.1%', '(-1.1%,-0.4%]', '(-0.4%,0.0%]', '(0.0%,0.5%]', '(0.5%,1.2%]', '> 1.2%']","[-0.09700869443667892, -0.010566865257103597, -0.004005422660872636, 0.0002693639035479256, 0.005113230324998102, 0.011689877256406281, 0.10179781341107885]","[[1, 7, 3, 0, 0, 0], [0, 16, 15, 0, 0, 0], [4, 25, 25, 0, 0, 0], [4, 29, 18, 0, 0, 0], [3, 21, 15, 0, 0, 0], [0, 7, 6, 0, 0, 0]]","[[0.09090909090909091, 0.6363636363636364, 0.2727272727272727, 0.0, 0.0, 0.0], [0.0, 0.5161290322580645, 0.4838709677419355, 0.0, 0.0, 0.0], [0.07407407407407407, 0.46296296296296297, 0.46296296296296297, 0.0, 0.0, 0.0], [0.0784313725490196, 0.5686274509803921, 0.35294117647058826, 0.0, 0.0, 0.0], [0.07692307692307693, 0.5384615384615384, 0.38461538461538464, 0.0, 0.0, 0.0], [0.0, 0.5384615384615384, 0.46153846153846156, 0.0, 0.0, 0.0]]"
PCG,Utilities,LSTM,multiclass,1,0.1516419925588007,0.21608040201005024,0.0014866670636420427,-0.07090082653590565,0.5267857142857143,0.4796747967479675,0.5841584158415841,,,0.46733668341708545,1196,798,199,199,18,"['≤ -1.0%', '(-1.0%,-0.3%]', '(-0.3%,0.1%]', '(0.1%,0.5%]', '(0.5%,1.1%]', '> 1.1%']","[-0.050301467584722426, -0.010262157466023455, -0.0033079177294589356, 0.0009408053270884009, 0.0052642319749770135, 0.010541275365587577, 0.03378378443598029]","[[0, 4, 2, 6, 5, 0], [1, 5, 7, 11, 14, 0], [1, 4, 10, 11, 17, 0], [2, 3, 10, 20, 17, 0], [0, 5, 14, 4, 8, 0], [0, 3, 5, 7, 3, 0]]","[[0.0, 0.23529411764705882, 0.11764705882352941, 0.35294117647058826, 0.29411764705882354, 0.0], [0.02631578947368421, 0.13157894736842105, 0.18421052631578946, 0.2894736842105263, 0.3684210526315789, 0.0], [0.023255813953488372, 0.09302325581395349, 0.23255813953488372, 0.2558139534883721, 0.3953488372093023, 0.0], [0.038461538461538464, 0.057692307692307696, 0.19230769230769232, 0.38461538461538464, 0.3269230769230769, 0.0], [0.0, 0.16129032258064516, 0.45161290322580644, 0.12903225806451613, 0.25806451612903225, 0.0], [0.0, 0.16666666666666666, 0.2777777777777778, 0.3888888888888889, 0.16666666666666666, 0.0]]"
PCLN,Services,LSTM,multiclass,1,0.07589955782726868,0.1457286432160804,-0.006266997341192288,-0.08721243159083315,0.017543859649122806,0.25,0.00909090909090909,,,0.4371859296482412,1196,798,199,199,24,"['≤ -1.2%', '(-1.2%,-0.5%]', '(-0.5%,0.0%]', '(0.0%,0.6%]', '(0.6%,1.5%]', '> 1.5%']","[-0.0956962533300848, -0.011754735435545529, -0.00496255262496222, 0.00039595783950485686, 0.005745242621844577, 0.014838495598096838, 0.08464907064754867]","[[0, 11, 3, 1, 0, 0], [0, 16, 3, 0, 0, 0], [1, 39, 13, 2, 0, 0], [1, 41, 12, 0, 0, 0], [2, 29, 11, 1, 0, 0], [0, 11, 2, 0, 0, 0]]","[[0.0, 0.7333333333333333, 0.2, 0.06666666666666667, 0.0, 0.0], [0.0, 0.8421052631578947, 0.15789473684210525, 0.0, 0.0, 0.0], [0.01818181818181818, 0.7090909090909091, 0.23636363636363636, 0.03636363636363636, 0.0, 0.0], [0.018518518518518517, 0.7592592592592593, 0.2222222222222222, 0.0, 0.0, 0.0], [0.046511627906976744, 0.6744186046511628, 0.2558139534883721, 0.023255813953488372, 0.0, 0.0], [0.0, 0.8461538461538461, 0.15384615384615385, 0.0, 0.0, 0.0]]"
PEP,Consumer Goods,LSTM,multiclass,1,0.05462341536167039,0.10050251256281408,-0.006121214559093544,0.0,0.0,0.0,0.0,,,0.48743718592964824,1196,798,199,199,19,"['≤ -0.7%', '(-0.7%,-0.3%]', '(-0.3%,0.0%]', '(0.0%,0.4%]', '(0.4%,0.8%]', '> 0.8%']","[-0.04592205714285724, -0.007299002361262538, -0.003085105491013744, 0.00027612586017755625, 0.0036821190483307844, 0.007807566456479804, 0.0326985808877589]","[[12, 5, 0, 0, 0, 0], [21, 8, 0, 0, 0, 0], [30, 21, 0, 0, 0, 0], [28, 18, 0, 0, 0, 0], [17, 9, 0, 0, 0, 0], [24, 6, 0, 0, 0, 0]]","[[0.7058823529411765, 0.29411764705882354, 0.0, 0.0, 0.0, 0.0], [0.7241379310344828, 0.27586206896551724, 0.0, 0.0, 0.0, 0.0], [0.5882352941176471, 0.4117647058823529, 0.0, 0.0, 0.0, 0.0], [0.6086956521739131, 0.391304347826087, 0.0, 0.0, 0.0, 0.0], [0.6538461538461539, 0.34615384615384615, 0.0, 0.0, 0.0, 0.0], [0.8, 0.2, 0.0, 0.0, 0.0, 0.0]]"
PFE,Healthcare,LSTM,multiclass,1,0.15578724391242738,0.19597989949748743,0.001042318589165425,0.052429655523191676,0.5454545454545454,0.5,0.6,,,0.5226130653266332,1196,798,199,199,29,"['≤ -0.8%', '(-0.8%,-0.4%]', '(-0.4%,0.0%]', '(0.0%,0.4%]', '(0.4%,1.0%]', '> 1.0%']","[-0.04469273743016755, -0.008322325470816499, -0.003774445927122877, 0.0, 0.004055481214377967, 0.009674356062527829, 0.04195125203252026]","[[0, 4, 1, 6, 7, 1], [2, 6, 10, 11, 4, 1], [3, 11, 10, 11, 15, 1], [0, 10, 8, 14, 14, 2], [0, 6, 9, 7, 8, 1], [0, 1, 4, 3, 7, 1]]","[[0.0, 0.21052631578947367, 0.05263157894736842, 0.3157894736842105, 0.3684210526315789, 0.05263157894736842], [0.058823529411764705, 0.17647058823529413, 0.29411764705882354, 0.3235294117647059, 0.11764705882352941, 0.029411764705882353], [0.058823529411764705, 0.21568627450980393, 0.19607843137254902, 0.21568627450980393, 0.29411764705882354, 0.0196078431372549], [0.0, 0.20833333333333334, 0.16666666666666666, 0.2916666666666667, 0.2916666666666667, 0.041666666666666664], [0.0, 0.1935483870967742, 0.2903225806451613, 0.22580645161290322, 0.25806451612903225, 0.03225806451612903], [0.0, 0.0625, 0.25, 0.1875, 0.4375, 0.0625]]"
PG,Consumer Goods,LSTM,multiclass,1,0.1540204678362573,0.20603015075376885,-0.0037467926005598593,0.029339775348767447,0.26666666666666666,0.5454545454545454,0.17647058823529413,,,0.5025125628140703,1196,798,199,199,17,"['≤ -0.8%', '(-0.8%,-0.3%]', '(-0.3%,0.0%]', '(0.0%,0.3%]', '(0.3%,0.8%]', '> 0.8%']","[-0.06566510703095352, -0.007645635826569242, -0.0032346355375254925, 6.014684496524758e-05, 0.00335139243374042, 0.008245093889756135, 0.04040660891003611]","[[3, 7, 3, 1, 0, 0], [7, 12, 9, 6, 0, 0], [13, 13, 15, 8, 0, 0], [17, 8, 11, 11, 0, 0], [13, 14, 7, 6, 0, 0], [5, 8, 1, 1, 0, 0]]","[[0.21428571428571427, 0.5, 0.21428571428571427, 0.07142857142857142, 0.0, 0.0], [0.20588235294117646, 0.35294117647058826, 0.2647058823529412, 0.17647058823529413, 0.0, 0.0], [0.2653061224489796, 0.2653061224489796, 0.30612244897959184, 0.16326530612244897, 0.0, 0.0], [0.3617021276595745, 0.1702127659574468, 0.23404255319148937, 0.23404255319148937, 0.0, 0.0], [0.325, 0.35, 0.175, 0.15, 0.0, 0.0], [0.3333333333333333, 0.5333333333333333, 0.06666666666666667, 0.06666666666666667, 0.0, 0.0]]"
PICO,Conglomerates,LSTM,multiclass,1,0.11312460802504566,0.1457286432160804,-0.009802923247477939,0.021562752698707863,0.20634920634920634,0.5416666666666666,0.12745098039215685,,,0.49748743718592964,1196,798,199,199,19,"['≤ -1.6%', '(-1.6%,-0.7%]', '(-0.7%,-0.0%]', '(-0.0%,0.5%]', '(0.5%,1.4%]', '> 1.4%']","[-0.07642725950401752, -0.01649844850554592, -0.00710121207535845, -0.00047809549913035987, 0.0051293351414702145, 0.014278651364157841, 0.09393183707398167]","[[7, 12, 4, 0, 1, 0], [11, 15, 6, 1, 2, 0], [10, 17, 4, 4, 3, 0], [8, 10, 6, 2, 0, 0], [11, 14, 4, 4, 1, 0], [15, 15, 6, 4, 2, 0]]","[[0.2916666666666667, 0.5, 0.16666666666666666, 0.0, 0.041666666666666664, 0.0], [0.3142857142857143, 0.42857142857142855, 0.17142857142857143, 0.02857142857142857, 0.05714285714285714, 0.0], [0.2631578947368421, 0.4473684210526316, 0.10526315789473684, 0.10526315789473684, 0.07894736842105263, 0.0], [0.3076923076923077, 0.38461538461538464, 0.23076923076923078, 0.07692307692307693, 0.0, 0.0], [0.3235294117647059, 0.4117647058823529, 0.11764705882352941, 0.11764705882352941, 0.029411764705882353, 0.0], [0.35714285714285715, 0.35714285714285715, 0.14285714285714285, 0.09523809523809523, 0.047619047619047616, 0.0]]"
PM,Consumer Goods,LSTM,multiclass,1,0.1856954122543878,0.21105527638190955,0.000909003346434124,-0.0032932102020941287,0.5663716814159292,0.5714285714285714,0.5614035087719298,,,0.507537688442211,1196,798,199,199,20,"['≤ -0.8%', '(-0.8%,-0.3%]', '(-0.3%,0.0%]', '(0.0%,0.4%]', '(0.4%,0.9%]', '> 0.9%']","[-0.04021720495862602, -0.007904663153235274, -0.003470390534962825, 0.0, 0.003702166547003019, 0.00887680745968507, 0.0874184341770805]","[[0, 5, 6, 15, 3, 0], [0, 4, 5, 8, 9, 0], [2, 3, 12, 7, 4, 2], [1, 4, 8, 11, 6, 3], [1, 5, 15, 12, 10, 4], [1, 6, 9, 9, 4, 5]]","[[0.0, 0.1724137931034483, 0.20689655172413793, 0.5172413793103449, 0.10344827586206896, 0.0], [0.0, 0.15384615384615385, 0.19230769230769232, 0.3076923076923077, 0.34615384615384615, 0.0], [0.06666666666666667, 0.1, 0.4, 0.23333333333333334, 0.13333333333333333, 0.06666666666666667], [0.030303030303030304, 0.12121212121212122, 0.24242424242424243, 0.3333333333333333, 0.18181818181818182, 0.09090909090909091], [0.02127659574468085, 0.10638297872340426, 0.3191489361702128, 0.2553191489361702, 0.2127659574468085, 0.0851063829787234], [0.029411764705882353, 0.17647058823529413, 0.2647058823529412, 0.2647058823529412, 0.11764705882352941, 0.14705882352941177]]"
PPL,Utilities,LSTM,multiclass,1,0.15576685279197144,0.22613065326633167,-0.0032011402024072627,0.04186153155125115,0.0392156862745098,0.6666666666666666,0.020202020202020204,,,0.507537688442211,1196,798,199,199,31,"['≤ -1.0%', '(-1.0%,-0.4%]', '(-0.4%,0.1%]', '(0.1%,0.5%]', '(0.5%,1.0%]', '> 1.0%']","[-0.04998506655649704, -0.009934537441325442, -0.00360921912644885, 0.0009032479709164543, 0.004792491024021276, 0.010260479919630786, 0.054505970708404794]","[[4, 2, 1, 0, 0, 0], [2, 14, 31, 0, 0, 0], [9, 11, 25, 1, 0, 0], [0, 9, 39, 2, 0, 0], [2, 16, 14, 0, 0, 0], [4, 6, 7, 0, 0, 0]]","[[0.5714285714285714, 0.2857142857142857, 0.14285714285714285, 0.0, 0.0, 0.0], [0.0425531914893617, 0.2978723404255319, 0.6595744680851063, 0.0, 0.0, 0.0], [0.1956521739130435, 0.2391304347826087, 0.5434782608695652, 0.021739130434782608, 0.0, 0.0], [0.0, 0.18, 0.78, 0.04, 0.0, 0.0], [0.0625, 0.5, 0.4375, 0.0, 0.0, 0.0], [0.23529411764705882, 0.35294117647058826, 0.4117647058823529, 0.0, 0.0, 0.0]]"
PTR,Basic Matierials,LSTM,multiclass,1,0.1407635029602993,0.20918367346938777,-0.0035538331736867717,0.008412245438532251,0.4171779141104294,0.4594594594594595,0.38202247191011235,,,0.5153061224489796,1176,784,196,196,18,"['≤ -1.7%', '(-1.7%,-0.8%]', '(-0.8%,-0.1%]', '(-0.1%,0.5%]', '(0.5%,1.3%]', '> 1.3%']","[-0.06942785408872576, -0.016693273343893478, -0.007647314302342445, -0.000583143763210503, 0.005360761003947889, 0.013447206332000243, 0.06844946768778803]","[[1, 2, 3, 0, 1, 0], [4, 6, 10, 16, 1, 0], [4, 14, 23, 18, 4, 0], [2, 6, 16, 10, 4, 0], [2, 7, 12, 12, 1, 0], [1, 3, 6, 6, 1, 0]]","[[0.14285714285714285, 0.2857142857142857, 0.42857142857142855, 0.0, 0.14285714285714285, 0.0], [0.10810810810810811, 0.16216216216216217, 0.2702702702702703, 0.43243243243243246, 0.02702702702702703, 0.0], [0.06349206349206349, 0.2222222222222222, 0.36507936507936506, 0.2857142857142857, 0.06349206349206349, 0.0], [0.05263157894736842, 0.15789473684210525, 0.42105263157894735, 0.2631578947368421, 0.10526315789473684, 0.0], [0.058823529411764705, 0.20588235294117646, 0.35294117647058826, 0.35294117647058826, 0.029411764705882353, 0.0], [0.058823529411764705, 0.17647058823529413, 0.35294117647058826, 0.35294117647058826, 0.058823529411764705, 0.0]]"
RDS-B,Basic Matierials,LSTM,multiclass,1,0.12421332607307035,0.19597989949748743,-0.008045657470281556,0.0,0.0,0.0,0.0,,,0.4824120603015075,1196,798,199,199,17,"['≤ -1.1%', '(-1.1%,-0.4%]', '(-0.4%,0.0%]', '(0.0%,0.4%]', '(0.4%,1.0%]', '> 1.0%']","[-0.07314463622916811, -0.011297653736595916, -0.004422518992058739, 0.00027405025139448647, 0.004223724660995224, 0.010394323351033592, 0.06953119429525034]","[[4, 15, 5, 0, 0, 0], [8, 20, 4, 0, 0, 0], [5, 20, 15, 0, 0, 0], [6, 17, 6, 0, 0, 0], [9, 31, 8, 0, 0, 0], [2, 13, 11, 0, 0, 0]]","[[0.16666666666666666, 0.625, 0.20833333333333334, 0.0, 0.0, 0.0], [0.25, 0.625, 0.125, 0.0, 0.0, 0.0], [0.125, 0.5, 0.375, 0.0, 0.0, 0.0], [0.20689655172413793, 0.5862068965517241, 0.20689655172413793, 0.0, 0.0, 0.0], [0.1875, 0.6458333333333334, 0.16666666666666666, 0.0, 0.0, 0.0], [0.07692307692307693, 0.5, 0.4230769230769231, 0.0, 0.0, 0.0]]"
REX,Conglomerates,LSTM,multiclass,1,0.10541222062961193,0.14795918367346939,-0.02207094700924993,-0.019191772331658235,0.12389380530973451,0.4666666666666667,0.07142857142857142,,,0.49489795918367346,1176,784,196,196,17,"['≤ -2.2%', '(-2.2%,-0.8%]', '(-0.8%,0.0%]', '(0.0%,1.1%]', '(1.1%,2.6%]', '> 2.6%']","[-0.13171040475310836, -0.022432853003868714, -0.00800119287443224, 0.0, 0.010505698005698116, 0.025797968676549595, 0.24145489135527787]","[[15, 2, 2, 1, 0, 0], [17, 6, 3, 4, 0, 0], [36, 6, 3, 3, 0, 0], [36, 7, 6, 5, 0, 0], [20, 6, 1, 1, 0, 0], [12, 3, 0, 1, 0, 0]]","[[0.75, 0.1, 0.1, 0.05, 0.0, 0.0], [0.5666666666666667, 0.2, 0.1, 0.13333333333333333, 0.0, 0.0], [0.75, 0.125, 0.0625, 0.0625, 0.0, 0.0], [0.6666666666666666, 0.12962962962962962, 0.1111111111111111, 0.09259259259259259, 0.0, 0.0], [0.7142857142857143, 0.21428571428571427, 0.03571428571428571, 0.03571428571428571, 0.0, 0.0], [0.75, 0.1875, 0.0, 0.0625, 0.0, 0.0]]"
SLB,Basic Matierials,LSTM,multiclass,1,0.1060387106391949,0.1306532663316583,0.0079124007348133,-0.06652252511191,0.5811320754716981,0.44,0.8555555555555555,,,0.44221105527638194,1196,798,199,199,18,"['≤ -1.3%', '(-1.3%,-0.5%]', '(-0.5%,-0.0%]', '(-0.0%,0.5%]', '(0.5%,1.2%]', '> 1.2%']","[-0.0739144612415572, -0.012687498729708962, -0.00469946497048838, -0.0002742547832241815, 0.005363714148577017, 0.012410386021772577, 0.06421756222983088]","[[0, 0, 1, 3, 7, 9], [0, 0, 6, 7, 21, 19], [0, 0, 4, 9, 14, 9], [0, 0, 9, 7, 15, 15], [0, 1, 1, 3, 8, 14], [0, 0, 2, 2, 6, 7]]","[[0.0, 0.0, 0.05, 0.15, 0.35, 0.45], [0.0, 0.0, 0.11320754716981132, 0.1320754716981132, 0.39622641509433965, 0.3584905660377358], [0.0, 0.0, 0.1111111111111111, 0.25, 0.3888888888888889, 0.25], [0.0, 0.0, 0.1956521739130435, 0.15217391304347827, 0.32608695652173914, 0.32608695652173914], [0.0, 0.037037037037037035, 0.037037037037037035, 0.1111111111111111, 0.2962962962962963, 0.5185185185185185], [0.0, 0.0, 0.11764705882352941, 0.11764705882352941, 0.35294117647058826, 0.4117647058823529]]"
SNP,Basic Matierials,LSTM,multiclass,1,0.0890682526196545,0.17857142857142858,-0.008704929559456757,0.0,0.0,0.0,0.0,,,0.5051020408163265,1176,784,196,196,17,"['≤ -1.5%', '(-1.5%,-0.7%]', '(-0.7%,0.0%]', '(0.0%,0.5%]', '(0.5%,1.3%]', '> 1.3%']","[-0.0719703251049193, -0.015136444754364708, -0.007138182410157734, 0.00014191554626996616, 0.005249041355094519, 0.013450088800341138, 0.08426389577761206]","[[0, 10, 2, 0, 0, 0], [2, 21, 13, 0, 0, 0], [7, 30, 14, 0, 0, 0], [4, 20, 9, 0, 0, 0], [7, 24, 10, 0, 0, 0], [2, 13, 8, 0, 0, 0]]","[[0.0, 0.8333333333333334, 0.16666666666666666, 0.0, 0.0, 0.0], [0.05555555555555555, 0.5833333333333334, 0.3611111111111111, 0.0, 0.0, 0.0], [0.13725490196078433, 0.5882352941176471, 0.27450980392156865, 0.0, 0.0, 0.0], [0.12121212121212122, 0.6060606060606061, 0.2727272727272727, 0.0, 0.0, 0.0], [0.17073170731707318, 0.5853658536585366, 0.24390243902439024, 0.0, 0.0, 0.0], [0.08695652173913043, 0.5652173913043478, 0.34782608695652173, 0.0, 0.0, 0.0]]"
SNY,Healthcare,LSTM,multiclass,1,0.06938733125649015,0.1306532663316583,-0.011874558765035322,0.0,0.0,0.0,0.0,,,0.49246231155778897,1196,798,199,199,16,"['≤ -1.2%', '(-1.2%,-0.5%]', '(-0.5%,0.1%]', '(0.1%,0.6%]', '(0.6%,1.3%]', '> 1.3%']","[-0.08992805755395683, -0.011688745864594842, -0.00469836801084304, 0.000599389193656652, 0.005617519132837512, 0.012694473438425, 0.05555561819507204]","[[13, 9, 0, 0, 0, 0], [23, 13, 0, 0, 0, 0], [28, 12, 0, 0, 0, 0], [27, 18, 0, 0, 0, 0], [21, 6, 0, 0, 0, 0], [16, 13, 0, 0, 0, 0]]","[[0.5909090909090909, 0.4090909090909091, 0.0, 0.0, 0.0, 0.0], [0.6388888888888888, 0.3611111111111111, 0.0, 0.0, 0.0, 0.0], [0.7, 0.3, 0.0, 0.0, 0.0, 0.0], [0.6, 0.4, 0.0, 0.0, 0.0, 0.0], [0.7777777777777778, 0.2222222222222222, 0.0, 0.0, 0.0, 0.0], [0.5517241379310345, 0.4482758620689655, 0.0, 0.0, 0.0, 0.0]]"
SO,Utilities,LSTM,multiclass,1,0.1385500832856823,0.21105527638190955,-0.0023494917168921207,-0.026870581205266773,0.2047244094488189,0.4642857142857143,0.13131313131313133,,,0.49246231155778897,1196,798,199,199,20,"['≤ -0.7%', '(-0.7%,-0.3%]', '(-0.3%,0.0%]', '(0.0%,0.4%]', '(0.4%,0.9%]', '> 0.9%']","[-0.048471551276671465, -0.0074124506472561715, -0.0031489905820420625, 0.0002120078429598271, 0.003825696043756523, 0.008910309001594322, 0.035965952079419106]","[[3, 3, 19, 5, 0, 0], [0, 8, 16, 7, 0, 0], [1, 9, 26, 3, 0, 0], [2, 19, 21, 5, 0, 0], [1, 10, 14, 4, 0, 0], [1, 7, 11, 4, 0, 0]]","[[0.1, 0.1, 0.6333333333333333, 0.16666666666666666, 0.0, 0.0], [0.0, 0.25806451612903225, 0.5161290322580645, 0.22580645161290322, 0.0, 0.0], [0.02564102564102564, 0.23076923076923078, 0.6666666666666666, 0.07692307692307693, 0.0, 0.0], [0.0425531914893617, 0.40425531914893614, 0.44680851063829785, 0.10638297872340426, 0.0, 0.0], [0.034482758620689655, 0.3448275862068966, 0.4827586206896552, 0.13793103448275862, 0.0, 0.0], [0.043478260869565216, 0.30434782608695654, 0.4782608695652174, 0.17391304347826086, 0.0, 0.0]]"
SPLP,Conglomerates,LSTM,multiclass,1,0.05203830242179147,0.1306532663316583,-0.009297583467314647,0.0,0.0,0.0,0.0,,,0.5477386934673367,1196,798,199,199,16,"['≤ -0.8%', '(-0.8%,-0.2%]', '(-0.2%,0.0%]', '(0.0%,0.3%]', '(0.3%,0.8%]', '> 0.8%']","[-0.06267806267806264, -0.007863689961425557, -0.0024096987951807147, 0.0, 0.0030432902147655315, 0.0080754436576624, 0.08020362826225336]","[[23, 4, 0, 0, 0, 0], [44, 3, 0, 0, 0, 0], [34, 1, 0, 0, 0, 0], [20, 0, 0, 0, 0, 0], [19, 8, 0, 0, 0, 0], [35, 8, 0, 0, 0, 0]]","[[0.8518518518518519, 0.14814814814814814, 0.0, 0.0, 0.0, 0.0], [0.9361702127659575, 0.06382978723404255, 0.0, 0.0, 0.0, 0.0], [0.9714285714285714, 0.02857142857142857, 0.0, 0.0, 0.0, 0.0], [1.0, 0.0, 0.0, 0.0, 0.0, 0.0], [0.7037037037037037, 0.2962962962962963, 0.0, 0.0, 0.0, 0.0], [0.813953488372093, 0.18604651162790697, 0.0, 0.0, 0.0, 0.0]]"
SRE,Utilities,LSTM,multiclass,1,0.10188608060948486,0.1507537688442211,-0.0029717722421416237,-0.0512060085241876,0.1746031746031746,0.44,0.10891089108910891,,,0.47738693467336685,1196,798,199,199,19,"['≤ -0.9%', '(-0.9%,-0.3%]', '(-0.3%,0.1%]', '(0.1%,0.5%]', '(0.5%,1.0%]', '> 1.0%']","[-0.05434782608695654, -0.009213437647732192, -0.0032164298767398325, 0.0006378940737230554, 0.00493213693013413, 0.009796720568942577, 0.03717669060851203]","[[1, 3, 12, 2, 1, 0], [3, 10, 21, 2, 1, 0], [2, 16, 16, 8, 0, 0], [1, 19, 19, 2, 0, 0], [7, 5, 17, 4, 1, 0], [4, 4, 14, 4, 0, 0]]","[[0.05263157894736842, 0.15789473684210525, 0.631578947368421, 0.10526315789473684, 0.05263157894736842, 0.0], [0.08108108108108109, 0.2702702702702703, 0.5675675675675675, 0.05405405405405406, 0.02702702702702703, 0.0], [0.047619047619047616, 0.38095238095238093, 0.38095238095238093, 0.19047619047619047, 0.0, 0.0], [0.024390243902439025, 0.4634146341463415, 0.4634146341463415, 0.04878048780487805, 0.0, 0.0], [0.20588235294117646, 0.14705882352941177, 0.5, 0.11764705882352941, 0.029411764705882353, 0.0], [0.15384615384615385, 0.15384615384615385, 0.5384615384615384, 0.15384615384615385, 0.0, 0.0]]"
T,Technology,LSTM,multiclass,1,0.11053681483624034,0.1457286432160804,0.002190533463771696,-0.06380110717271001,0.5394190871369294,0.42483660130718953,0.7386363636363636,,,0.44221105527638194,1196,798,199,199,17,"['≤ -0.9%', '(-0.9%,-0.3%]', '(-0.3%,0.1%]', '(0.1%,0.4%]', '(0.4%,0.8%]', '> 0.8%']","[-0.05025638461538473, -0.008621010711063989, -0.0034180777383667027, 0.0005708582834331732, 0.0038870542833491224, 0.007970950483340067, 0.04169199507936727]","[[0, 1, 6, 12, 7, 1], [0, 1, 4, 15, 12, 1], [0, 3, 8, 19, 18, 3], [0, 0, 6, 9, 13, 1], [0, 5, 3, 8, 10, 0], [0, 4, 5, 7, 16, 1]]","[[0.0, 0.037037037037037035, 0.2222222222222222, 0.4444444444444444, 0.25925925925925924, 0.037037037037037035], [0.0, 0.030303030303030304, 0.12121212121212122, 0.45454545454545453, 0.36363636363636365, 0.030303030303030304], [0.0, 0.058823529411764705, 0.1568627450980392, 0.37254901960784315, 0.35294117647058826, 0.058823529411764705], [0.0, 0.0, 0.20689655172413793, 0.3103448275862069, 0.4482758620689655, 0.034482758620689655], [0.0, 0.19230769230769232, 0.11538461538461539, 0.3076923076923077, 0.38461538461538464, 0.0], [0.0, 0.12121212121212122, 0.15151515151515152, 0.21212121212121213, 0.48484848484848486, 0.030303030303030304]]"
TM,Consumer Goods,LSTM,multiclass,1,0.1717490587947866,0.25125628140703515,0.0011370942135816486,0.09556520909455635,0.55,0.5445544554455446,0.5555555555555556,,,0.5477386934673367,1196,798,199,199,17,"['≤ -1.0%', '(-1.0%,-0.4%]', '(-0.4%,0.0%]', '(0.0%,0.5%]', '(0.5%,1.1%]', '> 1.1%']","[-0.046451120207027685, -0.010342093284596066, -0.004459308899029864, 0.0, 0.004510377231908095, 0.011270483092774414, 0.06408431660463121]","[[0, 3, 8, 5, 4, 0], [0, 4, 14, 13, 7, 1], [1, 3, 21, 9, 7, 0], [1, 4, 15, 11, 9, 0], [0, 2, 16, 15, 14, 0], [0, 4, 2, 2, 4, 0]]","[[0.0, 0.15, 0.4, 0.25, 0.2, 0.0], [0.0, 0.10256410256410256, 0.358974358974359, 0.3333333333333333, 0.1794871794871795, 0.02564102564102564], [0.024390243902439025, 0.07317073170731707, 0.5121951219512195, 0.21951219512195122, 0.17073170731707318, 0.0], [0.025, 0.1, 0.375, 0.275, 0.225, 0.0], [0.0, 0.0425531914893617, 0.3404255319148936, 0.3191489361702128, 0.2978723404255319, 0.0], [0.0, 0.3333333333333333, 0.16666666666666666, 0.16666666666666666, 0.3333333333333333, 0.0]]"
TOT,Basic Matierials,LSTM,multiclass,1,0.09276059557071198,0.1306532663316583,-0.009411722191134252,0.040618119722996164,0.038834951456310676,0.6666666666666666,0.02,,,0.5025125628140703,1196,798,199,199,17,"['≤ -1.3%', '(-1.3%,-0.5%]', '(-0.5%,0.1%]', '(0.1%,0.6%]', '(0.6%,1.2%]', '> 1.2%']","[-0.0687981396451911, -0.013042431887893263, -0.004717303288623742, 0.0007803161318326035, 0.005533763615390706, 0.012146894544226459, 0.06118143459915637]","[[6, 8, 4, 0, 0, 0], [18, 12, 4, 0, 0, 0], [23, 16, 7, 1, 0, 0], [18, 17, 8, 1, 0, 0], [19, 16, 3, 0, 0, 0], [9, 3, 5, 1, 0, 0]]","[[0.3333333333333333, 0.4444444444444444, 0.2222222222222222, 0.0, 0.0, 0.0], [0.5294117647058824, 0.35294117647058826, 0.11764705882352941, 0.0, 0.0, 0.0], [0.48936170212765956, 0.3404255319148936, 0.14893617021276595, 0.02127659574468085, 0.0, 0.0], [0.4090909090909091, 0.38636363636363635, 0.18181818181818182, 0.022727272727272728, 0.0, 0.0], [0.5, 0.42105263157894735, 0.07894736842105263, 0.0, 0.0, 0.0], [0.5, 0.16666666666666666, 0.2777777777777778, 0.05555555555555555, 0.0, 0.0]]"
TSM,Technology,LSTM,multiclass,1,0.0741646809120148,0.1306532663316583,-0.008199263797525018,0.0,0.0,0.0,0.0,,,0.4371859296482412,1196,798,199,199,32,"['≤ -1.2%', '(-1.2%,-0.5%]', '(-0.5%,0.0%]', '(0.0%,0.6%]', '(0.6%,1.4%]', '> 1.4%']","[-0.08888899247214133, -0.011843856602164176, -0.0054201638981925555, 0.0, 0.006313241374582258, 0.013515442012066742, 0.08689459102063579]","[[3, 15, 1, 0, 0, 0], [10, 20, 0, 0, 0, 0], [11, 24, 3, 0, 0, 0], [10, 38, 4, 0, 0, 0], [10, 19, 5, 0, 0, 0], [9, 15, 2, 0, 0, 0]]","[[0.15789473684210525, 0.7894736842105263, 0.05263157894736842, 0.0, 0.0, 0.0], [0.3333333333333333, 0.6666666666666666, 0.0, 0.0, 0.0, 0.0], [0.2894736842105263, 0.631578947368421, 0.07894736842105263, 0.0, 0.0, 0.0], [0.19230769230769232, 0.7307692307692307, 0.07692307692307693, 0.0, 0.0, 0.0], [0.29411764705882354, 0.5588235294117647, 0.14705882352941177, 0.0, 0.0, 0.0], [0.34615384615384615, 0.5769230769230769, 0.07692307692307693, 0.0, 0.0, 0.0]]"
UL,Consumer Goods,LSTM,multiclass,1,0.09018317853457174,0.10552763819095477,-0.0038570180319558154,0.01816718516730615,0.378698224852071,0.5925925925925926,0.2782608695652174,,,0.4723618090452261,1196,798,199,199,22,"['≤ -0.9%', '(-0.9%,-0.3%]', '(-0.3%,0.0%]', '(0.0%,0.4%]', '(0.4%,0.9%]', '> 0.9%']","[-0.04075691313059426, -0.00858671230909545, -0.00338292032452688, 0.0004964796760198453, 0.0037908785512961157, 0.008770282557130452, 0.042913429763084654]","[[7, 0, 1, 1, 0, 6], [19, 2, 2, 2, 0, 6], [27, 4, 0, 0, 4, 3], [25, 2, 2, 1, 2, 5], [24, 3, 1, 3, 1, 8], [19, 3, 4, 1, 1, 10]]","[[0.4666666666666667, 0.0, 0.06666666666666667, 0.06666666666666667, 0.0, 0.4], [0.6129032258064516, 0.06451612903225806, 0.06451612903225806, 0.06451612903225806, 0.0, 0.1935483870967742], [0.7105263157894737, 0.10526315789473684, 0.0, 0.0, 0.10526315789473684, 0.07894736842105263], [0.6756756756756757, 0.05405405405405406, 0.05405405405405406, 0.02702702702702703, 0.05405405405405406, 0.13513513513513514], [0.6, 0.075, 0.025, 0.075, 0.025, 0.2], [0.5, 0.07894736842105263, 0.10526315789473684, 0.02631578947368421, 0.02631578947368421, 0.2631578947368421]]"
UN,Consumer Goods,LSTM,multiclass,1,0.06324489084804233,0.07035175879396985,-0.005505693359931947,-0.00012921231806272183,0.28378378378378377,0.5526315789473685,0.19090909090909092,,,0.46733668341708545,1196,798,199,199,38,"['≤ -0.9%', '(-0.9%,-0.3%]', '(-0.3%,0.0%]', '(0.0%,0.4%]', '(0.4%,0.9%]', '> 0.9%']","[-0.04503916547082609, -0.009321445684456347, -0.0033500223606895622, 0.0004985531194161563, 0.004476541310031018, 0.009032525598984154, 0.051282027318475976]","[[4, 4, 3, 2, 2, 0], [17, 6, 2, 4, 0, 0], [27, 8, 1, 9, 0, 0], [23, 6, 0, 2, 0, 0], [21, 7, 5, 9, 1, 0], [15, 8, 4, 8, 1, 0]]","[[0.26666666666666666, 0.26666666666666666, 0.2, 0.13333333333333333, 0.13333333333333333, 0.0], [0.5862068965517241, 0.20689655172413793, 0.06896551724137931, 0.13793103448275862, 0.0, 0.0], [0.6, 0.17777777777777778, 0.022222222222222223, 0.2, 0.0, 0.0], [0.7419354838709677, 0.1935483870967742, 0.0, 0.06451612903225806, 0.0, 0.0], [0.4883720930232558, 0.16279069767441862, 0.11627906976744186, 0.20930232558139536, 0.023255813953488372, 0.0], [0.4166666666666667, 0.2222222222222222, 0.1111111111111111, 0.2222222222222222, 0.027777777777777776, 0.0]]"
UNH,Healthcare,LSTM,multiclass,1,0.1698135951340157,0.22110552763819097,-0.003079392152893756,0.13677534774064715,0.4358974358974359,0.6181818181818182,0.33663366336633666,,,0.5577889447236181,1196,798,199,199,27,"['≤ -1.1%', '(-1.1%,-0.3%]', '(-0.3%,0.1%]', '(0.1%,0.6%]', '(0.6%,1.2%]', '> 1.2%']","[-0.056460579957356094, -0.011158534007894757, -0.0034894464245985124, 0.001074647836146081, 0.0057276387241591556, 0.012017902217695497, 0.06522723545701803]","[[2, 3, 2, 1, 1, 0], [7, 18, 9, 2, 3, 0], [10, 20, 6, 13, 1, 0], [6, 17, 3, 15, 4, 0], [7, 10, 8, 7, 3, 0], [3, 9, 4, 3, 2, 0]]","[[0.2222222222222222, 0.3333333333333333, 0.2222222222222222, 0.1111111111111111, 0.1111111111111111, 0.0], [0.1794871794871795, 0.46153846153846156, 0.23076923076923078, 0.05128205128205128, 0.07692307692307693, 0.0], [0.2, 0.4, 0.12, 0.26, 0.02, 0.0], [0.13333333333333333, 0.37777777777777777, 0.06666666666666667, 0.3333333333333333, 0.08888888888888889, 0.0], [0.2, 0.2857142857142857, 0.22857142857142856, 0.2, 0.08571428571428572, 0.0], [0.14285714285714285, 0.42857142857142855, 0.19047619047619047, 0.14285714285714285, 0.09523809523809523, 0.0]]"
UPS,Services,LSTM,multiclass,1,0.0980182475027836,0.1457286432160804,-0.005350912152715069,0.0,0.0,0.0,0.0,,,0.48743718592964824,1196,798,199,199,17,"['≤ -0.7%', '(-0.7%,-0.3%]', '(-0.3%,0.1%]', '(0.1%,0.4%]', '(0.4%,0.8%]', '> 0.8%']","[-0.0990809628008752, -0.007209687563167218, -0.0026325615089899035, 0.0007107739568718019, 0.004149211317766057, 0.008409403928847554, 0.05067282220333835]","[[11, 15, 9, 0, 0, 0], [9, 11, 6, 0, 0, 0], [9, 20, 7, 0, 0, 0], [17, 12, 7, 0, 0, 0], [7, 22, 7, 0, 0, 0], [9, 15, 6, 0, 0, 0]]","[[0.3142857142857143, 0.42857142857142855, 0.2571428571428571, 0.0, 0.0, 0.0], [0.34615384615384615, 0.4230769230769231, 0.23076923076923078, 0.0, 0.0, 0.0], [0.25, 0.5555555555555556, 0.19444444444444445, 0.0, 0.0, 0.0], [0.4722222222222222, 0.3333333333333333, 0.19444444444444445, 0.0, 0.0, 0.0], [0.19444444444444445, 0.6111111111111112, 0.19444444444444445, 0.0, 0.0, 0.0], [0.3, 0.5, 0.2, 0.0, 0.0, 0.0]]"
UTX,Industrial Goods,LSTM,multiclass,1,0.10484767025089607,0.20100502512562815,-0.00571185196939576,0.0,0.0,0.0,0.0,,,0.4723618090452261,1196,798,199,199,17,"['≤ -0.9%', '(-0.9%,-0.3%]', '(-0.3%,0.0%]', '(0.0%,0.4%]', '(0.4%,1.0%]', '> 1.0%']","[-0.0703295056934421, -0.009082515767079214, -0.0033570850493530612, 0.00021518708182244328, 0.00413367748134652, 0.009824605971873365, 0.03878326869799231]","[[2, 8, 5, 0, 0, 0], [1, 32, 3, 0, 0, 0], [4, 33, 6, 0, 0, 0], [9, 39, 10, 0, 0, 0], [0, 23, 4, 0, 0, 0], [1, 15, 4, 0, 0, 0]]","[[0.13333333333333333, 0.5333333333333333, 0.3333333333333333, 0.0, 0.0, 0.0], [0.027777777777777776, 0.8888888888888888, 0.08333333333333333, 0.0, 0.0, 0.0], [0.09302325581395349, 0.7674418604651163, 0.13953488372093023, 0.0, 0.0, 0.0], [0.15517241379310345, 0.6724137931034483, 0.1724137931034483, 0.0, 0.0, 0.0], [0.0, 0.8518518518518519, 0.14814814814814814, 0.0, 0.0, 0.0], [0.05, 0.75, 0.2, 0.0, 0.0, 0.0]]"
V,Financial,LSTM,multiclass,1,0.09827120196201532,0.1457286432160804,-0.0057209523050190765,-0.03406053836470705,0.07079646017699115,0.4444444444444444,0.038461538461538464,,,0.4723618090452261,1196,798,199,199,24,"['≤ -1.1%', '(-1.1%,-0.4%]', '(-0.4%,0.1%]', '(0.1%,0.6%]', '(0.6%,1.2%]', '> 1.2%']","[-0.07537613716305602, -0.010539032664079314, -0.00385274765862309, 0.0007429107192755691, 0.005724027455316229, 0.012029091469670829, 0.10244101178717946]","[[5, 5, 4, 2, 0, 0], [6, 16, 3, 0, 0, 0], [13, 31, 7, 2, 0, 1], [18, 26, 7, 1, 0, 0], [8, 23, 5, 0, 0, 0], [2, 8, 3, 0, 3, 0]]","[[0.3125, 0.3125, 0.25, 0.125, 0.0, 0.0], [0.24, 0.64, 0.12, 0.0, 0.0, 0.0], [0.24074074074074073, 0.5740740740740741, 0.12962962962962962, 0.037037037037037035, 0.0, 0.018518518518518517], [0.34615384615384615, 0.5, 0.1346153846153846, 0.019230769230769232, 0.0, 0.0], [0.2222222222222222, 0.6388888888888888, 0.1388888888888889, 0.0, 0.0, 0.0], [0.125, 0.5, 0.1875, 0.0, 0.1875, 0.0]]"
VZ,Technology,LSTM,multiclass,1,0.19779528732779306,0.22613065326633167,0.003991894658921141,0.0074307295395708815,0.5690376569037657,0.4594594594594595,0.7472527472527473,,,0.4824120603015075,1196,798,199,199,18,"['≤ -0.9%', '(-0.9%,-0.4%]', '(-0.4%,0.0%]', '(0.0%,0.4%]', '(0.4%,0.9%]', '> 0.9%']","[-0.04049087768953463, -0.008829777352755107, -0.0038207027954113948, 0.00039790199903444456, 0.004083342914856643, 0.008783287329501658, 0.03816091954022971]","[[0, 3, 4, 15, 2, 6], [0, 3, 3, 15, 4, 8], [0, 5, 10, 13, 7, 10], [0, 5, 5, 10, 2, 7], [0, 0, 3, 11, 8, 10], [0, 1, 9, 3, 3, 14]]","[[0.0, 0.1, 0.13333333333333333, 0.5, 0.06666666666666667, 0.2], [0.0, 0.09090909090909091, 0.09090909090909091, 0.45454545454545453, 0.12121212121212122, 0.24242424242424243], [0.0, 0.1111111111111111, 0.2222222222222222, 0.28888888888888886, 0.15555555555555556, 0.2222222222222222], [0.0, 0.1724137931034483, 0.1724137931034483, 0.3448275862068966, 0.06896551724137931, 0.2413793103448276], [0.0, 0.0, 0.09375, 0.34375, 0.25, 0.3125], [0.0, 0.03333333333333333, 0.3, 0.1, 0.1, 0.4666666666666667]]"
WFC,Financial,LSTM,multiclass,1,0.0989692698385196,0.135678391959799,-0.0010127049984254477,-0.004371107008942433,0.4166666666666667,0.45454545454545453,0.38461538461538464,,,0.507537688442211,1196,798,199,199,17,"['≤ -0.9%', '(-0.9%,-0.3%]', '(-0.3%,0.0%]', '(0.0%,0.5%]', '(0.5%,1.0%]', '> 1.0%']","[-0.05039838705950739, -0.008567261474326368, -0.00329192826189347, 0.00044622001189131844, 0.004691270712604182, 0.010094984283067357, 0.045581747301079556]","[[1, 14, 14, 11, 2, 0], [2, 5, 11, 12, 2, 0], [2, 6, 11, 12, 3, 0], [1, 12, 9, 10, 0, 0], [1, 6, 11, 10, 0, 0], [0, 10, 6, 10, 5, 0]]","[[0.023809523809523808, 0.3333333333333333, 0.3333333333333333, 0.2619047619047619, 0.047619047619047616, 0.0], [0.0625, 0.15625, 0.34375, 0.375, 0.0625, 0.0], [0.058823529411764705, 0.17647058823529413, 0.3235294117647059, 0.35294117647058826, 0.08823529411764706, 0.0], [0.03125, 0.375, 0.28125, 0.3125, 0.0, 0.0], [0.03571428571428571, 0.21428571428571427, 0.39285714285714285, 0.35714285714285715, 0.0, 0.0], [0.0, 0.3225806451612903, 0.1935483870967742, 0.3225806451612903, 0.16129032258064516, 0.0]]"
WMT,Services,LSTM,multiclass,1,0.11623682605427028,0.1507537688442211,-0.00017949437973608718,-0.04055494915039928,0.46153846153846156,0.5294117647058824,0.4090909090909091,,,0.4723618090452261,1196,798,199,199,21,"['≤ -0.8%', '(-0.8%,-0.3%]', '(-0.3%,0.0%]', '(0.0%,0.3%]', '(0.3%,0.8%]', '> 0.8%']","[-0.10040467104429773, -0.0076494808746306155, -0.0033617296610981566, 0.00012787679685888342, 0.0033515521405866125, 0.0080375033617962, 0.04722228714225851]","[[0, 4, 8, 6, 7, 1], [2, 2, 15, 7, 6, 0], [1, 3, 14, 10, 3, 0], [3, 3, 20, 6, 3, 0], [0, 4, 18, 15, 7, 0], [0, 4, 13, 8, 5, 1]]","[[0.0, 0.15384615384615385, 0.3076923076923077, 0.23076923076923078, 0.2692307692307692, 0.038461538461538464], [0.0625, 0.0625, 0.46875, 0.21875, 0.1875, 0.0], [0.03225806451612903, 0.0967741935483871, 0.45161290322580644, 0.3225806451612903, 0.0967741935483871, 0.0], [0.08571428571428572, 0.08571428571428572, 0.5714285714285714, 0.17142857142857143, 0.08571428571428572, 0.0], [0.0, 0.09090909090909091, 0.4090909090909091, 0.3409090909090909, 0.1590909090909091, 0.0], [0.0, 0.12903225806451613, 0.41935483870967744, 0.25806451612903225, 0.16129032258064516, 0.03225806451612903]]"
XOM,Basic Matierials,LSTM,multiclass,1,0.14173822791957175,0.1708542713567839,0.004829608371832554,0.032643557453243176,0.6307692307692307,0.5157232704402516,0.8118811881188119,,,0.5175879396984925,1196,798,199,199,18,"['≤ -0.9%', '(-0.9%,-0.4%]', '(-0.4%,-0.0%]', '(-0.0%,0.4%]', '(0.4%,0.9%]', '> 0.9%']","[-0.047275698625081186, -0.008867337445923495, -0.004047097080716121, -0.00046717593782269473, 0.004113510269992514, 0.009240295187480966, 0.05515938080569627]","[[0, 2, 6, 5, 6, 10], [0, 2, 5, 8, 8, 4], [0, 2, 4, 5, 15, 16], [0, 6, 1, 11, 18, 12], [0, 3, 2, 4, 12, 15], [0, 3, 4, 2, 3, 5]]","[[0.0, 0.06896551724137931, 0.20689655172413793, 0.1724137931034483, 0.20689655172413793, 0.3448275862068966], [0.0, 0.07407407407407407, 0.18518518518518517, 0.2962962962962963, 0.2962962962962963, 0.14814814814814814], [0.0, 0.047619047619047616, 0.09523809523809523, 0.11904761904761904, 0.35714285714285715, 0.38095238095238093], [0.0, 0.125, 0.020833333333333332, 0.22916666666666666, 0.375, 0.25], [0.0, 0.08333333333333333, 0.05555555555555555, 0.1111111111111111, 0.3333333333333333, 0.4166666666666667], [0.0, 0.17647058823529413, 0.23529411764705882, 0.11764705882352941, 0.17647058823529413, 0.29411764705882354]]"
