company,sector,model_type,problem_type,sequence_length,horizon_steps,epoch,train_loss,val_loss,train_samples,val_samples,test_samples
AAPL,Consumer Goods,LSTM,classification,12,5,1,0.6658192042030807,0.7001978207940924,307,73,78
AAPL,Consumer Goods,LSTM,classification,12,5,2,0.5953403014313514,0.70568604338659,307,73,78
AAPL,Consumer Goods,LSTM,classification,12,5,3,0.5755699309929962,0.7116853455974631,307,73,78
AAPL,Consumer Goods,LSTM,classification,12,5,4,0.5339852072516947,0.7219107036721216,307,73,78
AAPL,Consumer Goods,LSTM,classification,12,5,5,0.48748538936776525,0.7269311171688445,307,73,78
AAPL,Consumer Goods,LSTM,classification,12,5,6,0.477482832992504,0.763547807523649,307,73,78
AAPL,Consumer Goods,LSTM,classification,12,5,7,0.450905110626345,0.945762814724282,307,73,78
AAPL,Consumer Goods,LSTM,classification,12,5,8,0.43509678139748714,1.017444024347279,307,73,78
AAPL,Consumer Goods,LSTM,classification,12,5,9,0.40619688352466793,1.2658186857014486,307,73,78
AAPL,Consumer Goods,LSTM,classification,12,5,10,0.40582050834494227,1.470896106876739,307,73,78
AAPL,Consumer Goods,LSTM,classification,12,5,11,0.37650332893533117,1.5374722464443886,307,73,78
AAPL,Consumer Goods,LSTM,classification,12,5,12,0.34351936380715636,1.5861025705729446,307,73,78
AAPL,Consumer Goods,LSTM,classification,12,5,13,0.3598175825435875,1.774000540171584,307,73,78
AAPL,Consumer Goods,LSTM,classification,12,5,14,0.33707391390583025,1.6549035621015993,307,73,78
AAPL,Consumer Goods,LSTM,classification,12,5,15,0.32688473121351064,1.8265062162320909,307,73,78
AAPL,Consumer Goods,LSTM,classification,12,5,16,0.3304613684015864,1.8442506659520816,307,73,78
ABBV,Healthcare,LSTM,classification,12,5,1,0.7056693693865901,0.6916512875329881,184,42,47
ABBV,Healthcare,LSTM,classification,12,5,2,0.6366394628649172,0.6917936518078759,184,42,47
ABBV,Healthcare,LSTM,classification,12,5,3,0.6245858228724935,0.692055710724422,184,42,47
ABBV,Healthcare,LSTM,classification,12,5,4,0.5998146819031757,0.6925882640339079,184,42,47
ABBV,Healthcare,LSTM,classification,12,5,5,0.5905866804330245,0.6952428136553083,184,42,47
ABBV,Healthcare,LSTM,classification,12,5,6,0.5821739875751993,0.7011387944221497,184,42,47
ABBV,Healthcare,LSTM,classification,12,5,7,0.5619291093038477,0.7113199858438402,184,42,47
ABBV,Healthcare,LSTM,classification,12,5,8,0.5367197238880655,0.7323566987400963,184,42,47
ABBV,Healthcare,LSTM,classification,12,5,9,0.5249479490777721,0.7603700870559329,184,42,47
ABBV,Healthcare,LSTM,classification,12,5,10,0.5252844458040984,0.8082905638785589,184,42,47
ABBV,Healthcare,LSTM,classification,12,5,11,0.5113602747087893,0.8909911343029567,184,42,47
ABBV,Healthcare,LSTM,classification,12,5,12,0.5056107251540475,0.9541908743835631,184,42,47
ABBV,Healthcare,LSTM,classification,12,5,13,0.4848291381545689,0.9904405474662781,184,42,47
ABBV,Healthcare,LSTM,classification,12,5,14,0.4944708580556123,1.0278554189772833,184,42,47
ABBV,Healthcare,LSTM,classification,12,5,15,0.481177296327508,1.0552048569633847,184,42,47
ABBV,Healthcare,LSTM,classification,12,5,16,0.48503571100856946,1.1145814586253393,184,42,47
AMGN,Healthcare,LSTM,classification,12,5,1,0.7246674683081542,0.6976197578690269,191,44,48
AMGN,Healthcare,LSTM,classification,12,5,2,0.6747204929746259,0.691618101163344,191,44,48
AMGN,Healthcare,LSTM,classification,12,5,3,0.645722981834911,0.6844196753068403,191,44,48
AMGN,Healthcare,LSTM,classification,12,5,4,0.6342059451872142,0.6783995194868608,191,44,48
AMGN,Healthcare,LSTM,classification,12,5,5,0.6107541016883251,0.669831243428317,191,44,48
AMGN,Healthcare,LSTM,classification,12,5,6,0.6022215885017554,0.6587154323404486,191,44,48
AMGN,Healthcare,LSTM,classification,12,5,7,0.5750741899325585,0.6540360992605035,191,44,48
AMGN,Healthcare,LSTM,classification,12,5,8,0.5708578537896042,0.6660519106821581,191,44,48
AMGN,Healthcare,LSTM,classification,12,5,9,0.5498934129145757,0.6861908869309858,191,44,48
AMGN,Healthcare,LSTM,classification,12,5,10,0.5159335537418646,0.7422587410970167,191,44,48
AMGN,Healthcare,LSTM,classification,12,5,11,0.509414333947666,0.851492781530727,191,44,48
AMGN,Healthcare,LSTM,classification,12,5,12,0.4935048815467595,1.0235758450898258,191,44,48
AMGN,Healthcare,LSTM,classification,12,5,13,0.49156171520343,1.1383042010394009,191,44,48
AMGN,Healthcare,LSTM,classification,12,5,14,0.45314393898579464,1.0655746974728324,191,44,48
AMGN,Healthcare,LSTM,classification,12,5,15,0.4509375151539348,1.1627668657086112,191,44,48
AMGN,Healthcare,LSTM,classification,12,5,16,0.4472428373017236,1.2212640263817527,191,44,48
AMGN,Healthcare,LSTM,classification,12,5,17,0.44232802849789565,1.267732780088078,191,44,48
AMGN,Healthcare,LSTM,classification,12,5,18,0.41003149295352515,1.2792460403659127,191,44,48
AMGN,Healthcare,LSTM,classification,12,5,19,0.4244648773632749,1.3148118067871442,191,44,48
AMGN,Healthcare,LSTM,classification,12,5,20,0.38725542335610114,1.4091855748133226,191,44,48
AMGN,Healthcare,LSTM,classification,12,5,21,0.4046702776591815,1.3895011327483437,191,44,48
AMGN,Healthcare,LSTM,classification,12,5,22,0.36885951514019394,1.4026143794709987,191,44,48
AMZN,Services,LSTM,classification,12,5,1,0.6899159388288707,0.7423574815333729,301,71,76
AMZN,Services,LSTM,classification,12,5,2,0.6428216731429496,0.7560566353126311,301,71,76
AMZN,Services,LSTM,classification,12,5,3,0.6157663258603245,0.7348457146698321,301,71,76
AMZN,Services,LSTM,classification,12,5,4,0.6043445652109444,0.748716736343545,301,71,76
AMZN,Services,LSTM,classification,12,5,5,0.5835417895222027,0.7916992827200554,301,71,76
AMZN,Services,LSTM,classification,12,5,6,0.5649984797766042,0.709447916124908,301,71,76
AMZN,Services,LSTM,classification,12,5,7,0.5469558737998785,0.8034790888638563,301,71,76
AMZN,Services,LSTM,classification,12,5,8,0.528741280303841,0.7183526527713722,301,71,76
AMZN,Services,LSTM,classification,12,5,9,0.519761193036241,0.7101770660407106,301,71,76
AMZN,Services,LSTM,classification,12,5,10,0.503384527771972,0.7407414543796593,301,71,76
AMZN,Services,LSTM,classification,12,5,11,0.4688745685590066,0.9112297968125679,301,71,76
AMZN,Services,LSTM,classification,12,5,12,0.4500865396669141,1.0957091303778366,301,71,76
AMZN,Services,LSTM,classification,12,5,13,0.478566772914012,1.1374023951275247,301,71,76
AMZN,Services,LSTM,classification,12,5,14,0.4432432692114301,0.6831381761691939,301,71,76
AMZN,Services,LSTM,classification,12,5,15,0.4180685833245021,0.9226486901162376,301,71,76
AMZN,Services,LSTM,classification,12,5,16,0.42787809882845196,0.9651799663691454,301,71,76
AMZN,Services,LSTM,classification,12,5,17,0.4051792185963982,1.0251746454709012,301,71,76
AMZN,Services,LSTM,classification,12,5,18,0.39738241442018174,0.7921017013805013,301,71,76
AMZN,Services,LSTM,classification,12,5,19,0.37435576517716596,0.9476457137457082,301,71,76
AMZN,Services,LSTM,classification,12,5,20,0.37008035564145375,0.9924146574987492,301,71,76
AMZN,Services,LSTM,classification,12,5,21,0.3566217284860009,0.9199290880015198,301,71,76
AMZN,Services,LSTM,classification,12,5,22,0.34010503775257606,1.0653899270044247,301,71,76
AMZN,Services,LSTM,classification,12,5,23,0.319104913040451,1.0277300989124136,301,71,76
AMZN,Services,LSTM,classification,12,5,24,0.29852236490511025,1.0671729856813457,301,71,76
AMZN,Services,LSTM,classification,12,5,25,0.28945401902511664,1.1451776783231278,301,71,76
AMZN,Services,LSTM,classification,12,5,26,0.2751420265762909,1.121422718948042,301,71,76
AMZN,Services,LSTM,classification,12,5,27,0.2770048316035952,1.0828575315609785,301,71,76
AMZN,Services,LSTM,classification,12,5,28,0.2963429350789599,1.24473143295503,301,71,76
AMZN,Services,LSTM,classification,12,5,29,0.29424338864527666,1.3371027439412937,301,71,76
BA,Industrial Goods,LSTM,classification,12,5,1,0.6974471593366086,0.6902460126166649,206,47,52
BA,Industrial Goods,LSTM,classification,12,5,2,0.6335870374753637,0.6897867537559347,206,47,52
BA,Industrial Goods,LSTM,classification,12,5,3,0.6091312112160099,0.6898196948335525,206,47,52
BA,Industrial Goods,LSTM,classification,12,5,4,0.5769975202754863,0.6954891136352052,206,47,52
BA,Industrial Goods,LSTM,classification,12,5,5,0.5730932424369367,0.7171594069359151,206,47,52
BA,Industrial Goods,LSTM,classification,12,5,6,0.5595536735451337,0.7617935424155378,206,47,52
BA,Industrial Goods,LSTM,classification,12,5,7,0.5185356001252109,0.8634465222663068,206,47,52
BA,Industrial Goods,LSTM,classification,12,5,8,0.5452990630297985,1.068254681343728,206,47,52
BA,Industrial Goods,LSTM,classification,12,5,9,0.5036231354602332,1.329224965673812,206,47,52
BA,Industrial Goods,LSTM,classification,12,5,10,0.4876187999271652,1.597605641852034,206,47,52
BA,Industrial Goods,LSTM,classification,12,5,11,0.47136599346271996,1.8747224148283614,206,47,52
BA,Industrial Goods,LSTM,classification,12,5,12,0.4718747688728629,2.1665118628359856,206,47,52
BA,Industrial Goods,LSTM,classification,12,5,13,0.4449965652910251,2.472254233157381,206,47,52
BA,Industrial Goods,LSTM,classification,12,5,14,0.45554918976663383,2.598158983474082,206,47,52
BA,Industrial Goods,LSTM,classification,12,5,15,0.4433429663621106,2.608704673483017,206,47,52
BA,Industrial Goods,LSTM,classification,12,5,16,0.4319734000465245,2.740441601327125,206,47,52
BA,Industrial Goods,LSTM,classification,12,5,17,0.44019871718675185,2.824245424980813,206,47,52
BABA,Services,LSTM,classification,12,5,1,0.7662780159398129,0.6808131196919609,152,34,49
BABA,Services,LSTM,classification,12,5,2,0.696010200600875,0.6792315560228684,152,34,49
BABA,Services,LSTM,classification,12,5,3,0.659654300463827,0.6785069388501784,152,34,49
BABA,Services,LSTM,classification,12,5,4,0.623734784753699,0.6770297709633323,152,34,49
BABA,Services,LSTM,classification,12,5,5,0.5982360055572108,0.6738612371332505,152,34,49
BABA,Services,LSTM,classification,12,5,6,0.5600029386972126,0.6717361772761625,152,34,49
BABA,Services,LSTM,classification,12,5,7,0.5043297833517978,0.679288445150151,152,34,49
BABA,Services,LSTM,classification,12,5,8,0.49377948516293574,0.7001014667398789,152,34,49
BABA,Services,LSTM,classification,12,5,9,0.46271668609819916,0.7437161557814654,152,34,49
BABA,Services,LSTM,classification,12,5,10,0.44023379997203227,0.801927296554341,152,34,49
BABA,Services,LSTM,classification,12,5,11,0.40354458125014053,0.9305680885034449,152,34,49
BABA,Services,LSTM,classification,12,5,12,0.37671750313357305,1.1849438863642074,152,34,49
BABA,Services,LSTM,classification,12,5,13,0.3568773473563947,1.5226071021136116,152,34,49
BABA,Services,LSTM,classification,12,5,14,0.3341602447785829,2.0719212083255543,152,34,49
BABA,Services,LSTM,classification,12,5,15,0.33472586776080887,2.458211618311265,152,34,49
BABA,Services,LSTM,classification,12,5,16,0.3230504911196859,2.7178267310647404,152,34,49
BABA,Services,LSTM,classification,12,5,17,0.31020630503955643,3.413439582375919,152,34,49
BABA,Services,LSTM,classification,12,5,18,0.28968330276639837,4.091768040376551,152,34,49
BABA,Services,LSTM,classification,12,5,19,0.29130182768169205,4.0138554292566635,152,34,49
BABA,Services,LSTM,classification,12,5,20,0.26859848985546514,4.013594402986414,152,34,49
BABA,Services,LSTM,classification,12,5,21,0.275205292984059,4.559668036068187,152,34,49
BAC,Financial,LSTM,classification,12,5,1,0.7035860925592402,0.6931419228062485,279,66,70
BAC,Financial,LSTM,classification,12,5,2,0.6346181628951889,0.6740734866171172,279,66,70
BAC,Financial,LSTM,classification,12,5,3,0.6326309713838776,0.6492773655689124,279,66,70
BAC,Financial,LSTM,classification,12,5,4,0.5938528235667923,0.6308409011725223,279,66,70
BAC,Financial,LSTM,classification,12,5,5,0.5855177480687377,0.6361130403749871,279,66,70
BAC,Financial,LSTM,classification,12,5,6,0.556961039808916,0.6979835033416748,279,66,70
BAC,Financial,LSTM,classification,12,5,7,0.5397572405235742,0.890254764845877,279,66,70
BAC,Financial,LSTM,classification,12,5,8,0.5116917941732646,0.9110748767852783,279,66,70
BAC,Financial,LSTM,classification,12,5,9,0.49726385262704664,1.1184069243344394,279,66,70
BAC,Financial,LSTM,classification,12,5,10,0.49170488525035133,1.0238250096638997,279,66,70
BAC,Financial,LSTM,classification,12,5,11,0.4715740480944247,1.371701428384492,279,66,70
BAC,Financial,LSTM,classification,12,5,12,0.45814563766602545,1.2134610378380977,279,66,70
BAC,Financial,LSTM,classification,12,5,13,0.44695684612865516,1.2197648106199321,279,66,70
BAC,Financial,LSTM,classification,12,5,14,0.42645377817974295,1.3137043100414854,279,66,70
BAC,Financial,LSTM,classification,12,5,15,0.4042122791317629,1.2983494960900508,279,66,70
BAC,Financial,LSTM,classification,12,5,16,0.40174215551345577,1.2998558246728145,279,66,70
BAC,Financial,LSTM,classification,12,5,17,0.39810017370835854,1.4199570959264582,279,66,70
BAC,Financial,LSTM,classification,12,5,18,0.3980821238623725,1.2164108247467966,279,66,70
BAC,Financial,LSTM,classification,12,5,19,0.3731140652437791,1.2667779994733406,279,66,70
BHP,Basic Matierials,LSTM,classification,12,5,1,0.7021474995703068,0.7012195587158203,106,22,45
BHP,Basic Matierials,LSTM,classification,12,5,2,0.6505753960249558,0.7026481628417969,106,22,45
BHP,Basic Matierials,LSTM,classification,12,5,3,0.6060583344045675,0.7045081853866577,106,22,45
BHP,Basic Matierials,LSTM,classification,12,5,4,0.6098162093252506,0.7091319561004639,106,22,45
BHP,Basic Matierials,LSTM,classification,12,5,5,0.5883597945267299,0.7159149646759033,106,22,45
BHP,Basic Matierials,LSTM,classification,12,5,6,0.5597825837585161,0.7245082259178162,106,22,45
BHP,Basic Matierials,LSTM,classification,12,5,7,0.5434312887911527,0.7342279553413391,106,22,45
BHP,Basic Matierials,LSTM,classification,12,5,8,0.5251212153794631,0.7453001141548157,106,22,45
BHP,Basic Matierials,LSTM,classification,12,5,9,0.5391823660652593,0.7604283690452576,106,22,45
BHP,Basic Matierials,LSTM,classification,12,5,10,0.5408268222269023,0.7713603973388672,106,22,45
BHP,Basic Matierials,LSTM,classification,12,5,11,0.5065222821145687,0.7850106954574585,106,22,45
BHP,Basic Matierials,LSTM,classification,12,5,12,0.5254984430547031,0.8050840497016907,106,22,45
BHP,Basic Matierials,LSTM,classification,12,5,13,0.5286025562376346,0.8278625011444092,106,22,45
BHP,Basic Matierials,LSTM,classification,12,5,14,0.506217452715028,0.8690803050994873,106,22,45
BHP,Basic Matierials,LSTM,classification,12,5,15,0.48004237885745066,0.9054163098335266,106,22,45
BHP,Basic Matierials,LSTM,classification,12,5,16,0.4890322797703293,0.9306617975234985,106,22,45
BP,Basic Matierials,LSTM,classification,12,5,1,0.700890876307632,0.6907978992204409,165,37,42
BP,Basic Matierials,LSTM,classification,12,5,2,0.6056702588543748,0.6903650599557001,165,37,42
BP,Basic Matierials,LSTM,classification,12,5,3,0.5528487584807656,0.6927302689165682,165,37,42
BP,Basic Matierials,LSTM,classification,12,5,4,0.5558125772259452,0.7012968651346259,165,37,42
BP,Basic Matierials,LSTM,classification,12,5,5,0.5216484252250556,0.7211595660931355,165,37,42
BP,Basic Matierials,LSTM,classification,12,5,6,0.5020685495752277,0.763050260576042,165,37,42
BP,Basic Matierials,LSTM,classification,12,5,7,0.4673944023522464,0.8445808210888425,165,37,42
BP,Basic Matierials,LSTM,classification,12,5,8,0.4528403634374792,1.0298243277781718,165,37,42
BP,Basic Matierials,LSTM,classification,12,5,9,0.44110897273728344,1.382159532274346,165,37,42
BP,Basic Matierials,LSTM,classification,12,5,10,0.41336493076700154,1.7853068739012186,165,37,42
BP,Basic Matierials,LSTM,classification,12,5,11,0.38480311857931543,2.0067362556598978,165,37,42
BP,Basic Matierials,LSTM,classification,12,5,12,0.4042893283294909,2.2025512989116454,165,37,42
BP,Basic Matierials,LSTM,classification,12,5,13,0.38078908649357884,2.361509464927351,165,37,42
BP,Basic Matierials,LSTM,classification,12,5,14,0.3819416111165827,2.406263514779779,165,37,42
BP,Basic Matierials,LSTM,classification,12,5,15,0.3633523730617581,2.564248102693504,165,37,42
BP,Basic Matierials,LSTM,classification,12,5,16,0.3648581722469041,2.6985014280810877,165,37,42
BP,Basic Matierials,LSTM,classification,12,5,17,0.3624467170599735,2.837629241754208,165,37,42
C,Financial,LSTM,classification,12,5,1,0.6532248825046187,0.6970875624454382,282,66,71
C,Financial,LSTM,classification,12,5,2,0.5798879358785373,0.678979451006109,282,66,71
C,Financial,LSTM,classification,12,5,3,0.57158188997431,0.6672236287232601,282,66,71
C,Financial,LSTM,classification,12,5,4,0.5523761612303714,0.6578270811023135,282,66,71
C,Financial,LSTM,classification,12,5,5,0.5219825700665197,0.6783138766433253,282,66,71
C,Financial,LSTM,classification,12,5,6,0.5060131034107073,0.8534354549465757,282,66,71
C,Financial,LSTM,classification,12,5,7,0.47620729605356854,1.100502610206604,282,66,71
C,Financial,LSTM,classification,12,5,8,0.45832926056063766,1.2603241819323916,282,66,71
C,Financial,LSTM,classification,12,5,9,0.45096327649786117,1.4342311801332417,282,66,71
C,Financial,LSTM,classification,12,5,10,0.4185012321100167,1.6580122167413884,282,66,71
C,Financial,LSTM,classification,12,5,11,0.4049081567754137,1.8775816975217876,282,66,71
C,Financial,LSTM,classification,12,5,12,0.4067029006092261,1.9969106731992778,282,66,71
C,Financial,LSTM,classification,12,5,13,0.3741679018270885,2.0531971960356743,282,66,71
C,Financial,LSTM,classification,12,5,14,0.35523507590834974,1.9865270961414685,282,66,71
C,Financial,LSTM,classification,12,5,15,0.34857714091632386,1.7428400733254172,282,66,71
C,Financial,LSTM,classification,12,5,16,0.3560152347628952,1.7223053267507842,282,66,71
C,Financial,LSTM,classification,12,5,17,0.3235806772049437,1.57699475143895,282,66,71
C,Financial,LSTM,classification,12,5,18,0.3242737828417027,1.6671099373788545,282,66,71
C,Financial,LSTM,classification,12,5,19,0.312728208007542,1.5889205932617188,282,66,71
CAT,Industrial Goods,LSTM,classification,12,5,1,0.6968147939649122,0.7123416765876438,203,46,51
CAT,Industrial Goods,LSTM,classification,12,5,2,0.6544453724851749,0.7216945316480554,203,46,51
CAT,Industrial Goods,LSTM,classification,12,5,3,0.6426339252241726,0.7358803982320039,203,46,51
CAT,Industrial Goods,LSTM,classification,12,5,4,0.6300865056479505,0.7631250438482865,203,46,51
CAT,Industrial Goods,LSTM,classification,12,5,5,0.6101328451645198,0.8182630383450052,203,46,51
CAT,Industrial Goods,LSTM,classification,12,5,6,0.5990506713026262,0.9140736616176107,203,46,51
CAT,Industrial Goods,LSTM,classification,12,5,7,0.5815116428389338,1.0485664450603982,203,46,51
CAT,Industrial Goods,LSTM,classification,12,5,8,0.5512168786208618,1.313172635824784,203,46,51
CAT,Industrial Goods,LSTM,classification,12,5,9,0.5429294614369059,1.703096047691677,203,46,51
CAT,Industrial Goods,LSTM,classification,12,5,10,0.5224503334519899,1.9679358057353808,203,46,51
CAT,Industrial Goods,LSTM,classification,12,5,11,0.5254708032302668,2.2089524476424507,203,46,51
CAT,Industrial Goods,LSTM,classification,12,5,12,0.4997341538884957,2.498972633610601,203,46,51
CAT,Industrial Goods,LSTM,classification,12,5,13,0.5043980256090024,2.657511939173159,203,46,51
CAT,Industrial Goods,LSTM,classification,12,5,14,0.502531315892788,2.528274038563604,203,46,51
CAT,Industrial Goods,LSTM,classification,12,5,15,0.48607931788919007,2.4954939406851064,203,46,51
CAT,Industrial Goods,LSTM,classification,12,5,16,0.47461087509916333,2.5089089766792627,203,46,51
CELG,Healthcare,LSTM,classification,12,5,1,0.6693072614506779,0.691462881035275,234,54,59
CELG,Healthcare,LSTM,classification,12,5,2,0.6148543008881756,0.6807307821732981,234,54,59
CELG,Healthcare,LSTM,classification,12,5,3,0.5931820563780956,0.6693158392552976,234,54,59
CELG,Healthcare,LSTM,classification,12,5,4,0.5627988645663629,0.6512590735046951,234,54,59
CELG,Healthcare,LSTM,classification,12,5,5,0.5339864031371907,0.6263175783333955,234,54,59
CELG,Healthcare,LSTM,classification,12,5,6,0.5140745678009131,0.6196865770551894,234,54,59
CELG,Healthcare,LSTM,classification,12,5,7,0.5034543522912213,0.6628665990299649,234,54,59
CELG,Healthcare,LSTM,classification,12,5,8,0.46642056132993126,0.7947348599080686,234,54,59
CELG,Healthcare,LSTM,classification,12,5,9,0.4482315974867242,1.073961083535795,234,54,59
CELG,Healthcare,LSTM,classification,12,5,10,0.4542408346110939,1.17275544890651,234,54,59
CELG,Healthcare,LSTM,classification,12,5,11,0.4308898222242665,1.113371612849059,234,54,59
CELG,Healthcare,LSTM,classification,12,5,12,0.4226970287979159,1.4623977696454082,234,54,59
CELG,Healthcare,LSTM,classification,12,5,13,0.4178585145208571,1.360391409308822,234,54,59
CELG,Healthcare,LSTM,classification,12,5,14,0.3891636850232752,1.3743615724422313,234,54,59
CELG,Healthcare,LSTM,classification,12,5,15,0.3746298215328119,1.4738316138585408,234,54,59
CELG,Healthcare,LSTM,classification,12,5,16,0.4053652427899532,1.5379791701281513,234,54,59
CELG,Healthcare,LSTM,classification,12,5,17,0.3525086725369478,1.572020791195057,234,54,59
CELG,Healthcare,LSTM,classification,12,5,18,0.35832857385150385,1.6297211647033691,234,54,59
CELG,Healthcare,LSTM,classification,12,5,19,0.3404989577511437,1.596958080927531,234,54,59
CELG,Healthcare,LSTM,classification,12,5,20,0.33541889399544805,1.6047825415929158,234,54,59
CELG,Healthcare,LSTM,classification,12,5,21,0.33801346042981517,1.5848675436443753,234,54,59
CMCSA,Services,LSTM,classification,12,5,1,0.7365218969278557,0.7319530905821384,172,39,44
CMCSA,Services,LSTM,classification,12,5,2,0.6250512974206791,0.7433370168392475,172,39,44
CMCSA,Services,LSTM,classification,12,5,3,0.5984809578851212,0.7602397127029223,172,39,44
CMCSA,Services,LSTM,classification,12,5,4,0.5875008314154869,0.7907279332478842,172,39,44
CMCSA,Services,LSTM,classification,12,5,5,0.5698256374791612,0.8496307669541775,172,39,44
CMCSA,Services,LSTM,classification,12,5,6,0.549105586007584,0.9325732298386402,172,39,44
CMCSA,Services,LSTM,classification,12,5,7,0.5478496891121531,1.0369058419496586,172,39,44
CMCSA,Services,LSTM,classification,12,5,8,0.502194745596065,1.2612692484488854,172,39,44
CMCSA,Services,LSTM,classification,12,5,9,0.5166683217813802,1.600333482791216,172,39,44
CMCSA,Services,LSTM,classification,12,5,10,0.5055796413920647,1.905894310046465,172,39,44
CMCSA,Services,LSTM,classification,12,5,11,0.48206639359163683,2.1943555367298617,172,39,44
CMCSA,Services,LSTM,classification,12,5,12,0.5011940161849178,2.4348067625975,172,39,44
CMCSA,Services,LSTM,classification,12,5,13,0.47083054794821627,2.750958088116768,172,39,44
CMCSA,Services,LSTM,classification,12,5,14,0.4696645993132924,2.9414615692236485,172,39,44
CMCSA,Services,LSTM,classification,12,5,15,0.4640877309233643,2.9677362686548476,172,39,44
CMCSA,Services,LSTM,classification,12,5,16,0.44464787771535474,3.0983941432757254,172,39,44
CSCO,Technology,LSTM,classification,12,5,1,0.68074004027088,0.6923929505180895,243,57,62
CSCO,Technology,LSTM,classification,12,5,2,0.612939552515132,0.6866338577186852,243,57,62
CSCO,Technology,LSTM,classification,12,5,3,0.5815864031206924,0.6796861615097314,243,57,62
CSCO,Technology,LSTM,classification,12,5,4,0.5777697261468864,0.674011296347568,243,57,62
CSCO,Technology,LSTM,classification,12,5,5,0.5479118355507713,0.6734430078874555,243,57,62
CSCO,Technology,LSTM,classification,12,5,6,0.5346843710652104,0.6766364992710582,243,57,62
CSCO,Technology,LSTM,classification,12,5,7,0.5182939672175749,0.6804323060470715,243,57,62
CSCO,Technology,LSTM,classification,12,5,8,0.4964929037869222,0.7806985022728903,243,57,62
CSCO,Technology,LSTM,classification,12,5,9,0.48996599503014804,0.9472726865818626,243,57,62
CSCO,Technology,LSTM,classification,12,5,10,0.48345785683074605,0.8920207891547889,243,57,62
CSCO,Technology,LSTM,classification,12,5,11,0.4400454387988573,0.9048278091246622,243,57,62
CSCO,Technology,LSTM,classification,12,5,12,0.42748771356457055,0.9792516900782,243,57,62
CSCO,Technology,LSTM,classification,12,5,13,0.40721296847111893,1.0081083628169276,243,57,62
CSCO,Technology,LSTM,classification,12,5,14,0.39710204432040086,0.9078225137894613,243,57,62
CSCO,Technology,LSTM,classification,12,5,15,0.37993201588897546,1.0035519129351567,243,57,62
CSCO,Technology,LSTM,classification,12,5,16,0.3550064133273231,1.0456719210273342,243,57,62
CSCO,Technology,LSTM,classification,12,5,17,0.38103585306999616,0.9523613201944452,243,57,62
CSCO,Technology,LSTM,classification,12,5,18,0.3711480378123468,0.9184053331090692,243,57,62
CSCO,Technology,LSTM,classification,12,5,19,0.3490513985049087,0.9922684221936945,243,57,62
CSCO,Technology,LSTM,classification,12,5,20,0.33947889255398095,0.9847736337728668,243,57,62
CVX,Basic Matierials,LSTM,classification,12,5,1,0.6752385980145061,0.6897534034690078,211,49,53
CVX,Basic Matierials,LSTM,classification,12,5,2,0.6182021043876901,0.688358735065071,211,49,53
CVX,Basic Matierials,LSTM,classification,12,5,3,0.6063347317596183,0.6924549268216503,211,49,53
CVX,Basic Matierials,LSTM,classification,12,5,4,0.5702170687264175,0.7152583136850473,211,49,53
CVX,Basic Matierials,LSTM,classification,12,5,5,0.5549211598120595,0.7684429275746248,211,49,53
CVX,Basic Matierials,LSTM,classification,12,5,6,0.5258215742088607,0.8763966195437373,211,49,53
CVX,Basic Matierials,LSTM,classification,12,5,7,0.5199226903689416,1.0570399895006297,211,49,53
CVX,Basic Matierials,LSTM,classification,12,5,8,0.48754598970096824,1.4158495980866102,211,49,53
CVX,Basic Matierials,LSTM,classification,12,5,9,0.47683123869918537,1.9071275506700789,211,49,53
CVX,Basic Matierials,LSTM,classification,12,5,10,0.4610098168183277,2.424247980117798,211,49,53
CVX,Basic Matierials,LSTM,classification,12,5,11,0.4477224304777751,2.821272828141037,211,49,53
CVX,Basic Matierials,LSTM,classification,12,5,12,0.44286094203379484,3.156697608986679,211,49,53
CVX,Basic Matierials,LSTM,classification,12,5,13,0.43023559973703174,3.310472758448854,211,49,53
CVX,Basic Matierials,LSTM,classification,12,5,14,0.4357476782459783,3.403211846643565,211,49,53
CVX,Basic Matierials,LSTM,classification,12,5,15,0.4227678897256535,3.315160654029068,211,49,53
CVX,Basic Matierials,LSTM,classification,12,5,16,0.3968147797889619,3.159116056500649,211,49,53
CVX,Basic Matierials,LSTM,classification,12,5,17,0.4021911210075939,3.2235860435330137,211,49,53
D,Utilities,LSTM,classification,12,5,1,0.6535450731004987,0.6707961414799546,280,66,71
D,Utilities,LSTM,classification,12,5,2,0.5967840484210423,0.6577377156777815,280,66,71
D,Utilities,LSTM,classification,12,5,3,0.5582317130906241,0.6428682153875177,280,66,71
D,Utilities,LSTM,classification,12,5,4,0.5265003425734384,0.6204846916776715,280,66,71
D,Utilities,LSTM,classification,12,5,5,0.5172233683722359,0.6035236734332461,280,66,71
D,Utilities,LSTM,classification,12,5,6,0.4886783378464835,0.624344320008249,280,66,71
D,Utilities,LSTM,classification,12,5,7,0.4900581989969526,0.6759764931418679,280,66,71
D,Utilities,LSTM,classification,12,5,8,0.47501365286963326,0.7903793792832982,280,66,71
D,Utilities,LSTM,classification,12,5,9,0.45956407955714634,0.8527075305129542,280,66,71
D,Utilities,LSTM,classification,12,5,10,0.4379272741930825,0.9038290056315336,280,66,71
D,Utilities,LSTM,classification,12,5,11,0.42748959490231103,1.062267034794345,280,66,71
D,Utilities,LSTM,classification,12,5,12,0.418130510193961,0.9907865036617626,280,66,71
D,Utilities,LSTM,classification,12,5,13,0.4204877172197614,1.1209237065279123,280,66,71
D,Utilities,LSTM,classification,12,5,14,0.4114374714238303,1.0969187517960866,280,66,71
D,Utilities,LSTM,classification,12,5,15,0.3923988333770207,1.0836181139404124,280,66,71
D,Utilities,LSTM,classification,12,5,16,0.37494142481258935,1.0835864507790767,280,66,71
D,Utilities,LSTM,classification,12,5,17,0.37412656119891574,1.0762337382995721,280,66,71
D,Utilities,LSTM,classification,12,5,18,0.34931127088410513,1.1044088457569932,280,66,71
D,Utilities,LSTM,classification,12,5,19,0.36815616147858754,1.181793917309154,280,66,71
D,Utilities,LSTM,classification,12,5,20,0.36067594034331185,1.2216192032351638,280,66,71
DIS,Services,LSTM,classification,12,5,1,0.6947402472775351,0.6949714337076459,239,56,60
DIS,Services,LSTM,classification,12,5,2,0.627600180055307,0.6956136652401516,239,56,60
DIS,Services,LSTM,classification,12,5,3,0.614042850468448,0.6984567386763436,239,56,60
DIS,Services,LSTM,classification,12,5,4,0.5938546497951491,0.7076830267906189,239,56,60
DIS,Services,LSTM,classification,12,5,5,0.5735618656649251,0.7243683082716805,239,56,60
DIS,Services,LSTM,classification,12,5,6,0.556691600687833,0.7626435841832843,239,56,60
DIS,Services,LSTM,classification,12,5,7,0.5381347419826555,0.8449763315064567,239,56,60
DIS,Services,LSTM,classification,12,5,8,0.5245330934744001,0.9752444539751325,239,56,60
DIS,Services,LSTM,classification,12,5,9,0.5082490980375761,1.2534161976405553,239,56,60
DIS,Services,LSTM,classification,12,5,10,0.49753524992755266,1.314332263810294,239,56,60
DIS,Services,LSTM,classification,12,5,11,0.48070431054885415,1.3962291479110718,239,56,60
DIS,Services,LSTM,classification,12,5,12,0.46368430947658906,1.5586470195225306,239,56,60
DIS,Services,LSTM,classification,12,5,13,0.4680702247380213,1.747675827571324,239,56,60
DIS,Services,LSTM,classification,12,5,14,0.44838447401214343,1.9263654776981898,239,56,60
DIS,Services,LSTM,classification,12,5,15,0.4513923994666862,2.1835551943097795,239,56,60
DIS,Services,LSTM,classification,12,5,16,0.4270014745420991,2.3691446099962508,239,56,60
FB,Technology,LSTM,classification,12,5,1,0.6835722233119764,0.6846088965733846,304,72,77
FB,Technology,LSTM,classification,12,5,2,0.6324231938311928,0.6800254185994467,304,72,77
FB,Technology,LSTM,classification,12,5,3,0.60231866334614,0.6800984276665581,304,72,77
FB,Technology,LSTM,classification,12,5,4,0.5737658613606503,0.7292828692330254,304,72,77
FB,Technology,LSTM,classification,12,5,5,0.5385215000102395,1.0078195465935602,304,72,77
FB,Technology,LSTM,classification,12,5,6,0.5241338187142423,1.4587070147196453,304,72,77
FB,Technology,LSTM,classification,12,5,7,0.5064926963103445,1.7623394860161676,304,72,77
FB,Technology,LSTM,classification,12,5,8,0.495925867243817,1.877720594406128,304,72,77
FB,Technology,LSTM,classification,12,5,9,0.45312059553045975,2.1506256262461343,304,72,77
FB,Technology,LSTM,classification,12,5,10,0.48020987134230764,2.1014712121751575,304,72,77
FB,Technology,LSTM,classification,12,5,11,0.43645928878533213,2.0520091586642795,304,72,77
FB,Technology,LSTM,classification,12,5,12,0.43677106342817607,2.33287689420912,304,72,77
FB,Technology,LSTM,classification,12,5,13,0.4205070749709481,2.402255508634779,304,72,77
FB,Technology,LSTM,classification,12,5,14,0.4066951541524184,2.3931696944766574,304,72,77
FB,Technology,LSTM,classification,12,5,15,0.4169576285701049,2.511255794101291,304,72,77
FB,Technology,LSTM,classification,12,5,16,0.4065063768311551,2.4452232784695096,304,72,77
FB,Technology,LSTM,classification,12,5,17,0.39537426515629415,2.41947603225708,304,72,77
GE,Industrial Goods,LSTM,classification,12,5,1,0.6597925259133256,0.6906197570985363,263,62,66
GE,Industrial Goods,LSTM,classification,12,5,2,0.6033994013818951,0.672153405604824,263,62,66
GE,Industrial Goods,LSTM,classification,12,5,3,0.5819716736844284,0.6494109015310964,263,62,66
GE,Industrial Goods,LSTM,classification,12,5,4,0.5711924889241787,0.619968964207557,263,62,66
GE,Industrial Goods,LSTM,classification,12,5,5,0.5493092593584677,0.6144770595335192,263,62,66
GE,Industrial Goods,LSTM,classification,12,5,6,0.5334025146616729,0.6381784331414008,263,62,66
GE,Industrial Goods,LSTM,classification,12,5,7,0.5370640466874996,0.8384261708105764,263,62,66
GE,Industrial Goods,LSTM,classification,12,5,8,0.49609371906450944,0.9163235099084915,263,62,66
GE,Industrial Goods,LSTM,classification,12,5,9,0.48478584019856763,1.281533383554028,263,62,66
GE,Industrial Goods,LSTM,classification,12,5,10,0.4576894796166583,1.064317072591474,263,62,66
GE,Industrial Goods,LSTM,classification,12,5,11,0.43424496655228473,2.2460261467964417,263,62,66
GE,Industrial Goods,LSTM,classification,12,5,12,0.45110917340666623,1.4869266671519126,263,62,66
GE,Industrial Goods,LSTM,classification,12,5,13,0.421077278517045,1.743763300680345,263,62,66
GE,Industrial Goods,LSTM,classification,12,5,14,0.3853724485567767,2.3636383625768844,263,62,66
GE,Industrial Goods,LSTM,classification,12,5,15,0.38629658763852864,2.0372340371531825,263,62,66
GE,Industrial Goods,LSTM,classification,12,5,16,0.3599638933237968,2.1432142796054965,263,62,66
GE,Industrial Goods,LSTM,classification,12,5,17,0.37249006370627835,2.302740212409727,263,62,66
GE,Industrial Goods,LSTM,classification,12,5,18,0.36214665683276753,2.29141899078123,263,62,66
GE,Industrial Goods,LSTM,classification,12,5,19,0.33934169837730466,2.420367725433842,263,62,66
GE,Industrial Goods,LSTM,classification,12,5,20,0.3551071876582084,2.5871959040241856,263,62,66
GOOG,Technology,LSTM,classification,12,5,1,0.6873467279346076,0.7009434246681105,303,71,76
GOOG,Technology,LSTM,classification,12,5,2,0.6356730720784405,0.6976452973526968,303,71,76
GOOG,Technology,LSTM,classification,12,5,3,0.6027926796733742,0.6916231513023376,303,71,76
GOOG,Technology,LSTM,classification,12,5,4,0.5937098357150263,0.685766468585377,303,71,76
GOOG,Technology,LSTM,classification,12,5,5,0.5694362784769669,0.699182820152229,303,71,76
GOOG,Technology,LSTM,classification,12,5,6,0.5405527971955416,0.7723905015999163,303,71,76
GOOG,Technology,LSTM,classification,12,5,7,0.5224656612172772,0.8688010212401269,303,71,76
GOOG,Technology,LSTM,classification,12,5,8,0.49893399217341206,1.0686252184317147,303,71,76
GOOG,Technology,LSTM,classification,12,5,9,0.4703391351715566,1.1309131820436935,303,71,76
GOOG,Technology,LSTM,classification,12,5,10,0.45466477770616515,1.3354577514487254,303,71,76
GOOG,Technology,LSTM,classification,12,5,11,0.41913046832918727,1.3714764403625272,303,71,76
GOOG,Technology,LSTM,classification,12,5,12,0.40090685728752967,1.4036027847881047,303,71,76
GOOG,Technology,LSTM,classification,12,5,13,0.371254563134889,1.629257961058281,303,71,76
GOOG,Technology,LSTM,classification,12,5,14,0.36172313904604897,1.6526136700536165,303,71,76
GOOG,Technology,LSTM,classification,12,5,15,0.3501339668881382,1.63024352302014,303,71,76
GOOG,Technology,LSTM,classification,12,5,16,0.32566185162799194,1.7709468015482728,303,71,76
GOOG,Technology,LSTM,classification,12,5,17,0.3374861202420968,2.0691068642575976,303,71,76
GOOG,Technology,LSTM,classification,12,5,18,0.3203903014215306,1.9904498348773365,303,71,76
GOOG,Technology,LSTM,classification,12,5,19,0.3101875472678603,2.028995785914676,303,71,76
HD,Services,LSTM,classification,12,5,1,0.6992435852686564,0.6937983252785422,192,44,49
HD,Services,LSTM,classification,12,5,2,0.6465263168017069,0.6942486708814447,192,44,49
HD,Services,LSTM,classification,12,5,3,0.6265781621138254,0.6956039342013273,192,44,49
HD,Services,LSTM,classification,12,5,4,0.6012843350569407,0.6973235011100769,192,44,49
HD,Services,LSTM,classification,12,5,5,0.591394046942393,0.7007794000885703,192,44,49
HD,Services,LSTM,classification,12,5,6,0.5539566775163015,0.7052795724435286,192,44,49
HD,Services,LSTM,classification,12,5,7,0.5602600276470184,0.7208020524545149,192,44,49
HD,Services,LSTM,classification,12,5,8,0.5332897901535034,0.7562836516987194,192,44,49
HD,Services,LSTM,classification,12,5,9,0.5039110034704208,0.7777550220489502,192,44,49
HD,Services,LSTM,classification,12,5,10,0.4861702074607213,0.8266865936192599,192,44,49
HD,Services,LSTM,classification,12,5,11,0.4787636995315552,0.9044497121464122,192,44,49
HD,Services,LSTM,classification,12,5,12,0.4624759654204051,0.9705564650622281,192,44,49
HD,Services,LSTM,classification,12,5,13,0.4489760796229045,1.0353389219804243,192,44,49
HD,Services,LSTM,classification,12,5,14,0.4560140172640483,1.0635642896999011,192,44,49
HD,Services,LSTM,classification,12,5,15,0.45928622782230377,1.1001687483354048,192,44,49
HD,Services,LSTM,classification,12,5,16,0.44015125433603924,1.1748242811723189,192,44,49
INTC,Technology,LSTM,classification,12,5,1,0.6968062888901189,0.699672366342237,265,62,67
INTC,Technology,LSTM,classification,12,5,2,0.6542752709028856,0.7001440986510246,265,62,67
INTC,Technology,LSTM,classification,12,5,3,0.6391471322977318,0.7028118910328034,265,62,67
INTC,Technology,LSTM,classification,12,5,4,0.6225957294680038,0.705415669948824,265,62,67
INTC,Technology,LSTM,classification,12,5,5,0.6030945894853124,0.7127842576273026,265,62,67
INTC,Technology,LSTM,classification,12,5,6,0.5945337691397037,0.7426370093899388,265,62,67
INTC,Technology,LSTM,classification,12,5,7,0.583251842912638,0.7549806217993459,265,62,67
INTC,Technology,LSTM,classification,12,5,8,0.5745534653933543,0.7685129584804657,265,62,67
INTC,Technology,LSTM,classification,12,5,9,0.5491143084921927,0.7916049572729296,265,62,67
INTC,Technology,LSTM,classification,12,5,10,0.5248498756930513,0.8504503061694484,265,62,67
INTC,Technology,LSTM,classification,12,5,11,0.5306636993615133,0.8842297119479026,265,62,67
INTC,Technology,LSTM,classification,12,5,12,0.5173711830714963,0.8615905719418679,265,62,67
INTC,Technology,LSTM,classification,12,5,13,0.5108495914711142,0.8698221502765533,265,62,67
INTC,Technology,LSTM,classification,12,5,14,0.4906261275399406,0.8161583369778048,265,62,67
INTC,Technology,LSTM,classification,12,5,15,0.5005865435555296,0.8791298308680134,265,62,67
INTC,Technology,LSTM,classification,12,5,16,0.47583831200059856,0.8183723303579515,265,62,67
JNJ,Healthcare,LSTM,classification,12,5,1,0.6670540802724372,0.694740648622866,233,54,59
JNJ,Healthcare,LSTM,classification,12,5,2,0.5948943701680638,0.6994017936565258,233,54,59
JNJ,Healthcare,LSTM,classification,12,5,3,0.5614393692415671,0.7106407880783081,233,54,59
JNJ,Healthcare,LSTM,classification,12,5,4,0.5224404253161516,0.7380576685622886,233,54,59
JNJ,Healthcare,LSTM,classification,12,5,5,0.5111362294577734,0.7959435538009361,233,54,59
JNJ,Healthcare,LSTM,classification,12,5,6,0.47762499346753556,0.9736828539106581,233,54,59
JNJ,Healthcare,LSTM,classification,12,5,7,0.46045036473243534,1.1934754583570693,233,54,59
JNJ,Healthcare,LSTM,classification,12,5,8,0.4414372482524921,1.4010376312114574,233,54,59
JNJ,Healthcare,LSTM,classification,12,5,9,0.4300616082971188,1.6846968906897086,233,54,59
JNJ,Healthcare,LSTM,classification,12,5,10,0.4146486208034687,1.8979322027277064,233,54,59
JNJ,Healthcare,LSTM,classification,12,5,11,0.4046585611647291,1.9268668580938269,233,54,59
JNJ,Healthcare,LSTM,classification,12,5,12,0.3802399340489392,2.05288623880457,233,54,59
JNJ,Healthcare,LSTM,classification,12,5,13,0.3610467993266593,2.0143798810464366,233,54,59
JNJ,Healthcare,LSTM,classification,12,5,14,0.36514855639873145,2.072793209994281,233,54,59
JNJ,Healthcare,LSTM,classification,12,5,15,0.3489965538738112,2.1703835946542247,233,54,59
JNJ,Healthcare,LSTM,classification,12,5,16,0.36755827392247614,2.2110486295488148,233,54,59
JPM,Financial,LSTM,classification,12,5,1,0.6752424348484386,0.691776821690221,264,62,67
JPM,Financial,LSTM,classification,12,5,2,0.6268540223439535,0.6885169840628101,264,62,67
JPM,Financial,LSTM,classification,12,5,3,0.5960402741576686,0.6905762072532408,264,62,67
JPM,Financial,LSTM,classification,12,5,4,0.5800306544159398,0.704474687576294,264,62,67
JPM,Financial,LSTM,classification,12,5,5,0.5498810518871654,0.7429596397184557,264,62,67
JPM,Financial,LSTM,classification,12,5,6,0.5240633379329335,0.8449483283104435,264,62,67
JPM,Financial,LSTM,classification,12,5,7,0.5011375013625983,0.983021814976969,264,62,67
JPM,Financial,LSTM,classification,12,5,8,0.4814485257322138,1.182733718425997,264,62,67
JPM,Financial,LSTM,classification,12,5,9,0.46439580845110345,1.3514160090877163,264,62,67
JPM,Financial,LSTM,classification,12,5,10,0.4349951536366434,1.3154432312134774,264,62,67
JPM,Financial,LSTM,classification,12,5,11,0.40959886077678564,1.3488979820282228,264,62,67
JPM,Financial,LSTM,classification,12,5,12,0.4102872537844109,1.4105382484774436,264,62,67
JPM,Financial,LSTM,classification,12,5,13,0.3974784558469599,1.4356710353205282,264,62,67
JPM,Financial,LSTM,classification,12,5,14,0.3888643149173621,1.4244714052446428,264,62,67
JPM,Financial,LSTM,classification,12,5,15,0.37954227219928394,1.4953839625081708,264,62,67
JPM,Financial,LSTM,classification,12,5,16,0.384521918314876,1.29218150531092,264,62,67
JPM,Financial,LSTM,classification,12,5,17,0.3699995821172541,1.5128948457779423,264,62,67
LMT,Industrial Goods,LSTM,classification,12,5,1,0.672020287664087,0.6784647107124329,111,24,48
LMT,Industrial Goods,LSTM,classification,12,5,2,0.578937469301997,0.6849730610847473,111,24,48
LMT,Industrial Goods,LSTM,classification,12,5,3,0.5529303631267032,0.6921921372413635,111,24,48
LMT,Industrial Goods,LSTM,classification,12,5,4,0.5368466581310238,0.7013992667198181,111,24,48
LMT,Industrial Goods,LSTM,classification,12,5,5,0.51591239023853,0.7079946398735046,111,24,48
LMT,Industrial Goods,LSTM,classification,12,5,6,0.5132772280826224,0.7171239852905273,111,24,48
LMT,Industrial Goods,LSTM,classification,12,5,7,0.49376098422316816,0.7289159297943115,111,24,48
LMT,Industrial Goods,LSTM,classification,12,5,8,0.47322014564866416,0.7384569048881531,111,24,48
LMT,Industrial Goods,LSTM,classification,12,5,9,0.4491170438023301,0.7552635073661804,111,24,48
LMT,Industrial Goods,LSTM,classification,12,5,10,0.443183187160406,0.7782629132270813,111,24,48
LMT,Industrial Goods,LSTM,classification,12,5,11,0.4375907572003098,0.7999277114868164,111,24,48
LMT,Industrial Goods,LSTM,classification,12,5,12,0.4176352126104338,0.826446533203125,111,24,48
LMT,Industrial Goods,LSTM,classification,12,5,13,0.4347277592431318,0.8639068007469177,111,24,48
LMT,Industrial Goods,LSTM,classification,12,5,14,0.4089340277620264,0.9235625863075256,111,24,48
LMT,Industrial Goods,LSTM,classification,12,5,15,0.38931581888112937,0.9702548980712891,111,24,48
LMT,Industrial Goods,LSTM,classification,12,5,16,0.38829546737241316,0.9994494915008545,111,24,48
MA,Financial,LSTM,classification,12,5,1,0.6912058494244403,0.695760075862591,171,39,44
MA,Financial,LSTM,classification,12,5,2,0.634473973547506,0.7004435031841962,171,39,44
MA,Financial,LSTM,classification,12,5,3,0.6339446079661275,0.7084443966547648,171,39,44
MA,Financial,LSTM,classification,12,5,4,0.6009666870909127,0.7146077263049591,171,39,44
MA,Financial,LSTM,classification,12,5,5,0.5977062488857069,0.7163381377855936,171,39,44
MA,Financial,LSTM,classification,12,5,6,0.5688702220108077,0.7155234859539912,171,39,44
MA,Financial,LSTM,classification,12,5,7,0.5687263872888353,0.7162243922551473,171,39,44
MA,Financial,LSTM,classification,12,5,8,0.5510564014228464,0.7183653849821824,171,39,44
MA,Financial,LSTM,classification,12,5,9,0.532220238830611,0.7162928061607556,171,39,44
MA,Financial,LSTM,classification,12,5,10,0.510521414858556,0.7289736087505634,171,39,44
MA,Financial,LSTM,classification,12,5,11,0.5298325689563974,0.7397150626549354,171,39,44
MA,Financial,LSTM,classification,12,5,12,0.5063223971260918,0.7461927594282688,171,39,44
MA,Financial,LSTM,classification,12,5,13,0.49333303295380887,0.7589704730571845,171,39,44
MA,Financial,LSTM,classification,12,5,14,0.4982452310665309,0.777036576698988,171,39,44
MA,Financial,LSTM,classification,12,5,15,0.4994328874245025,0.8063690692950518,171,39,44
MA,Financial,LSTM,classification,12,5,16,0.4923314776336938,0.8465865193269192,171,39,44
MCD,Services,LSTM,classification,12,5,1,0.6846514971359916,0.7081242855989708,230,53,58
MCD,Services,LSTM,classification,12,5,2,0.6242584990418476,0.704178474984079,230,53,58
MCD,Services,LSTM,classification,12,5,3,0.5809141013933264,0.7000174769815409,230,53,58
MCD,Services,LSTM,classification,12,5,4,0.5579861993375032,0.6941509033149144,230,53,58
MCD,Services,LSTM,classification,12,5,5,0.5360287516013436,0.6868310908101639,230,53,58
MCD,Services,LSTM,classification,12,5,6,0.5052384366159853,0.6789618550606493,230,53,58
MCD,Services,LSTM,classification,12,5,7,0.47523569853409475,0.6794602286140874,230,53,58
MCD,Services,LSTM,classification,12,5,8,0.4815151359723962,0.6949428949715957,230,53,58
MCD,Services,LSTM,classification,12,5,9,0.46395837275878243,0.7256654366007391,230,53,58
MCD,Services,LSTM,classification,12,5,10,0.42437959442967954,0.769675574212704,230,53,58
MCD,Services,LSTM,classification,12,5,11,0.43242220256639563,0.8474816961108513,230,53,58
MCD,Services,LSTM,classification,12,5,12,0.4085959737715514,0.7515035698998649,230,53,58
MCD,Services,LSTM,classification,12,5,13,0.40293347680050395,0.8449060197146434,230,53,58
MCD,Services,LSTM,classification,12,5,14,0.38870489726895874,0.8755453465119848,230,53,58
MCD,Services,LSTM,classification,12,5,15,0.36580264723819234,0.893019937119394,230,53,58
MCD,Services,LSTM,classification,12,5,16,0.3539751159108203,0.9113032682886664,230,53,58
MCD,Services,LSTM,classification,12,5,17,0.35965631979963053,0.9134225867829233,230,53,58
MCD,Services,LSTM,classification,12,5,18,0.3266643024009207,0.9790878408360031,230,53,58
MCD,Services,LSTM,classification,12,5,19,0.3242342075575953,1.047451282447239,230,53,58
MCD,Services,LSTM,classification,12,5,20,0.3193530121575231,1.1800757938960813,230,53,58
MCD,Services,LSTM,classification,12,5,21,0.3151376729426177,1.1752894262097917,230,53,58
MDT,Healthcare,LSTM,classification,12,5,1,0.670157213403721,0.691571831703186,99,21,43
MDT,Healthcare,LSTM,classification,12,5,2,0.6385749500207226,0.6915298700332642,99,21,43
MDT,Healthcare,LSTM,classification,12,5,3,0.6225420194442826,0.6911404728889465,99,21,43
MDT,Healthcare,LSTM,classification,12,5,4,0.5674635057497506,0.6903902888298035,99,21,43
MDT,Healthcare,LSTM,classification,12,5,5,0.5678464595717613,0.6896403431892395,99,21,43
MDT,Healthcare,LSTM,classification,12,5,6,0.5685121597665729,0.688765287399292,99,21,43
MDT,Healthcare,LSTM,classification,12,5,7,0.5342446824516913,0.6876710057258606,99,21,43
MDT,Healthcare,LSTM,classification,12,5,8,0.5235071209343997,0.6898269653320312,99,21,43
MDT,Healthcare,LSTM,classification,12,5,9,0.5340955705955776,0.6975358128547668,99,21,43
MDT,Healthcare,LSTM,classification,12,5,10,0.5338850057486332,0.7055167555809021,99,21,43
MDT,Healthcare,LSTM,classification,12,5,11,0.5072107847892877,0.720410168170929,99,21,43
MDT,Healthcare,LSTM,classification,12,5,12,0.4750114245848222,0.7424076795578003,99,21,43
MDT,Healthcare,LSTM,classification,12,5,13,0.47122850953930556,0.7797386646270752,99,21,43
MDT,Healthcare,LSTM,classification,12,5,14,0.4616401833717269,0.8237820863723755,99,21,43
MDT,Healthcare,LSTM,classification,12,5,15,0.4400468616172521,0.9283952116966248,99,21,43
MDT,Healthcare,LSTM,classification,12,5,16,0.4767734787680886,1.028888463973999,99,21,43
MDT,Healthcare,LSTM,classification,12,5,17,0.4600147669664537,1.0706695318222046,99,21,43
MDT,Healthcare,LSTM,classification,12,5,18,0.44029808345467153,1.1058940887451172,99,21,43
MDT,Healthcare,LSTM,classification,12,5,19,0.43406694435109994,1.187116026878357,99,21,43
MDT,Healthcare,LSTM,classification,12,5,20,0.4494327391036833,1.535752296447754,99,21,43
MDT,Healthcare,LSTM,classification,12,5,21,0.4410075704858761,1.9967076778411865,99,21,43
MDT,Healthcare,LSTM,classification,12,5,22,0.43660062250464854,2.108366012573242,99,21,43
MMM,Industrial Goods,LSTM,classification,12,5,1,0.7036692783129301,0.6820759773254395,139,31,45
MMM,Industrial Goods,LSTM,classification,12,5,2,0.6000090721699831,0.6859322786331177,139,31,45
MMM,Industrial Goods,LSTM,classification,12,5,3,0.5728396593237952,0.6913744807243347,139,31,45
MMM,Industrial Goods,LSTM,classification,12,5,4,0.5578360763385142,0.6971551179885864,139,31,45
MMM,Industrial Goods,LSTM,classification,12,5,5,0.5644898547543039,0.7031549215316772,139,31,45
MMM,Industrial Goods,LSTM,classification,12,5,6,0.5329613584837467,0.7154404520988464,139,31,45
MMM,Industrial Goods,LSTM,classification,12,5,7,0.5215288199109139,0.7388031482696533,139,31,45
MMM,Industrial Goods,LSTM,classification,12,5,8,0.5059073590975014,0.7646564245223999,139,31,45
MMM,Industrial Goods,LSTM,classification,12,5,9,0.4970044217092528,0.8000977039337158,139,31,45
MMM,Industrial Goods,LSTM,classification,12,5,10,0.4907093965749946,0.8581503629684448,139,31,45
MMM,Industrial Goods,LSTM,classification,12,5,11,0.4709186851978302,0.971461832523346,139,31,45
MMM,Industrial Goods,LSTM,classification,12,5,12,0.4605443803526515,1.0970563888549805,139,31,45
MMM,Industrial Goods,LSTM,classification,12,5,13,0.4506579622519102,1.209991455078125,139,31,45
MMM,Industrial Goods,LSTM,classification,12,5,14,0.44395927270110563,1.2998708486557007,139,31,45
MMM,Industrial Goods,LSTM,classification,12,5,15,0.4372121348655481,1.3467035293579102,139,31,45
MMM,Industrial Goods,LSTM,classification,12,5,16,0.4221221397248961,1.4280637502670288,139,31,45
MO,Consumer Goods,LSTM,classification,12,5,1,0.6672274924868302,0.6620505452156067,139,31,45
MO,Consumer Goods,LSTM,classification,12,5,2,0.6087956810169083,0.6658332943916321,139,31,45
MO,Consumer Goods,LSTM,classification,12,5,3,0.5958655502298753,0.6708428859710693,139,31,45
MO,Consumer Goods,LSTM,classification,12,5,4,0.5556361503738294,0.6784119606018066,139,31,45
MO,Consumer Goods,LSTM,classification,12,5,5,0.5419226957739686,0.6888611912727356,139,31,45
MO,Consumer Goods,LSTM,classification,12,5,6,0.5328497807327792,0.7079141736030579,139,31,45
MO,Consumer Goods,LSTM,classification,12,5,7,0.529141902923584,0.7415646910667419,139,31,45
MO,Consumer Goods,LSTM,classification,12,5,8,0.5167177057952332,0.7995619177818298,139,31,45
MO,Consumer Goods,LSTM,classification,12,5,9,0.48612812547374973,0.8703045845031738,139,31,45
MO,Consumer Goods,LSTM,classification,12,5,10,0.4713108964103589,0.954566478729248,139,31,45
MO,Consumer Goods,LSTM,classification,12,5,11,0.4713952517766747,1.0657387971878052,139,31,45
MO,Consumer Goods,LSTM,classification,12,5,12,0.47281798934765,1.1986708641052246,139,31,45
MO,Consumer Goods,LSTM,classification,12,5,13,0.4595891035718026,1.3317426443099976,139,31,45
MO,Consumer Goods,LSTM,classification,12,5,14,0.46987344635476314,1.4628746509552002,139,31,45
MO,Consumer Goods,LSTM,classification,12,5,15,0.46401238227062086,1.4880707263946533,139,31,45
MO,Consumer Goods,LSTM,classification,12,5,16,0.43166722904006355,1.5552973747253418,139,31,45
MRK,Healthcare,LSTM,classification,12,5,1,0.6902241257611167,0.6956162275152004,203,47,51
MRK,Healthcare,LSTM,classification,12,5,2,0.6324136609514358,0.6949172286277122,203,47,51
MRK,Healthcare,LSTM,classification,12,5,3,0.6203293819439235,0.6945006631790324,203,47,51
MRK,Healthcare,LSTM,classification,12,5,4,0.5961688695282772,0.6940683544950282,203,47,51
MRK,Healthcare,LSTM,classification,12,5,5,0.5751895788561534,0.6911611278006371,203,47,51
MRK,Healthcare,LSTM,classification,12,5,6,0.5532401706197579,0.6892443590975822,203,47,51
MRK,Healthcare,LSTM,classification,12,5,7,0.5484242816570357,0.6991019401144474,203,47,51
MRK,Healthcare,LSTM,classification,12,5,8,0.5347909958198153,0.7197159224368156,203,47,51
MRK,Healthcare,LSTM,classification,12,5,9,0.4995108102930003,0.7674825673407697,203,47,51
MRK,Healthcare,LSTM,classification,12,5,10,0.4995346047314517,0.8196123255060074,203,47,51
MRK,Healthcare,LSTM,classification,12,5,11,0.48823417040514827,0.8760380212296831,203,47,51
MRK,Healthcare,LSTM,classification,12,5,12,0.4711510376096359,0.9871581387012562,203,47,51
MRK,Healthcare,LSTM,classification,12,5,13,0.4570632213589006,1.0314970092570528,203,47,51
MRK,Healthcare,LSTM,classification,12,5,14,0.4520538414787189,0.9715140449239853,203,47,51
MRK,Healthcare,LSTM,classification,12,5,15,0.4400069905912935,0.9587596020800002,203,47,51
MRK,Healthcare,LSTM,classification,12,5,16,0.43348271895218365,0.9932767533241434,203,47,51
MRK,Healthcare,LSTM,classification,12,5,17,0.3915408535543921,0.9903378562724336,203,47,51
MRK,Healthcare,LSTM,classification,12,5,18,0.42048238819749484,1.0099444287888548,203,47,51
MRK,Healthcare,LSTM,classification,12,5,19,0.40388360766354453,1.0094919686621808,203,47,51
MRK,Healthcare,LSTM,classification,12,5,20,0.3933306621947312,1.0259389775864622,203,47,51
MRK,Healthcare,LSTM,classification,12,5,21,0.3726910096524384,1.0672294434080734,203,47,51
MSFT,Technology,LSTM,classification,12,5,1,0.6899548335140254,0.690993827322255,294,69,74
MSFT,Technology,LSTM,classification,12,5,2,0.6083382777616281,0.6878688318141992,294,69,74
MSFT,Technology,LSTM,classification,12,5,3,0.562302535488492,0.6832668867664061,294,69,74
MSFT,Technology,LSTM,classification,12,5,4,0.5292409423257218,0.6917662162711655,294,69,74
MSFT,Technology,LSTM,classification,12,5,5,0.5126047235767858,0.7480513954508132,294,69,74
MSFT,Technology,LSTM,classification,12,5,6,0.47838927004613035,0.8560988125593766,294,69,74
MSFT,Technology,LSTM,classification,12,5,7,0.4532169067129797,1.2365991896477297,294,69,74
MSFT,Technology,LSTM,classification,12,5,8,0.42720982047165335,1.3498718876769578,294,69,74
MSFT,Technology,LSTM,classification,12,5,9,0.4105734253416256,1.897912709609322,294,69,74
MSFT,Technology,LSTM,classification,12,5,10,0.4099545774816656,1.8080756180528281,294,69,74
MSFT,Technology,LSTM,classification,12,5,11,0.3794909356808176,1.9682451538417651,294,69,74
MSFT,Technology,LSTM,classification,12,5,12,0.3839892483487421,2.119965214660202,294,69,74
MSFT,Technology,LSTM,classification,12,5,13,0.3625359085141396,2.18136471596317,294,69,74
MSFT,Technology,LSTM,classification,12,5,14,0.34210774586314247,2.418544544689897,294,69,74
MSFT,Technology,LSTM,classification,12,5,15,0.3423875418244576,2.3333893444227134,294,69,74
MSFT,Technology,LSTM,classification,12,5,16,0.338056814913847,2.388190214184747,294,69,74
MSFT,Technology,LSTM,classification,12,5,17,0.33816858031311814,2.6573519084764565,294,69,74
MSFT,Technology,LSTM,classification,12,5,18,0.3352711450080482,2.6601354281107583,294,69,74
NVS,Healthcare,LSTM,classification,12,5,1,0.6989235255744431,0.6938854455947876,91,18,39
NVS,Healthcare,LSTM,classification,12,5,2,0.6417967867065262,0.6940224766731262,91,18,39
NVS,Healthcare,LSTM,classification,12,5,3,0.6081079834110135,0.6943596005439758,91,18,39
NVS,Healthcare,LSTM,classification,12,5,4,0.5933181184988755,0.6952357888221741,91,18,39
NVS,Healthcare,LSTM,classification,12,5,5,0.5629073780971569,0.6966999769210815,91,18,39
NVS,Healthcare,LSTM,classification,12,5,6,0.5537142806000762,0.698529839515686,91,18,39
NVS,Healthcare,LSTM,classification,12,5,7,0.5329801741537157,0.7011370062828064,91,18,39
NVS,Healthcare,LSTM,classification,12,5,8,0.5238624346125257,0.7065153121948242,91,18,39
NVS,Healthcare,LSTM,classification,12,5,9,0.48760567556370743,0.7159630060195923,91,18,39
NVS,Healthcare,LSTM,classification,12,5,10,0.5102355506393935,0.7282073497772217,91,18,39
NVS,Healthcare,LSTM,classification,12,5,11,0.49583977722859646,0.746857762336731,91,18,39
NVS,Healthcare,LSTM,classification,12,5,12,0.4996090603398753,0.773976743221283,91,18,39
NVS,Healthcare,LSTM,classification,12,5,13,0.48576080078607076,0.8085196614265442,91,18,39
NVS,Healthcare,LSTM,classification,12,5,14,0.4791334238681164,0.8431732654571533,91,18,39
NVS,Healthcare,LSTM,classification,12,5,15,0.480846548473442,0.8953879475593567,91,18,39
NVS,Healthcare,LSTM,classification,12,5,16,0.4643875065740648,0.9751620888710022,91,18,39
ORCL,Technology,LSTM,classification,12,5,1,0.6919290704673595,0.6850473642349243,178,40,45
ORCL,Technology,LSTM,classification,12,5,2,0.65123170279385,0.6889506578445435,178,40,45
ORCL,Technology,LSTM,classification,12,5,3,0.6260683697261168,0.6928325414657592,178,40,45
ORCL,Technology,LSTM,classification,12,5,4,0.588735031947661,0.6972414731979371,178,40,45
ORCL,Technology,LSTM,classification,12,5,5,0.5703045538302218,0.7040637016296387,178,40,45
ORCL,Technology,LSTM,classification,12,5,6,0.5442966838900962,0.7221083760261535,178,40,45
ORCL,Technology,LSTM,classification,12,5,7,0.5312913254405676,0.73967125415802,178,40,45
ORCL,Technology,LSTM,classification,12,5,8,0.5113395894511362,0.7761155128479004,178,40,45
ORCL,Technology,LSTM,classification,12,5,9,0.4943357089932045,0.8792498350143433,178,40,45
ORCL,Technology,LSTM,classification,12,5,10,0.4715560982736309,0.9738525152206421,178,40,45
ORCL,Technology,LSTM,classification,12,5,11,0.45322328337122886,1.086064386367798,178,40,45
ORCL,Technology,LSTM,classification,12,5,12,0.45425114671835737,1.1850439071655274,178,40,45
ORCL,Technology,LSTM,classification,12,5,13,0.45461359586608546,1.255421018600464,178,40,45
ORCL,Technology,LSTM,classification,12,5,14,0.4321577428431993,1.3557581901550293,178,40,45
ORCL,Technology,LSTM,classification,12,5,15,0.4415344153897146,1.415760087966919,178,40,45
ORCL,Technology,LSTM,classification,12,5,16,0.4131601941719484,1.4636226654052735,178,40,45
PCLN,Services,LSTM,classification,12,5,1,0.6888108278035224,0.6841875513394674,267,63,68
PCLN,Services,LSTM,classification,12,5,2,0.6345082266946857,0.6796916921933492,267,63,68
PCLN,Services,LSTM,classification,12,5,3,0.6074514605579305,0.6774399914438762,267,63,68
PCLN,Services,LSTM,classification,12,5,4,0.569490957795904,0.6820887478571089,267,63,68
PCLN,Services,LSTM,classification,12,5,5,0.5479830021268866,0.7082312845048451,267,63,68
PCLN,Services,LSTM,classification,12,5,6,0.5366437464171134,0.7689081023609827,267,63,68
PCLN,Services,LSTM,classification,12,5,7,0.5093332209837124,0.8819233689989362,267,63,68
PCLN,Services,LSTM,classification,12,5,8,0.48994025621521337,1.063192783840119,267,63,68
PCLN,Services,LSTM,classification,12,5,9,0.4605519492527965,1.1595673712473067,267,63,68
PCLN,Services,LSTM,classification,12,5,10,0.44565985231810296,1.4857274388510084,267,63,68
PCLN,Services,LSTM,classification,12,5,11,0.4303942262456658,1.347175817641001,267,63,68
PCLN,Services,LSTM,classification,12,5,12,0.409907722964269,1.5644395578475225,267,63,68
PCLN,Services,LSTM,classification,12,5,13,0.3803435971451163,1.5948519744570293,267,63,68
PCLN,Services,LSTM,classification,12,5,14,0.3913811517788676,1.5166325928672912,267,63,68
PCLN,Services,LSTM,classification,12,5,15,0.34040966696953506,1.675380133447193,267,63,68
PCLN,Services,LSTM,classification,12,5,16,0.3558539224697856,1.6269352454987784,267,63,68
PCLN,Services,LSTM,classification,12,5,17,0.32836267352104187,1.7384284753648063,267,63,68
PCLN,Services,LSTM,classification,12,5,18,0.3244478138868282,1.8812642173161582,267,63,68
PEP,Consumer Goods,LSTM,classification,12,5,1,0.7296913240266882,0.706075131893158,138,30,44
PEP,Consumer Goods,LSTM,classification,12,5,2,0.6813467058582582,0.7044931650161743,138,30,44
PEP,Consumer Goods,LSTM,classification,12,5,3,0.6396268986273503,0.7030408382415771,138,30,44
PEP,Consumer Goods,LSTM,classification,12,5,4,0.6064551464025525,0.7010341882705688,138,30,44
PEP,Consumer Goods,LSTM,classification,12,5,5,0.59211723441663,0.6995859742164612,138,30,44
PEP,Consumer Goods,LSTM,classification,12,5,6,0.5879765239314757,0.6984485387802124,138,30,44
PEP,Consumer Goods,LSTM,classification,12,5,7,0.569870544516522,0.7004739046096802,138,30,44
PEP,Consumer Goods,LSTM,classification,12,5,8,0.5335261493489363,0.6980481743812561,138,30,44
PEP,Consumer Goods,LSTM,classification,12,5,9,0.5048611751501111,0.6985332369804382,138,30,44
PEP,Consumer Goods,LSTM,classification,12,5,10,0.5065550026686295,0.6960338354110718,138,30,44
PEP,Consumer Goods,LSTM,classification,12,5,11,0.4725355315899503,0.6870290040969849,138,30,44
PEP,Consumer Goods,LSTM,classification,12,5,12,0.46874370263970416,0.7059059143066406,138,30,44
PEP,Consumer Goods,LSTM,classification,12,5,13,0.444198973800825,0.7693468928337097,138,30,44
PEP,Consumer Goods,LSTM,classification,12,5,14,0.4494236465813457,0.8083968758583069,138,30,44
PEP,Consumer Goods,LSTM,classification,12,5,15,0.4252787534741388,0.7936558127403259,138,30,44
PEP,Consumer Goods,LSTM,classification,12,5,16,0.41840552160705347,0.7961094379425049,138,30,44
PEP,Consumer Goods,LSTM,classification,12,5,17,0.3872114264446756,0.8302438259124756,138,30,44
PEP,Consumer Goods,LSTM,classification,12,5,18,0.3976314231969308,0.9603251814842224,138,30,44
PEP,Consumer Goods,LSTM,classification,12,5,19,0.39182806101398193,1.0665574073791504,138,30,44
PEP,Consumer Goods,LSTM,classification,12,5,20,0.366179290888966,1.0567885637283325,138,30,44
PEP,Consumer Goods,LSTM,classification,12,5,21,0.35465667861095374,0.9838769435882568,138,30,44
PEP,Consumer Goods,LSTM,classification,12,5,22,0.3627526475035626,0.9724009037017822,138,30,44
PEP,Consumer Goods,LSTM,classification,12,5,23,0.34281605957210926,1.0697400569915771,138,30,44
PEP,Consumer Goods,LSTM,classification,12,5,24,0.3375652881636136,1.0867838859558105,138,30,44
PEP,Consumer Goods,LSTM,classification,12,5,25,0.3445553209470666,1.0327813625335693,138,30,44
PEP,Consumer Goods,LSTM,classification,12,5,26,0.329476213109666,1.0534175634384155,138,30,44
PFE,Healthcare,LSTM,classification,12,5,1,0.6546018501735469,0.6902262219842875,227,53,58
PFE,Healthcare,LSTM,classification,12,5,2,0.5778820417526009,0.6885569657919541,227,53,58
PFE,Healthcare,LSTM,classification,12,5,3,0.5541234607213394,0.6886905341778161,227,53,58
PFE,Healthcare,LSTM,classification,12,5,4,0.5217738015011019,0.6964469473316984,227,53,58
PFE,Healthcare,LSTM,classification,12,5,5,0.510082621143778,0.7132715976463174,227,53,58
PFE,Healthcare,LSTM,classification,12,5,6,0.49258755455983366,0.7428394106199157,227,53,58
PFE,Healthcare,LSTM,classification,12,5,7,0.4794632235812721,0.7929952358299831,227,53,58
PFE,Healthcare,LSTM,classification,12,5,8,0.46882345419098104,0.9096860379542945,227,53,58
PFE,Healthcare,LSTM,classification,12,5,9,0.4598815980724301,1.0732639544415024,227,53,58
PFE,Healthcare,LSTM,classification,12,5,10,0.43865393725785917,1.1188789279955738,227,53,58
PFE,Healthcare,LSTM,classification,12,5,11,0.42864191400847246,1.251362606039587,227,53,58
PFE,Healthcare,LSTM,classification,12,5,12,0.41847318483081686,1.3249069171131782,227,53,58
PFE,Healthcare,LSTM,classification,12,5,13,0.4113906692828376,1.4181933942830787,227,53,58
PFE,Healthcare,LSTM,classification,12,5,14,0.4035686028686389,1.7157719731330872,227,53,58
PFE,Healthcare,LSTM,classification,12,5,15,0.40095672024504203,2.209666148671564,227,53,58
PFE,Healthcare,LSTM,classification,12,5,16,0.3937734074004421,2.4707660697541147,227,53,58
PFE,Healthcare,LSTM,classification,12,5,17,0.38971542327414527,2.521191124646169,227,53,58
PG,Consumer Goods,LSTM,classification,12,5,1,0.6926498017846582,0.6940643371537675,187,43,48
PG,Consumer Goods,LSTM,classification,12,5,2,0.6467057326260734,0.69713925206384,187,43,48
PG,Consumer Goods,LSTM,classification,12,5,3,0.6303218386389993,0.6987285641736762,187,43,48
PG,Consumer Goods,LSTM,classification,12,5,4,0.6298492423353348,0.7014857461286146,187,43,48
PG,Consumer Goods,LSTM,classification,12,5,5,0.5962699208667571,0.7142254654751268,187,43,48
PG,Consumer Goods,LSTM,classification,12,5,6,0.5781629601901865,0.7415609318156575,187,43,48
PG,Consumer Goods,LSTM,classification,12,5,7,0.5673763254747034,0.7776860497718634,187,43,48
PG,Consumer Goods,LSTM,classification,12,5,8,0.5558260115072688,0.8233845926994501,187,43,48
PG,Consumer Goods,LSTM,classification,12,5,9,0.5387486162032673,0.8747074992157692,187,43,48
PG,Consumer Goods,LSTM,classification,12,5,10,0.5361707557968914,0.95001108701839,187,43,48
PG,Consumer Goods,LSTM,classification,12,5,11,0.5325367877827608,1.0297236414842827,187,43,48
PG,Consumer Goods,LSTM,classification,12,5,12,0.5047227263769364,1.1113264754761096,187,43,48
PG,Consumer Goods,LSTM,classification,12,5,13,0.4996471709427349,1.1383218155350796,187,43,48
PG,Consumer Goods,LSTM,classification,12,5,14,0.4988572699500915,1.1507724357205769,187,43,48
PG,Consumer Goods,LSTM,classification,12,5,15,0.47989644134108395,1.192593446997709,187,43,48
PG,Consumer Goods,LSTM,classification,12,5,16,0.4942727678599842,1.216802996258403,187,43,48
SLB,Basic Matierials,LSTM,classification,12,5,1,0.6671448565843537,0.705230712890625,127,27,40
SLB,Basic Matierials,LSTM,classification,12,5,2,0.5851091545397841,0.7104001641273499,127,27,40
SLB,Basic Matierials,LSTM,classification,12,5,3,0.5268923236629156,0.721325159072876,127,27,40
SLB,Basic Matierials,LSTM,classification,12,5,4,0.48912128618383033,0.7352582216262817,127,27,40
SLB,Basic Matierials,LSTM,classification,12,5,5,0.46883094545424453,0.7515250444412231,127,27,40
SLB,Basic Matierials,LSTM,classification,12,5,6,0.4495881465007001,0.7812013030052185,127,27,40
SLB,Basic Matierials,LSTM,classification,12,5,7,0.4269155996052299,0.8304892182350159,127,27,40
SLB,Basic Matierials,LSTM,classification,12,5,8,0.4007627372666607,0.9138017296791077,127,27,40
SLB,Basic Matierials,LSTM,classification,12,5,9,0.3734789662004456,1.0047509670257568,127,27,40
SLB,Basic Matierials,LSTM,classification,12,5,10,0.38718819571292307,1.1154676675796509,127,27,40
SLB,Basic Matierials,LSTM,classification,12,5,11,0.36396879520941905,1.278167724609375,127,27,40
SLB,Basic Matierials,LSTM,classification,12,5,12,0.34962730144891213,1.4219145774841309,127,27,40
SLB,Basic Matierials,LSTM,classification,12,5,13,0.3581078043134194,1.5875046253204346,127,27,40
SLB,Basic Matierials,LSTM,classification,12,5,14,0.3454993327302257,1.8017427921295166,127,27,40
SLB,Basic Matierials,LSTM,classification,12,5,15,0.31278523028366206,2.0298702716827393,127,27,40
SLB,Basic Matierials,LSTM,classification,12,5,16,0.33678785905124636,2.3258934020996094,127,27,40
SO,Utilities,LSTM,classification,12,5,1,0.7151614552015787,0.700319766998291,91,19,39
SO,Utilities,LSTM,classification,12,5,2,0.6765946189125815,0.7011335492134094,91,19,39
SO,Utilities,LSTM,classification,12,5,3,0.6303713387185401,0.701824963092804,91,19,39
SO,Utilities,LSTM,classification,12,5,4,0.6219507626124791,0.7023695111274719,91,19,39
SO,Utilities,LSTM,classification,12,5,5,0.6275108181513273,0.7026124000549316,91,19,39
SO,Utilities,LSTM,classification,12,5,6,0.6145810904083672,0.7022315859794617,91,19,39
SO,Utilities,LSTM,classification,12,5,7,0.5834263530406323,0.7007892727851868,91,19,39
SO,Utilities,LSTM,classification,12,5,8,0.5917417033688053,0.6985354423522949,91,19,39
SO,Utilities,LSTM,classification,12,5,9,0.5728411268401932,0.6975550055503845,91,19,39
SO,Utilities,LSTM,classification,12,5,10,0.5628764242916316,0.6978369355201721,91,19,39
SO,Utilities,LSTM,classification,12,5,11,0.5411319811265547,0.7000466585159302,91,19,39
SO,Utilities,LSTM,classification,12,5,12,0.5294643463669243,0.7019233107566833,91,19,39
SO,Utilities,LSTM,classification,12,5,13,0.5020464920735621,0.7021234631538391,91,19,39
SO,Utilities,LSTM,classification,12,5,14,0.5052992976628817,0.7027401924133301,91,19,39
SO,Utilities,LSTM,classification,12,5,15,0.5121266029693268,0.709623396396637,91,19,39
SO,Utilities,LSTM,classification,12,5,16,0.4815554795684395,0.7227843403816223,91,19,39
SO,Utilities,LSTM,classification,12,5,17,0.4753352397090786,0.7341852784156799,91,19,39
SO,Utilities,LSTM,classification,12,5,18,0.4371884301468566,0.738142192363739,91,19,39
SO,Utilities,LSTM,classification,12,5,19,0.44705545607503955,0.7386316061019897,91,19,39
SO,Utilities,LSTM,classification,12,5,20,0.4460970313994439,0.7426705360412598,91,19,39
SO,Utilities,LSTM,classification,12,5,21,0.4639338837875115,0.7377626299858093,91,19,39
SO,Utilities,LSTM,classification,12,5,22,0.4205663950888665,0.7363089323043823,91,19,39
SO,Utilities,LSTM,classification,12,5,23,0.4382287260595259,0.741971492767334,91,19,39
SO,Utilities,LSTM,classification,12,5,24,0.4053741631272075,0.7644974589347839,91,19,39
T,Technology,LSTM,classification,12,5,1,0.6866866696392349,0.6885053658149611,303,71,76
T,Technology,LSTM,classification,12,5,2,0.5860611898670889,0.6865053252435066,303,71,76
T,Technology,LSTM,classification,12,5,3,0.5515318066373517,0.6837998922442047,303,71,76
T,Technology,LSTM,classification,12,5,4,0.5084394253913326,0.6836352071291963,303,71,76
T,Technology,LSTM,classification,12,5,5,0.49586239103043434,0.6984572889099658,303,71,76
T,Technology,LSTM,classification,12,5,6,0.4565913728361476,0.7332470433812746,303,71,76
T,Technology,LSTM,classification,12,5,7,0.4403141137003505,0.8349530948719508,303,71,76
T,Technology,LSTM,classification,12,5,8,0.42535810433205207,0.9412659876783129,303,71,76
T,Technology,LSTM,classification,12,5,9,0.409468544886844,1.0921091328204517,303,71,76
T,Technology,LSTM,classification,12,5,10,0.3999530567784514,1.0856617403701998,303,71,76
T,Technology,LSTM,classification,12,5,11,0.3719573112407533,1.1087891702920618,303,71,76
T,Technology,LSTM,classification,12,5,12,0.34789032245626544,1.1194804033762973,303,71,76
T,Technology,LSTM,classification,12,5,13,0.34114065599126786,1.1735406526377503,303,71,76
T,Technology,LSTM,classification,12,5,14,0.32389304356606485,1.1715694430848242,303,71,76
T,Technology,LSTM,classification,12,5,15,0.3094815292177421,1.3160285983287112,303,71,76
T,Technology,LSTM,classification,12,5,16,0.2951506476591129,1.392722079451655,303,71,76
T,Technology,LSTM,classification,12,5,17,0.28431089414228305,1.415139396425704,303,71,76
T,Technology,LSTM,classification,12,5,18,0.27163371325719476,1.477290626982568,303,71,76
T,Technology,LSTM,classification,12,5,19,0.2721861360883555,1.4630367755889893,303,71,76
UNH,Healthcare,LSTM,classification,12,5,1,0.6899548562367758,0.678334015788454,150,33,48
UNH,Healthcare,LSTM,classification,12,5,2,0.6273156714439392,0.6773452831037117,150,33,48
UNH,Healthcare,LSTM,classification,12,5,3,0.599268049399058,0.6754566431045532,150,33,48
UNH,Healthcare,LSTM,classification,12,5,4,0.572188847064972,0.6735616904316526,150,33,48
UNH,Healthcare,LSTM,classification,12,5,5,0.5431881554921468,0.6708322004838423,150,33,48
UNH,Healthcare,LSTM,classification,12,5,6,0.5337533760070801,0.666155300357125,150,33,48
UNH,Healthcare,LSTM,classification,12,5,7,0.5135402568181355,0.6605349905563124,150,33,48
UNH,Healthcare,LSTM,classification,12,5,8,0.49526831626892087,0.6567739537267974,150,33,48
UNH,Healthcare,LSTM,classification,12,5,9,0.4850496546427409,0.6563459399974707,150,33,48
UNH,Healthcare,LSTM,classification,12,5,10,0.445905016263326,0.6561066345735029,150,33,48
UNH,Healthcare,LSTM,classification,12,5,11,0.4465451121330261,0.6323724822564558,150,33,48
UNH,Healthcare,LSTM,classification,12,5,12,0.42783899466196695,0.6981368606740778,150,33,48
UNH,Healthcare,LSTM,classification,12,5,13,0.38987611889839174,0.8786974675727613,150,33,48
UNH,Healthcare,LSTM,classification,12,5,14,0.37609604636828103,0.7978745662804806,150,33,48
UNH,Healthcare,LSTM,classification,12,5,15,0.35006292462348937,0.8631526087269639,150,33,48
UNH,Healthcare,LSTM,classification,12,5,16,0.34599812388420104,1.2279721390117297,150,33,48
UNH,Healthcare,LSTM,classification,12,5,17,0.36608713269233706,1.4061462517940637,150,33,48
UNH,Healthcare,LSTM,classification,12,5,18,0.3406767964363098,1.369650580666282,150,33,48
UNH,Healthcare,LSTM,classification,12,5,19,0.3095795166492462,1.6508237665349788,150,33,48
UNH,Healthcare,LSTM,classification,12,5,20,0.31441820780436197,1.3884749195792458,150,33,48
UNH,Healthcare,LSTM,classification,12,5,21,0.2885477459430695,1.318749153252804,150,33,48
UNH,Healthcare,LSTM,classification,12,5,22,0.2789513532320658,1.4470847303217107,150,33,48
UNH,Healthcare,LSTM,classification,12,5,23,0.2784917684396108,1.4975888078862971,150,33,48
UNH,Healthcare,LSTM,classification,12,5,24,0.28299686312675476,1.5652178273056492,150,33,48
UNH,Healthcare,LSTM,classification,12,5,25,0.26998387853304545,1.559449983365608,150,33,48
UNH,Healthcare,LSTM,classification,12,5,26,0.28724721948305765,1.3835702809420498,150,33,48
UPS,Services,LSTM,classification,12,5,1,0.7563772820076853,0.6849052906036377,106,22,45
UPS,Services,LSTM,classification,12,5,2,0.7166664465418402,0.6861332058906555,106,22,45
UPS,Services,LSTM,classification,12,5,3,0.6492983147783099,0.6872633099555969,106,22,45
UPS,Services,LSTM,classification,12,5,4,0.6118375017957868,0.6884226202964783,106,22,45
UPS,Services,LSTM,classification,12,5,5,0.5981211887215668,0.6893846392631531,106,22,45
UPS,Services,LSTM,classification,12,5,6,0.5877699863235906,0.6898812651634216,106,22,45
UPS,Services,LSTM,classification,12,5,7,0.5507179476180166,0.6911584734916687,106,22,45
UPS,Services,LSTM,classification,12,5,8,0.5299454809359785,0.6918541193008423,106,22,45
UPS,Services,LSTM,classification,12,5,9,0.5306722954759058,0.6917750835418701,106,22,45
UPS,Services,LSTM,classification,12,5,10,0.4828312385757014,0.6926109790802002,106,22,45
UPS,Services,LSTM,classification,12,5,11,0.4679472131549187,0.6949504613876343,106,22,45
UPS,Services,LSTM,classification,12,5,12,0.472253607129151,0.6989032626152039,106,22,45
UPS,Services,LSTM,classification,12,5,13,0.4354752735146936,0.7109701633453369,106,22,45
UPS,Services,LSTM,classification,12,5,14,0.43990860120305475,0.7349650859832764,106,22,45
UPS,Services,LSTM,classification,12,5,15,0.4213826352695249,0.7650938034057617,106,22,45
UPS,Services,LSTM,classification,12,5,16,0.4221580596464985,0.8079084753990173,106,22,45
UTX,Industrial Goods,LSTM,classification,12,5,1,0.6595325667088426,0.7023999094963074,127,27,41
UTX,Industrial Goods,LSTM,classification,12,5,2,0.5922285158803143,0.7069118022918701,127,27,41
UTX,Industrial Goods,LSTM,classification,12,5,3,0.5824339981154194,0.7146130204200745,127,27,41
UTX,Industrial Goods,LSTM,classification,12,5,4,0.542553398552842,0.7254562377929688,127,27,41
UTX,Industrial Goods,LSTM,classification,12,5,5,0.5157287336709931,0.7435406446456909,127,27,41
UTX,Industrial Goods,LSTM,classification,12,5,6,0.5117459907306461,0.7777169346809387,127,27,41
UTX,Industrial Goods,LSTM,classification,12,5,7,0.5099162872382036,0.8350245356559753,127,27,41
UTX,Industrial Goods,LSTM,classification,12,5,8,0.48583603890862054,0.918608546257019,127,27,41
UTX,Industrial Goods,LSTM,classification,12,5,9,0.4753695388478557,1.019057273864746,127,27,41
UTX,Industrial Goods,LSTM,classification,12,5,10,0.46112890083958785,1.1429680585861206,127,27,41
UTX,Industrial Goods,LSTM,classification,12,5,11,0.45151963290267105,1.2993347644805908,127,27,41
UTX,Industrial Goods,LSTM,classification,12,5,12,0.4399822992602671,1.4684298038482666,127,27,41
UTX,Industrial Goods,LSTM,classification,12,5,13,0.43076721326572687,1.6757577657699585,127,27,41
UTX,Industrial Goods,LSTM,classification,12,5,14,0.42553289997296073,1.917672872543335,127,27,41
UTX,Industrial Goods,LSTM,classification,12,5,15,0.40724860213872954,2.147655963897705,127,27,41
UTX,Industrial Goods,LSTM,classification,12,5,16,0.42461955124937645,2.347966432571411,127,27,41
V,Financial,LSTM,classification,12,5,1,0.6689051748377032,0.6820363631615272,226,52,57
V,Financial,LSTM,classification,12,5,2,0.6010864603835925,0.693664000584529,226,52,57
V,Financial,LSTM,classification,12,5,3,0.5849456280733631,0.7204035887351403,226,52,57
V,Financial,LSTM,classification,12,5,4,0.5713302023642886,0.7894529516880329,226,52,57
V,Financial,LSTM,classification,12,5,5,0.5606413826478266,0.9285687254025385,226,52,57
V,Financial,LSTM,classification,12,5,6,0.5305853718149979,1.2558495814983661,226,52,57
V,Financial,LSTM,classification,12,5,7,0.5307896917900153,1.7942551649533784,226,52,57
V,Financial,LSTM,classification,12,5,8,0.5105850907553614,2.6057601158435526,226,52,57
V,Financial,LSTM,classification,12,5,9,0.4917981582405293,2.9636993408203125,226,52,57
V,Financial,LSTM,classification,12,5,10,0.4736717248384931,2.8818850700671854,226,52,57
V,Financial,LSTM,classification,12,5,11,0.4517881448289989,3.0663112860459547,226,52,57
V,Financial,LSTM,classification,12,5,12,0.45575045906336964,3.1591857213240404,226,52,57
V,Financial,LSTM,classification,12,5,13,0.46006113660019055,3.271297289774968,226,52,57
V,Financial,LSTM,classification,12,5,14,0.448968957483241,3.3604306807884803,226,52,57
V,Financial,LSTM,classification,12,5,15,0.4214726243398886,3.70180029135484,226,52,57
V,Financial,LSTM,classification,12,5,16,0.4315526622586546,3.787201221172626,226,52,57
VZ,Technology,LSTM,classification,12,5,1,0.6961558440275359,0.6958161547498883,228,53,58
VZ,Technology,LSTM,classification,12,5,2,0.6213474409622058,0.69778529203163,228,53,58
VZ,Technology,LSTM,classification,12,5,3,0.6052580423522413,0.7030916506389402,228,53,58
VZ,Technology,LSTM,classification,12,5,4,0.5768529385851141,0.7151128570988493,228,53,58
VZ,Technology,LSTM,classification,12,5,5,0.5526840603142454,0.741830309606948,228,53,58
VZ,Technology,LSTM,classification,12,5,6,0.5461987298831605,0.8064679975779552,228,53,58
VZ,Technology,LSTM,classification,12,5,7,0.526328437683875,0.9302924061721226,228,53,58
VZ,Technology,LSTM,classification,12,5,8,0.504731908179166,1.1361889839172363,228,53,58
VZ,Technology,LSTM,classification,12,5,9,0.490550182367626,1.2378004103336695,228,53,58
VZ,Technology,LSTM,classification,12,5,10,0.47197314783146505,1.2740808781587853,228,53,58
VZ,Technology,LSTM,classification,12,5,11,0.4575885424488469,1.362652429994547,228,53,58
VZ,Technology,LSTM,classification,12,5,12,0.43008449412228766,1.3827117096703008,228,53,58
VZ,Technology,LSTM,classification,12,5,13,0.44786051961413603,1.4107021790630412,228,53,58
VZ,Technology,LSTM,classification,12,5,14,0.43439730008443195,1.504073772790297,228,53,58
VZ,Technology,LSTM,classification,12,5,15,0.4257555603981018,1.5506806148673005,228,53,58
VZ,Technology,LSTM,classification,12,5,16,0.3956467399471684,1.6244506453568082,228,53,58
WFC,Financial,LSTM,classification,12,5,1,0.6930048773365636,0.7010292434692382,217,50,55
WFC,Financial,LSTM,classification,12,5,2,0.6050158549563676,0.7066278553009033,217,50,55
WFC,Financial,LSTM,classification,12,5,3,0.5556509052553484,0.7211425232887269,217,50,55
WFC,Financial,LSTM,classification,12,5,4,0.5371991104793988,0.7566169309616089,217,50,55
WFC,Financial,LSTM,classification,12,5,5,0.5173233461819486,0.8257827663421631,217,50,55
WFC,Financial,LSTM,classification,12,5,6,0.5039953397166345,0.9552448606491089,217,50,55
WFC,Financial,LSTM,classification,12,5,7,0.4910973436821441,1.3302753114700316,217,50,55
WFC,Financial,LSTM,classification,12,5,8,0.4862335162228703,1.9919767999649047,217,50,55
WFC,Financial,LSTM,classification,12,5,9,0.44867173784888836,2.7570273303985595,217,50,55
WFC,Financial,LSTM,classification,12,5,10,0.44635131831542685,3.212656087875366,217,50,55
WFC,Financial,LSTM,classification,12,5,11,0.4463277601975999,3.496745615005493,217,50,55
WFC,Financial,LSTM,classification,12,5,12,0.4292441004981643,4.018276481628418,217,50,55
WFC,Financial,LSTM,classification,12,5,13,0.43026162017875,4.12401086807251,217,50,55
WFC,Financial,LSTM,classification,12,5,14,0.4056831191761702,3.296279802322388,217,50,55
WFC,Financial,LSTM,classification,12,5,15,0.42230605722023046,3.6708299827575686,217,50,55
WFC,Financial,LSTM,classification,12,5,16,0.4032553121241556,4.67641863822937,217,50,55
WMT,Services,LSTM,classification,12,5,1,0.7240717074944585,0.6834697402440585,227,52,57
WMT,Services,LSTM,classification,12,5,2,0.663089504063392,0.6905071139335632,227,52,57
WMT,Services,LSTM,classification,12,5,3,0.6378683216771365,0.7015016537446243,227,52,57
WMT,Services,LSTM,classification,12,5,4,0.6059858893507902,0.7207583280710074,227,52,57
WMT,Services,LSTM,classification,12,5,5,0.5994089960001638,0.7684078995998089,227,52,57
WMT,Services,LSTM,classification,12,5,6,0.5768085426696071,0.847728234070998,227,52,57
WMT,Services,LSTM,classification,12,5,7,0.5596269697344776,1.012014022240272,227,52,57
WMT,Services,LSTM,classification,12,5,8,0.5433991328210033,1.178918985220102,227,52,57
WMT,Services,LSTM,classification,12,5,9,0.5297994521746027,1.194316735634437,227,52,57
WMT,Services,LSTM,classification,12,5,10,0.5178140798329257,1.1883989480825572,227,52,57
WMT,Services,LSTM,classification,12,5,11,0.5046807099544004,1.1010791796904345,227,52,57
WMT,Services,LSTM,classification,12,5,12,0.5077567139911231,1.0975874937497652,227,52,57
WMT,Services,LSTM,classification,12,5,13,0.510471835798104,1.1195799570817213,227,52,57
WMT,Services,LSTM,classification,12,5,14,0.4845804766411298,1.1137577845500066,227,52,57
WMT,Services,LSTM,classification,12,5,15,0.4758896102989298,1.1442071291116567,227,52,57
WMT,Services,LSTM,classification,12,5,16,0.47000017328934524,1.1747898963781505,227,52,57
XOM,Basic Matierials,LSTM,classification,12,5,1,0.7146836898104865,0.7119558286248592,247,57,62
XOM,Basic Matierials,LSTM,classification,12,5,2,0.6452051335983431,0.7219087931147793,247,57,62
XOM,Basic Matierials,LSTM,classification,12,5,3,0.631904132694368,0.7326894172450953,247,57,62
XOM,Basic Matierials,LSTM,classification,12,5,4,0.6000228087429093,0.7508332708425689,247,57,62
XOM,Basic Matierials,LSTM,classification,12,5,5,0.5855087268690349,0.8061623217766745,247,57,62
XOM,Basic Matierials,LSTM,classification,12,5,6,0.5694474515162016,0.9427892231104666,247,57,62
XOM,Basic Matierials,LSTM,classification,12,5,7,0.5580027455743025,1.1606725077880056,247,57,62
XOM,Basic Matierials,LSTM,classification,12,5,8,0.5194519496398416,1.278365367337277,247,57,62
XOM,Basic Matierials,LSTM,classification,12,5,9,0.5072508366243077,1.3554335226092422,247,57,62
XOM,Basic Matierials,LSTM,classification,12,5,10,0.5010298299885955,1.530172163980049,247,57,62
XOM,Basic Matierials,LSTM,classification,12,5,11,0.4854267686002168,1.6136101379729153,247,57,62
XOM,Basic Matierials,LSTM,classification,12,5,12,0.47062320072158625,1.5753298391375625,247,57,62
XOM,Basic Matierials,LSTM,classification,12,5,13,0.46881037914318596,1.7443072252106249,247,57,62
XOM,Basic Matierials,LSTM,classification,12,5,14,0.46051934011552015,1.9881056505337096,247,57,62
XOM,Basic Matierials,LSTM,classification,12,5,15,0.45557519117830253,2.0225834511874017,247,57,62
XOM,Basic Matierials,LSTM,classification,12,5,16,0.4553180616876857,1.9891364637174105,247,57,62
