number,value,datetime_start,datetime_complete,duration,params_batch_size,params_dropout,params_early_stopping_patience,params_feature_set,params_hidden1,params_hidden2,params_horizon_steps,params_inter_rnn_drop,params_learning_rate,params_lr_factor,params_lr_patience,params_max_epochs,params_model_type,params_num_layers,params_sequence_length,params_weight_decay,user_attrs_val_directional_accuracy,user_attrs_val_f1,user_attrs_val_mcc,user_attrs_val_precision,user_attrs_val_recall,state,val_f1,val_mcc,val_precision,val_recall,val_directional_accuracy
130,0.6841330833076436,2026-02-04 00:19:08.804079,2026-02-04 00:20:51.255648,0 days 00:01:42.451569,32,0.4,20,text_indicators,256,64,1,0.0,0.007163577012851027,0.4,10,20,GRU,1,24,0.0021278305270125888,,0.6841330833076436,,,,COMPLETE,0.6841330833076436,,,,
122,0.6790820056792377,2026-02-04 00:03:45.778725,2026-02-04 00:07:36.907373,0 days 00:03:51.128648,32,0.5,20,text_indicators,256,64,1,0.0,0.007876032926090099,0.8,5,20,BiLSTM,1,24,0.006233337112709843,,0.6790820056792377,,,,COMPLETE,0.6790820056792377,,,,
129,0.6789273152720284,2026-02-04 00:17:26.896462,2026-02-04 00:19:08.803496,0 days 00:01:41.907034,32,0.4,20,text_indicators,256,64,1,0.0,0.007232779240118479,0.4,10,20,GRU,1,24,0.0013700333892473619,,0.6789273152720284,,,,COMPLETE,0.6789273152720284,,,,
121,0.6786317605024256,2026-02-04 00:02:08.221456,2026-02-04 00:03:45.778212,0 days 00:01:37.556756,32,0.5,20,text_indicators,256,64,1,0.0,0.008284569255366228,0.8,5,20,GRU,1,24,0.0023729736954378987,,0.6786317605024256,,,,COMPLETE,0.6786317605024256,,,,
128,0.678392959369761,2026-02-04 00:15:45.494135,2026-02-04 00:17:26.895750,0 days 00:01:41.401615,32,0.5,20,text_indicators,256,64,1,0.0,0.007287424371925647,0.8,10,20,GRU,1,24,0.003124099240269374,,0.678392959369761,,,,COMPLETE,0.678392959369761,,,,
127,0.6774965459345408,2026-02-04 00:14:06.270076,2026-02-04 00:15:45.493468,0 days 00:01:39.223392,32,0.5,20,text_indicators,256,64,1,0.0,0.005203950657472187,0.8,5,20,GRU,1,24,0.002036699082343144,,0.6774965459345408,,,,COMPLETE,0.6774965459345408,,,,
71,0.6769893734737416,2026-02-03 22:32:13.106551,2026-02-03 22:33:10.098355,0 days 00:00:56.991804,32,0.5,20,text_indicators,64,64,1,0.0,0.007703343265297757,0.8,5,20,GRU,2,24,0.0004380868003113842,,0.6769893734737416,,,,COMPLETE,0.6769893734737416,,,,
123,0.6769560471163499,2026-02-04 00:07:36.908094,2026-02-04 00:09:11.605570,0 days 00:01:34.697476,32,0.5,20,text_indicators,256,64,1,0.0,0.007948999359577255,0.8,5,20,GRU,1,24,0.006355014263053976,,0.6769560471163499,,,,COMPLETE,0.6769560471163499,,,,
34,0.6763862229393673,2026-02-03 17:53:06.350154,2026-02-03 17:57:14.970980,0 days 00:04:08.620826,32,0.4,20,text_indicators,256,64,1,0.1,0.002058078814035388,0.8,7,20,BiLSTM,1,30,2.375514361540619e-05,,0.6763862229393673,,,,COMPLETE,0.6763862229393673,,,,
85,0.6761698935468843,2026-02-03 22:51:14.845417,2026-02-03 22:52:17.628949,0 days 00:01:02.783532,32,0.4,20,text_indicators,64,64,1,0.0,0.002266276347423183,0.8,7,20,BiLSTM,1,24,1.0124079034430184e-07,,0.6761698935468843,,,,COMPLETE,0.6761698935468843,,,,
19,0.6761201404746684,2026-02-03 17:00:56.849655,2026-02-03 17:02:55.202232,0 days 00:01:58.352577,32,0.6,20,text_indicators,128,64,1,0.0,0.0030450105486219546,0.8,5,20,BiGRU,1,24,0.008835680121072692,,0.6761201404746684,,,,COMPLETE,0.6761201404746684,,,,
91,0.6760480700154359,2026-02-03 23:08:34.754881,2026-02-03 23:09:33.607381,0 days 00:00:58.852500,32,0.5,20,text_indicators,64,64,1,0.0,0.005686238021950982,0.8,5,20,BiGRU,1,24,5.680491766512081e-05,,0.6760480700154359,,,,COMPLETE,0.6760480700154359,,,,
126,0.6760230109031488,2026-02-04 00:12:28.261114,2026-02-04 00:14:06.269568,0 days 00:01:38.008454,32,0.4,20,text_indicators,256,64,1,0.0,0.007214207588453751,0.8,5,20,GRU,1,24,0.0020270141762118057,,0.6760230109031488,,,,COMPLETE,0.6760230109031488,,,,
43,0.6759711358941378,2026-02-03 18:38:18.674490,2026-02-03 18:55:02.818538,0 days 00:16:44.144048,32,0.4,20,text_indicators,256,64,1,0.0,0.0038490288820042227,0.8,10,20,BiLSTM,1,18,3.5043130580949975e-06,,0.6759711358941378,,,,COMPLETE,0.6759711358941378,,,,
22,0.6757679684263027,2026-02-03 17:06:11.161294,2026-02-03 17:08:07.256594,0 days 00:01:56.095300,32,0.5,20,text_indicators,128,64,1,0.0,0.0019827802712218483,0.8,5,20,BiGRU,1,24,0.0009975543633452752,,0.6757679684263027,,,,COMPLETE,0.6757679684263027,,,,
114,0.6755153688585445,2026-02-03 23:51:33.257431,2026-02-03 23:53:24.824395,0 days 00:01:51.566964,32,0.5,20,text_indicators,128,64,1,0.0,0.006126550705221177,0.8,5,20,BiGRU,1,24,0.0031619822356092693,,0.6755153688585445,,,,COMPLETE,0.6755153688585445,,,,
26,0.6755145676288423,2026-02-03 17:12:25.044205,2026-02-03 17:14:37.869773,0 days 00:02:12.825568,32,0.5,20,text_indicators,128,64,1,0.1,0.006521634347725887,0.8,5,20,BiGRU,1,30,0.003751642092524574,,0.6755145676288423,,,,COMPLETE,0.6755145676288423,,,,
33,0.6752551380045894,2026-02-03 17:38:48.299137,2026-02-03 17:53:06.348852,0 days 00:14:18.049715,32,0.4,20,text_indicators,256,64,1,0.0,0.0025171533100641435,0.8,5,20,BiLSTM,1,24,2.6440298517020342e-05,,0.6752551380045894,,,,COMPLETE,0.6752551380045894,,,,
111,0.6744844528620136,2026-02-03 23:45:39.281933,2026-02-03 23:47:43.838570,0 days 00:02:04.556637,32,0.5,20,text_indicators,128,64,1,0.0,0.009895116281550261,0.8,5,20,BiGRU,1,24,0.0047294915906751,,0.6744844528620136,,,,COMPLETE,0.6744844528620136,,,,
56,0.6743180042947197,2026-02-03 21:47:07.213858,2026-02-03 21:51:16.641472,0 days 00:04:09.427614,32,0.5,20,text_indicators,256,64,1,0.0,0.0015143401975843882,0.8,5,50,BiLSTM,1,24,0.0024869575144777292,,0.6743180042947197,,,,COMPLETE,0.6743180042947197,,,,
17,0.6742365431360877,2026-02-03 16:55:15.719778,2026-02-03 16:59:47.430252,0 days 00:04:31.710474,32,0.5,20,text_indicators,64,64,1,0.0,0.009955241494150485,0.8,5,20,GRU,2,24,0.00037104145121208344,,0.6742365431360877,,,,COMPLETE,0.6742365431360877,,,,
31,0.6742039270138499,2026-02-03 17:23:04.654893,2026-02-03 17:32:01.037484,0 days 00:08:56.382591,32,0.5,20,text_indicators,128,64,1,0.0,0.004598882069164998,0.8,5,20,BiGRU,1,24,0.004639342184378688,,0.6742039270138499,,,,COMPLETE,0.6742039270138499,,,,
54,0.6740428184840498,2026-02-03 21:40:48.596268,2026-02-03 21:44:51.867410,0 days 00:04:03.271142,32,0.4,20,text_indicators,256,64,1,0.0,0.004527706922080277,0.8,5,30,BiLSTM,1,24,6.861124740690061e-06,,0.6740428184840498,,,,COMPLETE,0.6740428184840498,,,,
92,0.6739403330678333,2026-02-03 23:09:33.607822,2026-02-03 23:10:32.570764,0 days 00:00:58.962942,32,0.5,20,text_indicators,64,64,1,0.0,0.005894253752514576,0.8,5,20,BiGRU,1,24,1.6024644425683197e-05,,0.6739403330678333,,,,COMPLETE,0.6739403330678333,,,,
65,0.6739385470675078,2026-02-03 22:17:49.758420,2026-02-03 22:21:01.793135,0 days 00:03:12.034715,32,0.6,20,text_indicators,256,64,1,0.0,0.0021565315410889126,0.8,5,50,BiGRU,1,24,0.0006093565732277132,,0.6739385470675078,,,,COMPLETE,0.6739385470675078,,,,
124,0.6738092482514718,2026-02-04 00:09:11.606265,2026-02-04 00:10:48.572710,0 days 00:01:36.966445,32,0.5,20,text_indicators,256,64,1,0.0,0.008191506483685862,0.8,5,20,GRU,1,24,0.006427597162240493,,0.6738092482514718,,,,COMPLETE,0.6738092482514718,,,,
108,0.6737399859362938,2026-02-03 23:37:55.951061,2026-02-03 23:41:15.927690,0 days 00:03:19.976629,32,0.4,20,text_indicators,256,64,1,0.1,0.008634941881857454,0.8,5,50,BiGRU,1,24,0.000559194726732433,,0.6737399859362938,,,,COMPLETE,0.6737399859362938,,,,
125,0.673225323605759,2026-02-04 00:10:48.573190,2026-02-04 00:12:28.260306,0 days 00:01:39.687116,32,0.5,20,text_indicators,256,64,1,0.0,0.006359935287900644,0.8,5,20,GRU,1,24,0.00963287465753714,,0.673225323605759,,,,COMPLETE,0.673225323605759,,,,
73,0.6732023543782635,2026-02-03 22:34:07.743074,2026-02-03 22:35:05.840144,0 days 00:00:58.097070,32,0.5,20,text_indicators,64,64,1,0.0,0.002898375957135771,0.8,5,20,GRU,2,24,0.004092661324599596,,0.6732023543782635,,,,COMPLETE,0.6732023543782635,,,,
94,0.6731702631434442,2026-02-03 23:11:30.864779,2026-02-03 23:12:28.266420,0 days 00:00:57.401641,32,0.4,20,text_indicators,64,64,1,0.0,0.0021574777043144905,0.8,5,20,BiGRU,1,24,5.879622137133746e-05,,0.6731702631434442,,,,COMPLETE,0.6731702631434442,,,,
102,0.6731653797343332,2026-02-03 23:26:51.933814,2026-02-03 23:27:53.925818,0 days 00:01:01.992004,32,0.5,20,text_indicators,64,64,1,0.0,0.007846955496153657,0.8,5,20,BiGRU,1,24,0.0011538833855801918,,0.6731653797343332,,,,COMPLETE,0.6731653797343332,,,,
18,0.6730841862512161,2026-02-03 16:59:47.431478,2026-02-03 17:00:56.848951,0 days 00:01:09.417473,32,0.5,20,text_indicators,64,64,1,0.0,0.0033268797686780505,0.8,5,20,BiGRU,1,24,0.000446755302322063,,0.6730841862512161,,,,COMPLETE,0.6730841862512161,,,,
83,0.6730136120886386,2026-02-03 22:49:08.036228,2026-02-03 22:50:07.222538,0 days 00:00:59.186310,32,0.6,20,text_indicators,64,64,1,0.0,0.004092298948399239,0.8,5,20,GRU,2,24,9.375888846562729e-06,,0.6730136120886386,,,,COMPLETE,0.6730136120886386,,,,
81,0.6729354175450278,2026-02-03 22:47:05.598752,2026-02-03 22:48:08.216216,0 days 00:01:02.617464,32,0.5,20,text_indicators,64,64,1,0.0,0.008077439332510743,0.8,5,20,GRU,2,24,0.0004280206402002485,,0.6729354175450278,,,,COMPLETE,0.6729354175450278,,,,
58,0.672869774449555,2026-02-03 21:53:26.601169,2026-02-03 21:55:23.302949,0 days 00:01:56.701780,32,0.6,20,text_indicators,128,64,1,0.1,0.005124712476982099,0.8,7,30,LSTM,2,24,0.006017441894380966,,0.672869774449555,,,,COMPLETE,0.672869774449555,,,,
23,0.6727777797233424,2026-02-03 17:08:07.257290,2026-02-03 17:10:00.486463,0 days 00:01:53.229173,32,0.6,20,text_indicators,128,64,1,0.1,0.001355147905249485,0.8,5,20,BiGRU,1,24,0.00843024042633942,,0.6727777797233424,,,,COMPLETE,0.6727777797233424,,,,
106,0.6727672457106486,2026-02-03 23:33:05.090013,2026-02-03 23:37:25.389713,0 days 00:04:20.299700,32,0.5,20,text_indicators,256,64,1,0.0,0.006425906720838778,0.8,5,30,BiLSTM,1,24,0.00034295716574005733,,0.6727672457106486,,,,COMPLETE,0.6727672457106486,,,,
42,0.6727433031475814,2026-02-03 18:17:57.948859,2026-02-03 18:38:18.672898,0 days 00:20:20.724039,32,0.4,20,text_indicators,256,64,1,0.0,0.006731117264533832,0.8,5,20,BiLSTM,1,24,2.116031647969431e-05,,0.6727433031475814,,,,COMPLETE,0.6727433031475814,,,,
93,0.6727422831756026,2026-02-03 23:10:32.571434,2026-02-03 23:11:30.864215,0 days 00:00:58.292781,32,0.5,20,text_indicators,64,64,1,0.0,0.0041186920032788305,0.8,10,20,BiGRU,1,24,5.676986820914954e-06,,0.6727422831756026,,,,COMPLETE,0.6727422831756026,,,,
21,0.6726483388465193,2026-02-03 17:04:22.958104,2026-02-03 17:06:11.160634,0 days 00:01:48.202530,32,0.5,20,text_indicators,128,64,1,0.0,0.0032193197321781298,0.8,5,20,BiGRU,1,24,0.0003926517019334442,,0.6726483388465193,,,,COMPLETE,0.6726483388465193,,,,
118,0.6725481684526784,2026-02-03 23:57:59.399570,2026-02-03 23:59:53.141140,0 days 00:01:53.741570,32,0.4,20,text_indicators,128,64,1,0.0,0.006106228644809118,0.8,5,20,BiGRU,1,24,0.007819808293646471,,0.6725481684526784,,,,COMPLETE,0.6725481684526784,,,,
84,0.6725350073016269,2026-02-03 22:50:07.222991,2026-02-03 22:51:14.844718,0 days 00:01:07.621727,32,0.5,20,text_indicators,64,64,1,0.0,0.009709386614940486,0.8,5,20,GRU,2,30,0.00032968509075485683,,0.6725350073016269,,,,COMPLETE,0.6725350073016269,,,,
61,0.6723233011006954,2026-02-03 22:00:31.780873,2026-02-03 22:04:45.343872,0 days 00:04:13.562999,32,0.5,20,text_indicators,256,64,1,0.0,0.0014204294936655283,0.8,5,50,BiLSTM,1,24,0.0032888560418316984,,0.6723233011006954,,,,COMPLETE,0.6723233011006954,,,,
27,0.6721896796507041,2026-02-03 17:14:37.870489,2026-02-03 17:16:47.489291,0 days 00:02:09.618802,32,0.6,20,text_indicators,128,64,1,0.1,0.005239657589302229,0.8,5,20,BiGRU,1,30,0.0042241441346464025,,0.6721896796507041,,,,COMPLETE,0.6721896796507041,,,,
82,0.6720858673697777,2026-02-03 22:48:08.217021,2026-02-03 22:49:08.035558,0 days 00:00:59.818537,32,0.5,20,text_indicators,64,64,1,0.0,0.006976485548483436,0.8,5,20,GRU,2,24,0.009436304074770118,,0.6720858673697777,,,,COMPLETE,0.6720858673697777,,,,
75,0.6720849206823699,2026-02-03 22:36:03.660720,2026-02-03 22:36:53.018461,0 days 00:00:49.357741,32,0.4,20,text_indicators,64,64,1,0.1,0.004770303481702856,0.8,5,20,GRU,2,18,0.0004968414782740997,,0.6720849206823699,,,,COMPLETE,0.6720849206823699,,,,
74,0.6719954501019542,2026-02-03 22:35:05.840579,2026-02-03 22:36:03.660290,0 days 00:00:57.819711,32,0.6,20,text_indicators,64,64,1,0.0,0.005717707497987043,0.8,5,20,GRU,2,24,0.00018999503066277778,,0.6719954501019542,,,,COMPLETE,0.6719954501019542,,,,
67,0.6719405560652306,2026-02-03 22:22:10.835143,2026-02-03 22:24:03.655145,0 days 00:01:52.820002,32,0.6,20,text_indicators,128,64,1,0.0,0.005767824419862708,0.8,5,20,BiGRU,1,24,0.0030119074159920918,,0.6719405560652306,,,,COMPLETE,0.6719405560652306,,,,
45,0.6718958075626685,2026-02-03 20:48:12.967503,2026-02-03 20:55:00.892755,0 days 00:06:47.925252,32,0.5,15,text_indicators,128,64,1,0.1,0.004084331404788502,0.4,10,20,BiLSTM,1,18,8.937593442899764e-06,,0.6718958075626685,,,,COMPLETE,0.6718958075626685,,,,
117,0.6718186090946805,2026-02-03 23:56:02.275921,2026-02-03 23:57:59.398844,0 days 00:01:57.122923,32,0.5,20,text_indicators,128,64,1,0.0,0.00391000051886348,0.8,5,20,BiGRU,1,24,0.004938588972913032,,0.6718186090946805,,,,COMPLETE,0.6718186090946805,,,,
107,0.6717429128017137,2026-02-03 23:37:25.390407,2026-02-03 23:37:55.950625,0 days 00:00:30.560218,32,0.30000000000000004,15,text_indicators,64,64,1,0.0,0.0035409817574224333,0.4,5,20,GRU,1,24,0.007822234077213617,,0.6717429128017137,,,,COMPLETE,0.6717429128017137,,,,
72,0.6715546155483736,2026-02-03 22:33:10.098802,2026-02-03 22:34:07.742579,0 days 00:00:57.643777,32,0.5,20,text_indicators,64,64,1,0.0,0.008772166315904148,0.8,5,20,GRU,2,24,0.002032832528413516,,0.6715546155483736,,,,COMPLETE,0.6715546155483736,,,,
103,0.6714469197252645,2026-02-03 23:27:53.926540,2026-02-03 23:28:30.049499,0 days 00:00:36.122959,32,0.6,20,text_indicators,64,64,1,0.0,0.00446228397404944,0.8,5,20,GRU,1,24,0.00016389557656575123,,0.6714469197252645,,,,COMPLETE,0.6714469197252645,,,,
41,0.6713520838724601,2026-02-03 18:14:19.232540,2026-02-03 18:17:57.948149,0 days 00:03:38.715609,32,0.4,20,text_indicators,256,64,1,0.0,0.003191004543401435,0.8,7,20,BiLSTM,1,24,3.9626127433550484e-05,,0.6713520838724601,,,,COMPLETE,0.6713520838724601,,,,
16,0.6712302717983363,2026-02-03 16:53:54.427944,2026-02-03 16:55:15.717418,0 days 00:01:21.289474,32,0.4,20,text_indicators,64,64,1,0.2,0.00835639739172393,0.8,5,20,GRU,2,24,0.00011119131882131345,,0.6712302717983363,,,,COMPLETE,0.6712302717983363,,,,
104,0.6712082928618175,2026-02-03 23:28:30.050008,2026-02-03 23:29:34.962317,0 days 00:01:04.912309,32,0.5,20,text_indicators,64,64,1,0.0,0.0053511208809207044,0.8,5,20,BiLSTM,1,24,0.005108784461963261,,0.6712082928618175,,,,COMPLETE,0.6712082928618175,,,,
97,0.670985259183626,2026-02-03 23:15:41.743228,2026-02-03 23:19:33.594646,0 days 00:03:51.851418,32,0.4,20,base,256,64,1,0.0,0.0006795793633112493,0.8,5,20,BiLSTM,1,24,2.167272707902013e-05,,0.670985259183626,,,,COMPLETE,0.670985259183626,,,,
99,0.6709219539221124,2026-02-03 23:20:52.243236,2026-02-03 23:21:32.341645,0 days 00:00:40.098409,64,0.5,10,text_indicators,128,32,1,0.0,0.0018280718155553783,0.8,5,20,LSTM,1,24,7.995426852108371e-07,,0.6709219539221124,,,,COMPLETE,0.6709219539221124,,,,
112,0.6708409934839917,2026-02-03 23:47:43.839358,2026-02-03 23:49:40.288711,0 days 00:01:56.449353,32,0.5,20,text_indicators,128,64,1,0.0,0.009537605750000665,0.8,5,20,BiGRU,1,24,0.0018115165825302332,,0.6708409934839917,,,,COMPLETE,0.6708409934839917,,,,
113,0.6707166875012275,2026-02-03 23:49:40.289398,2026-02-03 23:51:33.256749,0 days 00:01:52.967351,32,0.5,20,text_indicators,128,64,1,0.0,0.007486821033216187,0.8,5,20,BiGRU,1,24,0.003769745122775329,,0.6707166875012275,,,,COMPLETE,0.6707166875012275,,,,
24,0.6705755222418044,2026-02-03 17:10:00.487169,2026-02-03 17:11:30.493103,0 days 00:01:30.005934,32,0.4,20,text_indicators,128,64,1,0.0,0.00512579233138153,0.8,5,20,BiGRU,1,18,0.0014059863161192884,,0.6705755222418044,,,,COMPLETE,0.6705755222418044,,,,
47,0.6704533491245235,2026-02-03 21:17:28.642161,2026-02-03 21:21:32.501414,0 days 00:04:03.859253,32,0.6,20,text_indicators,128,128,1,0.0,0.006257771638071531,0.8,10,50,LSTM,1,36,0.0025312481508645763,,0.6704533491245235,,,,COMPLETE,0.6704533491245235,,,,
96,0.670408712348857,2026-02-03 23:13:37.222081,2026-02-03 23:15:41.742552,0 days 00:02:04.520471,32,0.6,20,text_indicators,128,64,1,0.0,0.0049573116154392975,0.8,5,20,BiGRU,1,24,2.7654287316704003e-06,,0.670408712348857,,,,COMPLETE,0.670408712348857,,,,
115,0.6703034601850462,2026-02-03 23:53:24.825221,2026-02-03 23:55:19.174462,0 days 00:01:54.349241,32,0.5,20,text_indicators,128,64,1,0.0,0.005540166663256559,0.8,5,20,BiGRU,1,24,0.002774886207732795,,0.6703034601850462,,,,COMPLETE,0.6703034601850462,,,,
101,0.6702505576985963,2026-02-03 23:24:47.030887,2026-02-03 23:26:51.933017,0 days 00:02:04.902130,32,0.5,20,text_indicators,64,64,1,0.0,0.006676770954242649,0.8,5,20,BiLSTM,2,24,0.0009095886470446843,,0.6702505576985963,,,,COMPLETE,0.6702505576985963,,,,
53,0.6701906087628184,2026-02-03 21:37:50.608717,2026-02-03 21:40:48.595470,0 days 00:02:57.986753,32,0.4,20,text_indicators,256,64,1,0.0,0.007275677032018856,0.8,5,20,BiLSTM,1,18,3.483009743416278e-06,,0.6701906087628184,,,,COMPLETE,0.6701906087628184,,,,
100,0.6701417283470851,2026-02-03 23:21:32.342072,2026-02-03 23:24:47.030177,0 days 00:03:14.688105,32,0.5,20,text_indicators,256,64,1,0.0,0.0025381887909377635,0.8,7,20,BiLSTM,1,18,0.0025628380419675696,,0.6701417283470851,,,,COMPLETE,0.6701417283470851,,,,
90,0.6701271678002838,2026-02-03 23:03:53.429207,2026-02-03 23:08:34.754181,0 days 00:04:41.324974,16,0.30000000000000004,20,text_indicators,256,64,1,0.0,0.0030805973895389567,0.8,7,20,BiLSTM,1,18,1.0386690974798617e-07,,0.6701271678002838,,,,COMPLETE,0.6701271678002838,,,,
88,0.6699992471259165,2026-02-03 22:58:29.351742,2026-02-03 23:01:48.423495,0 days 00:03:19.071753,32,0.4,15,text_indicators,256,64,1,0.1,0.001918847062502692,0.8,7,20,BiLSTM,1,24,3.209157226337932e-07,,0.6699992471259165,,,,COMPLETE,0.6699992471259165,,,,
49,0.6697985381561016,2026-02-03 21:25:03.949528,2026-02-03 21:25:49.606781,0 days 00:00:45.657253,64,0.5,10,text_indicators,128,32,1,0.2,0.0005792376681564488,0.4,7,20,BiGRU,1,18,5.710277659604501e-07,,0.6697985381561016,,,,COMPLETE,0.6697985381561016,,,,
62,0.6695292984940312,2026-02-03 22:04:45.344555,2026-02-03 22:08:59.476919,0 days 00:04:14.132364,32,0.5,20,text_indicators,256,64,1,0.0,0.0008208344944455517,0.8,5,50,BiLSTM,1,24,0.0011076153185640431,,0.6695292984940312,,,,COMPLETE,0.6695292984940312,,,,
116,0.6693804490747464,2026-02-03 23:55:19.175105,2026-02-03 23:56:02.275491,0 days 00:00:43.100386,32,0.4,20,text_indicators,128,64,1,0.0,0.00256578556605293,0.8,5,20,BiGRU,1,6,4.477607839862213e-07,,0.6693804490747464,,,,COMPLETE,0.6693804490747464,,,,
20,0.669289472159068,2026-02-03 17:02:55.202973,2026-02-03 17:04:22.957409,0 days 00:01:27.754436,32,0.6,20,text_indicators,128,64,1,0.0,0.0032577349699764047,0.8,5,20,BiGRU,1,18,0.007998005043478463,,0.669289472159068,,,,COMPLETE,0.669289472159068,,,,
36,0.6690422841382163,2026-02-03 17:59:50.117674,2026-02-03 18:04:35.584104,0 days 00:04:45.466430,32,0.4,20,text_indicators,256,64,1,0.1,0.00014395565257022976,0.8,7,20,BiLSTM,1,36,0.009903012485551674,,0.6690422841382163,,,,COMPLETE,0.6690422841382163,,,,
51,0.6690276333785392,2026-02-03 21:30:35.261653,2026-02-03 21:34:15.133855,0 days 00:03:39.872202,32,0.4,20,text_indicators,256,64,1,0.0,0.003649047172438329,0.8,5,20,BiLSTM,1,24,1.2489853226722563e-05,,0.6690276333785392,,,,COMPLETE,0.6690276333785392,,,,
77,0.6689552083878431,2026-02-03 22:38:00.356840,2026-02-03 22:40:26.138887,0 days 00:02:25.782047,16,0.4,20,text_indicators,128,128,1,0.0,0.0034622008574964743,0.8,7,20,BiGRU,1,24,0.0015633167021098327,,0.6689552083878431,,,,COMPLETE,0.6689552083878431,,,,
60,0.6687827379637232,2026-02-03 21:57:20.679029,2026-02-03 22:00:31.780183,0 days 00:03:11.101154,16,0.0,20,text_indicators,128,128,1,0.0,0.0037061031958066913,0.4,5,20,BiLSTM,1,30,3.509551910670681e-07,,0.6687827379637232,,,,COMPLETE,0.6687827379637232,,,,
14,0.6686606431310861,2026-02-03 16:46:38.611203,2026-02-03 16:52:17.712617,0 days 00:05:39.101414,32,0.1,20,text_indicators,64,64,1,0.30000000000000004,0.00875368725296903,0.8,5,30,GRU,2,36,6.850755836089353e-05,,0.6686606431310861,,,,COMPLETE,0.6686606431310861,,,,
59,0.6686515808599376,2026-02-03 21:55:23.303430,2026-02-03 21:57:20.678342,0 days 00:01:57.374912,32,0.4,15,text_indicators,256,64,1,0.0,0.00197723198564427,0.8,5,20,BiGRU,1,18,6.797025111520718e-05,,0.6686515808599376,,,,COMPLETE,0.6686515808599376,,,,
32,0.6686047657973773,2026-02-03 17:32:01.038784,2026-02-03 17:38:48.298398,0 days 00:06:47.259614,32,0.5,20,text_indicators,128,64,1,0.0,0.006430385735689853,0.8,5,20,BiGRU,1,18,0.00026467838697104783,,0.6686047657973773,,,,COMPLETE,0.6686047657973773,,,,
46,0.6685432534647578,2026-02-03 20:55:00.894160,2026-02-03 21:17:28.641347,0 days 00:22:27.747187,32,0.30000000000000004,20,base,256,64,1,0.2,0.0016478257212674075,0.8,10,20,BiGRU,1,6,3.1935017574506087e-06,,0.6685432534647578,,,,COMPLETE,0.6685432534647578,,,,
30,0.6684438654504387,2026-02-03 17:20:33.834226,2026-02-03 17:23:04.654175,0 days 00:02:30.819949,16,0.6,20,text_indicators,128,32,1,0.0,0.0004392228782352795,0.8,5,20,BiGRU,1,24,0.0009959969576897384,,0.6684438654504387,,,,COMPLETE,0.6684438654504387,,,,
109,0.6684214993787085,2026-02-03 23:41:15.928435,2026-02-03 23:44:36.795623,0 days 00:03:20.867188,32,0.6,20,text_indicators,128,128,1,0.2,0.003052614559002388,0.8,10,20,BiLSTM,2,18,0.00076378831439512,,0.6684214993787085,,,,COMPLETE,0.6684214993787085,,,,
80,0.6678486109665595,2026-02-03 22:46:18.978611,2026-02-03 22:47:05.597808,0 days 00:00:46.619197,64,0.30000000000000004,10,base,128,32,1,0.0,0.0008793897624628466,0.8,10,20,BiGRU,1,18,0.0006897970203736854,,0.6678486109665595,,,,COMPLETE,0.6678486109665595,,,,
37,0.6677971290145651,2026-02-03 18:04:35.584812,2026-02-03 18:08:35.906642,0 days 00:04:00.321830,32,0.5,15,base,256,64,1,0.2,0.0018132822130523345,0.8,7,20,BiLSTM,1,30,1.4192738451876707e-05,,0.6677971290145651,,,,COMPLETE,0.6677971290145651,,,,
120,0.6677009182620792,2026-02-04 00:00:36.008061,2026-02-04 00:02:08.220763,0 days 00:01:32.212702,64,0.5,20,text_indicators,128,64,1,0.1,0.0019878519489193035,0.8,7,20,BiGRU,1,30,0.0032569332940319893,,0.6677009182620792,,,,COMPLETE,0.6677009182620792,,,,
78,0.6676980996738867,2026-02-03 22:40:26.139403,2026-02-03 22:41:37.107413,0 days 00:01:10.968010,32,0.6,20,text_indicators,128,64,1,0.30000000000000004,0.001143464602062519,0.4,5,20,GRU,1,30,0.0010911525340313612,,0.6676980996738867,,,,COMPLETE,0.6676980996738867,,,,
55,0.6675960155339348,2026-02-03 21:44:51.868125,2026-02-03 21:47:07.213025,0 days 00:02:15.344900,32,0.5,20,text_indicators,128,64,1,0.0,0.001050328035558517,0.8,5,20,BiGRU,1,30,0.00014253955952040444,,0.6675960155339348,,,,COMPLETE,0.6675960155339348,,,,
39,0.6675842145028255,2026-02-03 18:11:21.299114,2026-02-03 18:13:15.670039,0 days 00:01:54.370925,16,0.6,20,base,128,128,1,0.1,0.0023098878632209735,0.8,7,20,LSTM,1,30,0.0007369274634644653,,0.6675842145028255,,,,COMPLETE,0.6675842145028255,,,,
15,0.6675499354143059,2026-02-03 16:52:17.713307,2026-02-03 16:53:54.427269,0 days 00:01:36.713962,32,0.2,20,text_indicators,64,64,1,0.2,0.009885285793863854,0.8,5,30,GRU,2,30,7.984603162350517e-05,,0.6675499354143059,,,,COMPLETE,0.6675499354143059,,,,
38,0.6675470396855921,2026-02-03 18:08:35.907331,2026-02-03 18:11:21.298343,0 days 00:02:45.391012,64,0.30000000000000004,10,text_indicators,256,32,1,0.1,0.0009844838008913946,0.4,7,50,BiLSTM,1,30,0.00015191770617041487,,0.6675470396855921,,,,COMPLETE,0.6675470396855921,,,,
69,0.6675008803905281,2026-02-03 22:26:41.136753,2026-02-03 22:27:23.039225,0 days 00:00:41.902472,64,0.2,10,base,128,64,1,0.1,0.004130912960184383,0.8,5,20,BiGRU,1,18,0.0002713585738037337,,0.6675008803905281,,,,COMPLETE,0.6675008803905281,,,,
119,0.6673273369709801,2026-02-03 23:59:53.141644,2026-02-04 00:00:36.007342,0 days 00:00:42.865698,32,0.6,10,text_indicators,128,32,1,0.0,0.0045825277618825174,0.8,5,50,BiGRU,1,12,0.0013061437969115687,,0.6673273369709801,,,,COMPLETE,0.6673273369709801,,,,
52,0.6670650935279547,2026-02-03 21:34:15.134357,2026-02-03 21:37:50.608204,0 days 00:03:35.473847,32,0.30000000000000004,20,text_indicators,256,64,1,0.0,0.002576162786104201,0.8,5,20,BiLSTM,1,24,4.907677919666016e-05,,0.6670650935279547,,,,COMPLETE,0.6670650935279547,,,,
63,0.6669919509115626,2026-02-03 22:08:59.477647,2026-02-03 22:14:23.433522,0 days 00:05:23.955875,32,0.5,20,text_indicators,256,64,1,0.0,1.050710370409627e-05,0.8,5,50,BiLSTM,1,24,0.0015238195891943117,,0.6669919509115626,,,,COMPLETE,0.6669919509115626,,,,
76,0.6669539577213314,2026-02-03 22:36:53.018899,2026-02-03 22:38:00.356339,0 days 00:01:07.337440,32,0.5,15,text_indicators,64,64,1,0.0,0.009184652701428158,0.8,10,20,LSTM,2,30,9.126969453121956e-05,,0.6669539577213314,,,,COMPLETE,0.6669539577213314,,,,
57,0.6668724832364114,2026-02-03 21:51:16.642168,2026-02-03 21:53:26.600420,0 days 00:02:09.958252,32,0.30000000000000004,20,text_indicators,128,64,1,0.4,0.0028178226620322643,0.8,10,20,BiGRU,1,30,1.750689150471156e-05,,0.6668724832364114,,,,COMPLETE,0.6668724832364114,,,,
98,0.6668010404832662,2026-02-03 23:19:33.595410,2026-02-03 23:20:52.242559,0 days 00:01:18.647149,32,0.4,20,text_indicators,64,64,1,0.1,0.0034744126493632954,0.8,10,50,BiGRU,1,30,0.00011056352169010112,,0.6668010404832662,,,,COMPLETE,0.6668010404832662,,,,
50,0.6667196683826984,2026-02-03 21:25:49.607280,2026-02-03 21:30:35.260911,0 days 00:04:45.653631,32,0.2,20,base,256,64,1,0.2,0.0002036434696724211,0.8,10,20,BiLSTM,1,36,1.7449432817504943e-06,,0.6667196683826984,,,,COMPLETE,0.6667196683826984,,,,
11,0.6667036996379672,2026-02-03 16:42:16.798387,2026-02-03 16:43:50.470315,0 days 00:01:33.671928,32,0.1,20,text_indicators,64,64,1,0.30000000000000004,0.0005863940905305213,0.8,5,30,GRU,2,36,1.4003132155254677e-07,,0.6667036996379672,,,,COMPLETE,0.6667036996379672,,,,
44,0.6663739308812842,2026-02-03 18:55:02.819556,2026-02-03 20:48:12.965370,0 days 01:53:10.145814,32,0.30000000000000004,20,text_indicators,256,32,1,0.0,5.9085035124163324e-05,0.8,10,50,BiLSTM,1,18,1.7226126844876736e-06,,0.6663739308812842,,,,COMPLETE,0.6663739308812842,,,,
10,0.6663211007389532,2026-02-03 16:40:48.267109,2026-02-03 16:42:16.797631,0 days 00:01:28.530522,32,0.1,20,text_indicators,64,64,1,0.30000000000000004,0.0006257292556135684,0.8,5,30,GRU,2,36,6.792884634142167e-07,,0.6663211007389532,,,,COMPLETE,0.6663211007389532,,,,
89,0.6663049714453594,2026-02-03 23:01:48.424231,2026-02-03 23:03:53.427759,0 days 00:02:05.003528,32,0.4,20,text_indicators,128,64,1,0.0,0.002647325231401342,0.4,7,30,BiLSTM,1,18,0.0065613856310557,,0.6663049714453594,,,,COMPLETE,0.6663049714453594,,,,
87,0.6660991144216001,2026-02-03 22:57:14.836014,2026-02-03 22:58:29.351361,0 days 00:01:14.515347,32,0.4,20,text_indicators,64,64,1,0.2,0.001474379605150982,0.8,7,50,BiLSTM,1,24,1.7563793460554722e-07,,0.6660991144216001,,,,COMPLETE,0.6660991144216001,,,,
25,0.6660301390621374,2026-02-03 17:11:30.493962,2026-02-03 17:12:25.043627,0 days 00:00:54.549665,32,0.4,15,text_indicators,128,64,1,0.0,0.0019664110192482718,0.8,5,20,BiGRU,1,12,0.0009033593043703355,,0.6660301390621374,,,,COMPLETE,0.6660301390621374,,,,
64,0.6660034622179783,2026-02-03 22:14:23.434259,2026-02-03 22:17:49.757739,0 days 00:03:26.323480,32,0.4,20,text_indicators,256,64,1,0.0,0.001591309124869191,0.8,5,50,BiLSTM,1,18,1.0399061081067267e-06,,0.6660034622179783,,,,COMPLETE,0.6660034622179783,,,,
5,0.6659466868590354,2026-02-03 16:30:09.935641,2026-02-03 16:31:00.075167,0 days 00:00:50.139526,64,0.2,10,text_indicators,64,32,1,0.4,0.0002346495995733148,0.4,10,30,GRU,2,36,2.3036183119121475e-07,,0.6659466868590354,,,,COMPLETE,0.6659466868590354,,,,
86,0.6657742739714279,2026-02-03 22:52:17.629423,2026-02-03 22:57:14.835278,0 days 00:04:57.205855,32,0.4,20,text_indicators,256,64,1,0.0,0.0022955145556583533,0.8,7,20,BiLSTM,1,36,0.004188295086627442,,0.6657742739714279,,,,COMPLETE,0.6657742739714279,,,,
40,0.6655613078774841,2026-02-03 18:13:15.671283,2026-02-03 18:14:19.231779,0 days 00:01:03.560496,64,0.5,10,text_indicators,256,64,1,0.1,0.00036030854572098576,0.4,10,20,BiGRU,1,12,5.497372181547316e-06,,0.6655613078774841,,,,COMPLETE,0.6655613078774841,,,,
35,0.6655605159533643,2026-02-03 17:57:14.971661,2026-02-03 17:59:50.116982,0 days 00:02:35.145321,64,0.6,10,base,256,128,1,0.1,0.0012757216427330765,0.8,7,20,BiLSTM,1,30,2.4491819960380233e-05,,0.6655605159533643,,,,COMPLETE,0.6655605159533643,,,,
68,0.6654572627785467,2026-02-03 22:24:03.655840,2026-02-03 22:26:41.136098,0 days 00:02:37.480258,32,0.4,20,text_indicators,256,32,1,0.0,0.007494608947470502,0.8,7,30,BiLSTM,1,12,0.006547496682828037,,0.6654572627785467,,,,COMPLETE,0.6654572627785467,,,,
3,0.6653910566303668,2026-02-03 16:29:21.271498,2026-02-03 16:29:42.213375,0 days 00:00:20.941877,64,0.6,15,base,64,64,1,0.2,0.004587787805230921,0.4,7,20,BiLSTM,1,6,5.580339554448178e-07,,0.6653910566303668,,,,COMPLETE,0.6653910566303668,,,,
95,0.6653831528489487,2026-02-03 23:12:28.266865,2026-02-03 23:13:37.221654,0 days 00:01:08.954789,32,0.5,20,text_indicators,64,128,1,0.0,0.0012679669549773775,0.8,7,20,BiGRU,1,30,3.377165683437654e-05,,0.6653831528489487,,,,COMPLETE,0.6653831528489487,,,,
9,0.6646960373211123,2026-02-03 16:39:40.133005,2026-02-03 16:40:48.265973,0 days 00:01:08.132968,16,0.0,10,base,128,128,1,0.4,2.8688838873748827e-05,0.4,10,50,LSTM,1,18,5.56975469744015e-06,,0.6646960373211123,,,,COMPLETE,0.6646960373211123,,,,
110,0.6646030043199244,2026-02-03 23:44:36.796321,2026-02-03 23:45:39.281435,0 days 00:01:02.485114,16,0.5,20,base,64,64,1,0.0,0.0015338603109167385,0.8,7,20,LSTM,1,30,0.00023322966979456034,,0.6646030043199244,,,,COMPLETE,0.6646030043199244,,,,
70,0.6643965993525689,2026-02-03 22:27:23.039898,2026-02-03 22:32:13.105832,0 days 00:04:50.065934,32,0.5,20,text_indicators,256,64,1,0.0,0.001696466980815092,0.8,5,50,BiLSTM,1,30,2.7182258665190146e-05,,0.6643965993525689,,,,COMPLETE,0.6643965993525689,,,,
2,0.6643461916363533,2026-02-03 16:24:02.729580,2026-02-03 16:29:21.270013,0 days 00:05:18.540433,16,0.30000000000000004,10,base,256,128,1,0.2,0.0016247359562282027,0.4,7,20,BiLSTM,2,30,1.1263713510356098e-05,,0.6643461916363533,,,,COMPLETE,0.6643461916363533,,,,
48,0.6642131268432587,2026-02-03 21:21:32.502234,2026-02-03 21:25:03.947988,0 days 00:03:31.445754,16,0.4,20,text_indicators,256,64,1,0.1,0.002335139376283745,0.8,10,20,BiLSTM,1,12,0.0056254032762356595,,0.6642131268432587,,,,COMPLETE,0.6642131268432587,,,,
105,0.6639236332909864,2026-02-03 23:29:34.962746,2026-02-03 23:33:05.089221,0 days 00:03:30.126475,32,0.4,20,text_indicators,128,64,1,0.4,6.886181256845725e-05,0.8,5,20,BiGRU,2,30,0.0001932225026010425,,0.6639236332909864,,,,COMPLETE,0.6639236332909864,,,,
0,0.663811201283176,2026-02-03 16:20:24.088514,2026-02-03 16:23:42.208457,0 days 00:03:18.119943,16,0.0,10,text_indicators,256,32,1,0.1,9.837248522375728e-05,0.8,7,30,LSTM,2,36,0.001839312629021013,,0.663811201283176,,,,COMPLETE,0.663811201283176,,,,
29,0.6637906988542173,2026-02-03 17:19:27.846043,2026-02-03 17:20:33.833539,0 days 00:01:05.987496,32,0.4,15,text_indicators,128,64,1,0.1,0.0011766237366595542,0.8,7,20,LSTM,1,30,0.0017805768367746522,,0.6637906988542173,,,,COMPLETE,0.6637906988542173,,,,
28,0.6637064819568402,2026-02-03 17:16:47.489969,2026-02-03 17:19:27.845371,0 days 00:02:40.355402,16,0.5,20,text_indicators,128,128,1,0.1,0.0024989292045366086,0.8,5,20,BiGRU,1,30,0.00343061626906765,,0.6637064819568402,,,,COMPLETE,0.6637064819568402,,,,
8,0.6635742319623507,2026-02-03 16:35:51.501268,2026-02-03 16:39:40.131758,0 days 00:03:48.630490,64,0.2,20,base,256,32,1,0.1,1.7195329617706346e-05,0.4,10,50,BiGRU,2,18,0.0026026166321186247,,0.6635742319623507,,,,COMPLETE,0.6635742319623507,,,,
66,0.6632272995561616,2026-02-03 22:21:01.793785,2026-02-03 22:22:10.834622,0 days 00:01:09.040837,32,0.5,20,text_indicators,64,64,1,0.1,0.0028805511136434725,0.8,5,20,GRU,2,30,0.002253284980401709,,0.6632272995561616,,,,COMPLETE,0.6632272995561616,,,,
7,0.6616086674214181,2026-02-03 16:32:13.130993,2026-02-03 16:35:51.500010,0 days 00:03:38.369017,16,0.30000000000000004,15,text_indicators,128,32,1,0.1,0.00010397376597030363,0.4,10,50,BiLSTM,2,24,0.00027542876597564357,,0.6616086674214181,,,,COMPLETE,0.6616086674214181,,,,
13,0.6610482431693351,2026-02-03 16:45:08.887099,2026-02-03 16:46:38.610432,0 days 00:01:29.723333,32,0.1,20,text_indicators,64,64,1,0.30000000000000004,0.0007709326242341315,0.8,5,30,GRU,2,30,1.414255535728671e-07,,0.6610482431693351,,,,COMPLETE,0.6610482431693351,,,,
4,0.6607837414474974,2026-02-03 16:29:42.213747,2026-02-03 16:30:09.934455,0 days 00:00:27.720708,32,0.30000000000000004,15,base,64,32,1,0.4,1.4290204075571361e-05,0.4,10,30,BiGRU,1,6,3.753187443496945e-06,,0.6607837414474974,,,,COMPLETE,0.6607837414474974,,,,
79,0.6605749025078517,2026-02-03 22:41:37.107842,2026-02-03 22:46:18.977875,0 days 00:04:41.870033,32,0.5,20,text_indicators,256,64,1,0.1,2.7898918093991964e-05,0.8,5,20,BiLSTM,2,24,3.824940304053585e-05,,0.6605749025078517,,,,COMPLETE,0.6605749025078517,,,,
12,0.6605347490698108,2026-02-03 16:43:50.471808,2026-02-03 16:45:08.886389,0 days 00:01:18.414581,32,0.1,20,text_indicators,64,64,1,0.30000000000000004,0.0008205920143380671,0.8,5,30,GRU,2,30,1.2862678137856524e-06,,0.6605347490698108,,,,COMPLETE,0.6605347490698108,,,,
1,0.6604096351880471,2026-02-03 16:23:42.210376,2026-02-03 16:24:02.728030,0 days 00:00:20.517654,64,0.30000000000000004,10,text_indicators,128,128,1,0.0,0.0017738849102337318,0.8,10,30,GRU,1,12,4.7522742979122185e-05,,0.6604096351880471,,,,COMPLETE,0.6604096351880471,,,,
6,0.6581235873848881,2026-02-03 16:31:00.076155,2026-02-03 16:32:13.129223,0 days 00:01:13.053068,64,0.5,10,base,256,128,1,0.30000000000000004,0.0002765976580156166,0.4,7,50,LSTM,2,12,2.89065311761491e-07,,0.6581235873848881,,,,COMPLETE,0.6581235873848881,,,,
