number,value,datetime_start,datetime_complete,duration,params_batch_size,params_dropout,params_early_stopping_min_delta,params_early_stopping_patience,params_feature_set,params_hidden1,params_hidden2,params_horizon_steps,params_huber_delta,params_inter_rnn_drop,params_learning_rate,params_lr_factor,params_lr_patience,params_max_epochs,params_model_type,params_num_layers,params_sequence_length,params_weight_decay,user_attrs_val_directional_accuracy,user_attrs_val_f1,user_attrs_val_mcc,user_attrs_val_precision,user_attrs_val_recall,state,val_f1,val_mcc,val_precision,val_recall,val_directional_accuracy
97,0.3169535136794825,2026-03-12 03:21:16.383471,2026-03-12 03:26:42.507052,0 days 00:05:26.123581,32,0.8,0.001920596164318467,15,meta_emotion,256,128,1,1.9435337559380608,0.1,0.0026185105477280358,0.4,10,30,GRU,2,15,0.0002189324148532721,0.6280112044817928,0.5739341351899477,0.3169535136794825,0.6769040270623335,0.6418338675697991,COMPLETE,0.5739341351899477,0.3169535136794825,0.6769040270623335,0.6418338675697991,0.6280112044817928
95,0.3148646862462994,2026-03-12 03:10:24.458550,2026-03-12 03:16:18.533658,0 days 00:05:54.075108,32,0.8,0.00166282804523845,15,meta_finbert,256,128,1,1.786673823187731,0.2,0.0071019405891012575,0.4,10,30,GRU,2,15,0.0009090484560435091,0.6302521008403362,0.5603922589068001,0.3148646862462994,0.6907264193267706,0.619058447198843,COMPLETE,0.5603922589068001,0.3148646862462994,0.6907264193267706,0.619058447198843,0.6302521008403362
68,0.3118790336074388,2026-03-12 01:28:21.800522,2026-03-12 01:32:08.603540,0 days 00:03:46.803018,32,0.2,0.000363916847147661,10,meta_stance,256,32,1,0.21778042368262707,0.30000000000000004,0.0013494576178857038,0.4,10,20,LSTM,1,10,1.9202400781865245e-07,0.6257703081232494,0.5617793026293144,0.3118790336074388,0.6856880377771595,0.6364741049277801,COMPLETE,0.5617793026293144,0.3118790336074388,0.6856880377771595,0.6364741049277801,0.6257703081232494
31,0.31161454669604377,2026-03-11 22:12:18.275580,2026-03-11 22:18:57.424275,0 days 00:06:39.148695,32,0.5,0.0009906700939961446,20,meta_finbert,256,32,1,1.426676928665653,0.2,0.0005845505563780864,0.4,10,30,BiGRU,1,5,1.9539034513436302e-06,0.6288515406162465,0.564439840840396,0.31161454669604377,0.6772402358937526,0.62781431280957,COMPLETE,0.564439840840396,0.31161454669604377,0.6772402358937526,0.62781431280957,0.6288515406162465
65,0.310096705274822,2026-03-12 01:14:25.648174,2026-03-12 01:19:57.132867,0 days 00:05:31.484693,32,0.5,0.0009298963312350163,15,meta_stance,256,128,1,1.3148000311049577,0.2,0.009284281144960261,0.4,10,30,BiGRU,1,10,1.3503611895835366e-05,0.6310924369747899,0.5491440951009232,0.310096705274822,0.6890276956058601,0.5963530148951471,COMPLETE,0.5491440951009232,0.310096705274822,0.6890276956058601,0.5963530148951471,0.6310924369747899
89,0.3065007054165075,2026-03-12 02:49:42.107939,2026-03-12 02:54:02.827302,0 days 00:04:20.719363,32,0.8,0.0037508325934046114,15,meta_all_nlp,256,128,1,1.6469901067198085,0.2,0.0026708942807785315,0.4,10,30,GRU,1,15,0.0005247775954055438,0.6277310924369749,0.5514946929807998,0.3065007054165075,0.6937291388695863,0.6047719291236311,COMPLETE,0.5514946929807998,0.3065007054165075,0.6937291388695863,0.6047719291236311,0.6277310924369749
47,0.30588969938108845,2026-03-11 23:38:56.581415,2026-03-11 23:44:16.741964,0 days 00:05:20.160549,32,0.4,0.0015465672648733663,15,meta_finbert,256,32,1,0.9141936936478565,0.2,0.0003571539527182316,0.8,10,30,BiGRU,1,5,6.388891412141522e-07,0.6173669467787115,0.5590964175300888,0.30588969938108845,0.6802816915815254,0.6417669830431305,COMPLETE,0.5590964175300888,0.30588969938108845,0.6802816915815254,0.6417669830431305,0.6173669467787115
83,0.30251697632896585,2026-03-12 02:31:25.125197,2026-03-12 02:33:52.054436,0 days 00:02:26.929239,128,0.8,0.00227954641094082,10,meta_finbert,128,64,1,1.3467391255875094,0.0,0.007257734107315168,0.4,7,30,GRU,1,20,1.8519148695559826e-05,0.6201680672268907,0.52838733195395,0.30251697632896585,0.7098835453478364,0.5658346760926636,COMPLETE,0.52838733195395,0.30251697632896585,0.7098835453478364,0.5658346760926636,0.6201680672268907
98,0.30213072131008145,2026-03-12 03:26:42.507938,2026-03-12 03:32:59.297495,0 days 00:06:16.789557,32,0.8,0.0021378219259375717,20,meta_emotion,256,128,1,1.7479175144848873,0.0,0.0029628988481431766,0.4,10,30,GRU,2,20,4.182738009795515e-05,0.6162464985994398,0.5368794964027532,0.30213072131008145,0.7000925752634147,0.5971176965629588,COMPLETE,0.5368794964027532,0.30213072131008145,0.7000925752634147,0.5971176965629588,0.6162464985994398
76,0.3015090213827114,2026-03-12 02:05:18.408232,2026-03-12 02:09:43.639218,0 days 00:04:25.230986,32,0.6000000000000001,0.0009240952843530549,15,meta_finbert,256,128,1,1.1096282363923384,0.2,0.007843671274642448,0.4,10,30,GRU,1,10,1.258477059289432e-05,0.6210084033613446,0.5401793549601179,0.3015090213827114,0.6967449604397304,0.5982715846215961,COMPLETE,0.5401793549601179,0.3015090213827114,0.6967449604397304,0.5982715846215961,0.6210084033613446
3,0.30120000147086273,2026-03-11 19:13:40.295740,2026-03-11 19:23:08.740192,0 days 00:09:28.444452,32,0.5,0.0013752094414599325,20,meta_finbert,256,128,1,1.8797869785997956,0.1,0.0021938654178115065,0.4,10,30,BiGRU,2,5,1.919200110156188e-06,0.6257703081232493,0.5447399851273337,0.30120000147086273,0.6903784513747304,0.597169046634215,COMPLETE,0.5447399851273337,0.30120000147086273,0.6903784513747304,0.597169046634215,0.6257703081232493
78,0.3009644699555871,2026-03-12 02:13:14.215762,2026-03-12 02:17:50.809721,0 days 00:04:36.593959,32,0.7000000000000001,0.0008330912791607,15,meta_finbert,256,128,1,1.5449168359518932,0.2,0.0037423238427840844,0.4,10,30,GRU,1,15,1.2729362980622359e-05,0.611764705882353,0.5902309662127436,0.3009644699555871,0.6363260670070934,0.7034657224978105,COMPLETE,0.5902309662127436,0.3009644699555871,0.6363260670070934,0.7034657224978105,0.611764705882353
81,0.2991524294237526,2026-03-12 02:26:44.404752,2026-03-12 02:29:04.555635,0 days 00:02:20.150883,128,0.7000000000000001,0.0004914896420721408,10,meta_finbert,128,128,1,1.4059423948635938,0.1,0.004829360263121888,0.4,10,30,GRU,1,15,9.556312085418876e-06,0.6182072829131653,0.549299359398981,0.2991524294237526,0.6848086919056192,0.6120489502722881,COMPLETE,0.549299359398981,0.2991524294237526,0.6848086919056192,0.6120489502722881,0.6182072829131653
85,0.2988416682453943,2026-03-12 02:37:27.108436,2026-03-12 02:39:54.149876,0 days 00:02:27.041440,128,0.7000000000000001,0.0023644584327845958,10,meta_err_sentiment,128,128,1,1.2596885344971616,0.1,0.00786328064597033,0.4,7,30,GRU,1,20,3.0019817579696338e-06,0.6126050420168067,0.5568484548442533,0.2988416682453943,0.6695299786595174,0.636051578410466,COMPLETE,0.5568484548442533,0.2988416682453943,0.6695299786595174,0.636051578410466,0.6126050420168067
10,0.29834087887510824,2026-03-11 19:53:49.800356,2026-03-11 20:00:14.715396,0 days 00:06:24.915040,32,0.4,0.0029178602815076006,10,meta_stance,256,64,1,1.3610468286696937,0.0,0.0035590412691734,0.4,10,30,BiLSTM,2,10,2.3471703895311483e-06,0.6196078431372548,0.5636258845878438,0.29834087887510824,0.6667402895500627,0.6396895997305482,COMPLETE,0.5636258845878438,0.29834087887510824,0.6667402895500627,0.6396895997305482,0.6196078431372548
67,0.29819910375510483,2026-03-12 01:23:02.606139,2026-03-12 01:28:21.799529,0 days 00:05:19.193390,32,0.30000000000000004,0.001020489705486292,15,meta_stance,256,32,1,0.7615268003512329,0.30000000000000004,0.004433323623967274,0.4,10,20,BiGRU,1,10,9.383041818052227e-07,0.6212885154061626,0.5376932096270344,0.29819910375510483,0.6860307901100985,0.5863110984118363,COMPLETE,0.5376932096270344,0.29819910375510483,0.6860307901100985,0.5863110984118363,0.6212885154061626
72,0.2980365707295482,2026-03-12 01:46:31.860582,2026-03-12 01:51:29.911417,0 days 00:04:58.050835,32,0.5,0.00019817710767345447,15,meta_unified_emotion,256,128,1,1.5334469896668974,0.30000000000000004,0.003532488971393396,0.4,10,30,BiGRU,1,20,3.270732004297246e-07,0.6207282913165266,0.5672587091215487,0.2980365707295482,0.6624140072680802,0.6440640807618749,COMPLETE,0.5672587091215487,0.2980365707295482,0.6624140072680802,0.6440640807618749,0.6207282913165266
86,0.29762125983668547,2026-03-12 02:39:54.150786,2026-03-12 02:44:38.887858,0 days 00:04:44.737072,32,0.5,0.0013187888828434405,15,meta_err_emotion,64,128,1,1.2006915991319858,0.1,0.005264812956356525,0.4,10,30,BiGRU,1,10,0.00047146847719777886,0.6210084033613447,0.5471582533566623,0.29762125983668547,0.6910130038521931,0.6013787240629305,COMPLETE,0.5471582533566623,0.29762125983668547,0.6910130038521931,0.6013787240629305,0.6210084033613447
69,0.2960760702293264,2026-03-12 01:32:08.604419,2026-03-12 01:37:31.692904,0 days 00:05:23.088485,32,0.2,0.0013896445089083078,15,meta_stance,256,32,1,0.7716027488272486,0.30000000000000004,0.001108969292741892,0.4,10,20,BiGRU,1,15,6.80673406693031e-06,0.6145658263305322,0.5596572780959962,0.2960760702293264,0.6667099554016308,0.6496505588411988,COMPLETE,0.5596572780959962,0.2960760702293264,0.6667099554016308,0.6496505588411988,0.6145658263305322
96,0.29598080322275244,2026-03-12 03:16:18.534662,2026-03-12 03:21:16.382474,0 days 00:04:57.847812,32,0.7000000000000001,0.0031938443528980055,15,meta_all_nlp,256,128,1,1.5681016817609552,0.2,0.005074199137475507,0.4,10,20,GRU,2,10,0.000738932274225218,0.6145658263305322,0.5682186691941891,0.29598080322275244,0.6623836923091815,0.6540226505441521,COMPLETE,0.5682186691941891,0.29598080322275244,0.6623836923091815,0.6540226505441521,0.6145658263305322
40,0.29597730753098384,2026-03-11 22:59:31.360678,2026-03-11 23:05:02.112195,0 days 00:05:30.751517,32,0.6000000000000001,0.002680518143027896,15,meta_finbert,256,32,1,0.9869826665040415,0.1,0.00028550333758326,0.4,10,30,BiGRU,1,5,5.14957247661337e-07,0.6196078431372549,0.5531900201587516,0.29597730753098384,0.6645371070735172,0.6421006800647993,COMPLETE,0.5531900201587516,0.29597730753098384,0.6645371070735172,0.6421006800647993,0.6196078431372549
88,0.2958867594965914,2026-03-12 02:47:16.420939,2026-03-12 02:49:42.107111,0 days 00:02:25.686172,128,0.8,0.0036822370876906326,10,meta_finbert,128,64,1,1.1627131021881583,0.0,0.008789426187915067,0.4,7,50,GRU,1,20,4.720062966810194e-06,0.6207282913165267,0.5452390741104844,0.2958867594965914,0.6856354698632655,0.5997100973694529,COMPLETE,0.5452390741104844,0.2958867594965914,0.6856354698632655,0.5997100973694529,0.6207282913165267
74,0.29578862103573467,2026-03-12 01:56:42.275651,2026-03-12 02:00:23.145297,0 days 00:03:40.869646,32,0.1,0.001144925430345169,10,meta_err_unified_emotion,256,32,1,0.602281618746612,0.30000000000000004,0.009919438173536816,0.4,10,20,LSTM,1,10,1.2853247265164674e-07,0.6120448179271709,0.5534801391691556,0.29578862103573467,0.6829796280956957,0.6293501671280448,COMPLETE,0.5534801391691556,0.29578862103573467,0.6829796280956957,0.6293501671280448,0.6120448179271709
84,0.2945234090728734,2026-03-12 02:33:52.055305,2026-03-12 02:37:27.107523,0 days 00:03:35.052218,32,0.7000000000000001,0.00028801046255019,10,meta_all_nlp,128,128,1,0.7411105758125444,0.2,0.006041380739777554,0.4,10,30,GRU,1,15,2.87380267280188e-05,0.6114845938375351,0.5524790316610508,0.2945234090728734,0.6710428641045257,0.6295697224811863,COMPLETE,0.5524790316610508,0.2945234090728734,0.6710428641045257,0.6295697224811863,0.6114845938375351
11,0.29436898929789795,2026-03-11 20:00:14.716309,2026-03-11 20:07:56.407895,0 days 00:07:41.691586,32,0.5,0.00330807963815747,15,meta_stance,256,128,1,1.7590747801417232,0.1,0.0014597265759437564,0.4,10,30,BiGRU,2,10,2.171918131553657e-06,0.623529411764706,0.5627963683087115,0.29436898929789795,0.6610294571329944,0.6333340115587507,COMPLETE,0.5627963683087115,0.29436898929789795,0.6610294571329944,0.6333340115587507,0.623529411764706
80,0.2940469503024832,2026-03-12 02:22:15.704433,2026-03-12 02:26:44.403879,0 days 00:04:28.699446,32,0.7000000000000001,0.0015910225207323766,15,meta_finbert,256,64,1,1.735370929905552,0.30000000000000004,0.0031639600102553096,0.8,10,30,GRU,1,15,5.1457456862519724e-06,0.6168067226890757,0.5757111034419052,0.2940469503024832,0.6555715770258091,0.6753866321051872,COMPLETE,0.5757111034419052,0.2940469503024832,0.6555715770258091,0.6753866321051872,0.6168067226890757
24,0.29401959522066595,2026-03-11 21:27:12.004651,2026-03-11 21:35:46.023254,0 days 00:08:34.018603,32,0.5,0.0018375148996779684,20,meta_finbert,256,64,1,1.7134831874910506,0.2,0.0019065356435359702,0.4,10,30,BiGRU,2,5,3.190942154083593e-07,0.615406162464986,0.5611248035501964,0.29401959522066595,0.6718719104987959,0.6548206655710198,COMPLETE,0.5611248035501964,0.29401959522066595,0.6718719104987959,0.6548206655710198,0.615406162464986
56,0.29349230028298956,2026-03-12 00:25:18.905945,2026-03-12 00:32:17.462102,0 days 00:06:58.556157,32,0.4,0.0039044883219968825,15,meta_stance,256,32,1,1.6482044527069997,0.1,0.0039444699781597346,0.4,10,50,BiGRU,2,5,7.187529950262778e-07,0.6142857142857143,0.5583051247230889,0.29349230028298956,0.6583414040265982,0.6400323124940126,COMPLETE,0.5583051247230889,0.29349230028298956,0.6583414040265982,0.6400323124940126,0.6142857142857143
38,0.2926840575212325,2026-03-11 22:50:33.808957,2026-03-11 22:55:06.285829,0 days 00:04:32.476872,64,0.7000000000000001,0.0010827470415314877,15,meta_all_nlp,256,128,1,1.7667531442619793,0.2,0.0008163518156602504,0.4,10,50,BiGRU,2,10,1.4145552728985227e-06,0.6221288515406163,0.5506067627451476,0.2926840575212325,0.6807409985860702,0.6166076790973024,COMPLETE,0.5506067627451476,0.2926840575212325,0.6807409985860702,0.6166076790973024,0.6221288515406163
75,0.29185684439546666,2026-03-12 02:00:23.146194,2026-03-12 02:05:18.407000,0 days 00:04:55.260806,32,0.5,0.0043134306635689845,15,meta_unified_emotion,256,64,1,1.4461704115342902,0.30000000000000004,0.0019475388768759906,0.4,10,30,BiGRU,1,20,2.2366418112645715e-07,0.6131652661064427,0.5401254939549016,0.29185684439546666,0.676269877528154,0.6229892798436028,COMPLETE,0.5401254939549016,0.29185684439546666,0.676269877528154,0.6229892798436028,0.6131652661064427
66,0.2917622484406628,2026-03-12 01:19:57.133906,2026-03-12 01:23:02.604797,0 days 00:03:05.470891,128,0.5,0.0023767046715574957,15,meta_stance,256,128,1,1.7603308028942046,0.2,0.001516222568351122,0.8,10,30,BiGRU,1,10,9.884939033287476e-06,0.612044817927171,0.5290181545096931,0.2917622484406628,0.7024487184971515,0.6052728423112806,COMPLETE,0.5290181545096931,0.2917622484406628,0.7024487184971515,0.6052728423112806,0.612044817927171
79,0.29161479687487485,2026-03-12 02:17:50.810676,2026-03-12 02:22:15.703555,0 days 00:04:24.892879,32,0.5,0.0006551437045292862,15,meta_finbert,256,128,1,1.4845218025015905,0.2,0.005857938754576349,0.4,10,50,GRU,1,10,2.576707866480775e-05,0.6120448179271709,0.5471037935788895,0.29161479687487485,0.676598003954314,0.6342313373837647,COMPLETE,0.5471037935788895,0.29161479687487485,0.676598003954314,0.6342313373837647,0.6120448179271709
39,0.2898790842934614,2026-03-11 22:55:06.286787,2026-03-11 22:59:31.358909,0 days 00:04:25.072122,32,0.6000000000000001,0.0029654349727347195,10,meta_finbert,256,32,1,1.7367629395830328,0.2,0.005668330900170846,0.4,7,30,BiGRU,1,15,2.7275478861825707e-06,0.6095238095238096,0.5320366564692651,0.2898790842934614,0.6831434356876523,0.6117442027807329,COMPLETE,0.5320366564692651,0.2898790842934614,0.6831434356876523,0.6117442027807329,0.6095238095238096
34,0.2894931207925201,2026-03-11 22:31:21.810804,2026-03-11 22:37:28.558389,0 days 00:06:06.747585,32,0.30000000000000004,0.0003592093185111954,20,meta_err_finbert,64,32,1,1.1047874818352954,0.1,0.0017583232058747678,0.4,7,30,BiGRU,1,5,1.1134624447930233e-06,0.6112044817927172,0.5439143101685651,0.2894931207925201,0.6793908342660606,0.6142070420458334,COMPLETE,0.5439143101685651,0.2894931207925201,0.6793908342660606,0.6142070420458334,0.6112044817927172
26,0.2894172933290502,2026-03-11 21:41:12.507873,2026-03-11 21:47:32.370767,0 days 00:06:19.862894,32,0.5,0.002037825964538194,20,meta_err_finbert,256,128,1,1.9201029663735691,0.0,0.0013802258809501426,0.4,5,20,BiLSTM,1,5,2.35792880279508e-06,0.6196078431372549,0.5714041030856994,0.2894172933290502,0.6543076259614812,0.6547959653937736,COMPLETE,0.5714041030856994,0.2894172933290502,0.6543076259614812,0.6547959653937736,0.6196078431372549
37,0.2891118042170809,2026-03-11 22:47:27.185758,2026-03-11 22:50:33.807513,0 days 00:03:06.621755,64,0.30000000000000004,0.002401211356712032,10,meta_finbert,256,32,1,1.03317662204592,0.2,0.00042307509740360414,0.4,10,50,BiGRU,1,5,5.270807149866206e-07,0.6156862745098041,0.5547053833566952,0.2891118042170809,0.6740719347465285,0.6305716502589053,COMPLETE,0.5547053833566952,0.2891118042170809,0.6740719347465285,0.6305716502589053,0.6156862745098041
14,0.2889623062247696,2026-03-11 20:22:10.099740,2026-03-11 20:28:25.433627,0 days 00:06:15.333887,64,0.5,0.00425144704928209,20,meta_stance,256,64,1,0.7734464898808645,0.0,0.008603011675687302,0.4,10,30,BiLSTM,2,5,3.0269277899872867e-05,0.6106442577030813,0.5586852949494399,0.2889623062247696,0.6676793644517921,0.6657130513094026,COMPLETE,0.5586852949494399,0.2889623062247696,0.6676793644517921,0.6657130513094026,0.6106442577030813
22,0.2886505813994437,2026-03-11 21:12:02.501737,2026-03-11 21:20:33.680100,0 days 00:08:31.178363,32,0.8,0.0017915085420757404,20,meta_finbert,128,128,1,1.6963519342316629,0.1,0.0047785741091200635,0.8,10,30,BiGRU,2,10,3.376678923907034e-07,0.6092436974789915,0.5559566603944675,0.2886505813994437,0.6608341683364791,0.652749012988864,COMPLETE,0.5559566603944675,0.2886505813994437,0.6608341683364791,0.652749012988864,0.6092436974789915
70,0.2881244695399139,2026-03-12 01:37:31.694705,2026-03-12 01:41:16.855359,0 days 00:03:45.160654,32,0.4,0.0015860443311910852,10,meta_stance,256,128,1,0.2982053271978298,0.2,0.0003733519820803626,0.4,10,20,LSTM,1,10,5.014308175632434e-07,0.6184873949579832,0.5472474079431014,0.2881244695399139,0.6708558465636489,0.6091605920885531,COMPLETE,0.5472474079431014,0.2881244695399139,0.6708558465636489,0.6091605920885531,0.6184873949579832
62,0.2881087988608817,2026-03-12 00:59:49.307291,2026-03-12 01:07:52.762231,0 days 00:08:03.454940,32,0.5,0.0019462630629375653,20,meta_finbert,256,128,1,1.4890616086264175,0.1,0.005277712409323028,0.4,10,30,BiGRU,2,5,1.1661227019663257e-06,0.6165266106442577,0.5581990902818988,0.2881087988608817,0.6700121798780497,0.6442101705785084,COMPLETE,0.5581990902818988,0.2881087988608817,0.6700121798780497,0.6442101705785084,0.6165266106442577
35,0.28799953720825205,2026-03-11 22:37:28.559406,2026-03-11 22:41:53.299966,0 days 00:04:24.740560,32,0.30000000000000004,0.002927442435446099,10,meta_stance,256,64,1,1.575329543790913,0.0,0.00019039486754003496,0.4,10,30,BiGRU,1,10,1.3217854313049879e-05,0.6128851540616248,0.5591639606871641,0.28799953720825205,0.6546751325740722,0.6462745634538726,COMPLETE,0.5591639606871641,0.28799953720825205,0.6546751325740722,0.6462745634538726,0.6128851540616248
49,0.28642863701013527,2026-03-11 23:48:00.186219,2026-03-11 23:53:11.964463,0 days 00:05:11.778244,32,0.2,0.0030202599928339166,15,meta_all_nlp,256,32,1,0.8547388351051179,0.1,0.0005466858834909014,0.8,10,30,BiGRU,1,5,3.9735075209876115e-07,0.6140056022408965,0.548730614309633,0.28642863701013527,0.6721670603003286,0.6341050003415575,COMPLETE,0.548730614309633,0.28642863701013527,0.6721670603003286,0.6341050003415575,0.6140056022408965
64,0.286280826992496,2026-03-12 01:11:40.638282,2026-03-12 01:14:25.647214,0 days 00:02:45.008932,128,0.5,0.002461634089951168,10,meta_unified_emotion,256,64,1,1.3705569640775486,0.0,0.00910995540572696,0.4,10,30,GRU,2,10,4.639163743127021e-07,0.6056022408963585,0.57169768523976,0.286280826992496,0.6442279615295708,0.6695693499513149,COMPLETE,0.57169768523976,0.286280826992496,0.6442279615295708,0.6695693499513149,0.6056022408963585
17,0.28566547355003796,2026-03-11 20:39:46.766775,2026-03-11 20:48:42.963518,0 days 00:08:56.196743,32,0.2,0.00033193634496477237,20,meta_finbert,256,128,1,1.7957549621548172,0.2,0.00043984918786809047,0.8,10,50,BiGRU,2,10,2.932528290695453e-06,0.6137254901960784,0.5632605488806498,0.28566547355003796,0.6454428082314002,0.6539092133996246,COMPLETE,0.5632605488806498,0.28566547355003796,0.6454428082314002,0.6539092133996246,0.6137254901960784
90,0.2854579959570868,2026-03-12 02:54:02.828202,2026-03-12 02:58:19.564319,0 days 00:04:16.736117,32,0.7000000000000001,0.0018182824023909592,15,meta_err_unified_emotion,256,64,1,0.7625117001153874,0.2,0.009282142082017192,0.4,10,30,GRU,1,5,8.223973126779989e-06,0.6030812324929973,0.5164639272343885,0.2854579959570868,0.6925521878005283,0.592582684266103,COMPLETE,0.5164639272343885,0.2854579959570868,0.6925521878005283,0.592582684266103,0.6030812324929973
71,0.2853311305011208,2026-03-12 01:41:16.856235,2026-03-12 01:46:31.859241,0 days 00:05:15.003006,32,0.30000000000000004,0.0029058324470116214,15,meta_stance,256,32,1,0.8401768651656474,0.30000000000000004,0.007857846415964957,0.4,10,20,BiGRU,1,10,4.4655554164746025e-05,0.6106442577030813,0.519861096971147,0.2853311305011208,0.6957293119832603,0.5799293381617816,COMPLETE,0.519861096971147,0.2853311305011208,0.6957293119832603,0.5799293381617816,0.6106442577030813
23,0.28508568009958163,2026-03-11 21:20:33.680976,2026-03-11 21:27:12.003293,0 days 00:06:38.322317,32,0.4,0.00384531651300505,15,meta_stance,64,128,1,1.9035306401201995,0.0,0.0012231581331731219,0.4,7,30,BiGRU,2,15,1.768519922280905e-05,0.6170868347338935,0.5255092820662445,0.28508568009958163,0.6730071319206707,0.5828719491929131,COMPLETE,0.5255092820662445,0.28508568009958163,0.6730071319206707,0.5828719491929131,0.6170868347338935
54,0.2840297382035456,2026-03-12 00:15:59.175636,2026-03-12 00:19:34.439639,0 days 00:03:35.264003,128,0.2,0.0018964447242367476,20,meta_finbert,256,128,1,1.6993423411323336,0.0,0.003857246551706462,0.4,10,20,BiGRU,2,5,8.418967833149875e-07,0.6151260504201681,0.5278398739450303,0.2840297382035456,0.6881377248539303,0.6083762011098522,COMPLETE,0.5278398739450303,0.2840297382035456,0.6881377248539303,0.6083762011098522,0.6151260504201681
33,0.2840039870550671,2026-03-11 22:25:02.903580,2026-03-11 22:31:21.809950,0 days 00:06:18.906370,32,0.6000000000000001,0.0009225406124828924,20,meta_err_sentiment,256,32,1,1.233571647154023,0.2,0.0004792080484872204,0.8,5,30,BiGRU,1,5,1.0391473455094096e-07,0.6092436974789917,0.5341630631762445,0.2840039870550671,0.6773431766723997,0.6139770088610048,COMPLETE,0.5341630631762445,0.2840039870550671,0.6773431766723997,0.6139770088610048,0.6092436974789917
60,0.28297781090069285,2026-03-12 00:46:09.378008,2026-03-12 00:51:17.354966,0 days 00:05:07.976958,64,0.30000000000000004,0.0002647261474610454,20,meta_err_unified_emotion,256,128,1,1.6751029534742778,0.2,0.002326665962206216,0.4,10,30,BiGRU,2,5,5.0761198313089595e-06,0.6075630252100841,0.5363392187248918,0.28297781090069285,0.6767102074356806,0.6031654380407596,COMPLETE,0.5363392187248918,0.28297781090069285,0.6767102074356806,0.6031654380407596,0.6075630252100841
12,0.28274506929939475,2026-03-11 20:07:56.408949,2026-03-11 20:16:21.313034,0 days 00:08:24.904085,32,0.4,3.286945338972966e-05,20,meta_emotion,256,64,1,1.4926894301107068,0.0,0.005234675498289242,0.8,10,20,BiLSTM,2,5,1.4269145035573023e-07,0.6120448179271709,0.529915098436757,0.28274506929939475,0.6872170795548422,0.5849343271975167,COMPLETE,0.529915098436757,0.28274506929939475,0.6872170795548422,0.5849343271975167,0.6120448179271709
59,0.2826889497988961,2026-03-12 00:41:00.180535,2026-03-12 00:46:09.376974,0 days 00:05:09.196439,32,0.4,0.004122193853575802,10,meta_stance,256,64,1,1.5455941934077215,0.0,0.004036097687358661,0.4,10,20,BiLSTM,2,5,3.54839080845683e-06,0.6103641456582634,0.5472147317021252,0.2826889497988961,0.6681657207198702,0.6276990503072273,COMPLETE,0.5472147317021252,0.2826889497988961,0.6681657207198702,0.6276990503072273,0.6103641456582634
99,0.282163773125683,2026-03-12 03:32:59.298767,2026-03-12 03:37:53.708110,0 days 00:04:54.409343,32,0.7000000000000001,0.0003500238817525565,15,meta_emotion,128,128,1,1.7192519176770031,0.1,0.0006653268085402171,0.8,10,30,GRU,2,15,0.00016847514225226958,0.6064425770308124,0.5594190269845727,0.282163773125683,0.6603811369612197,0.65952936965674,COMPLETE,0.5594190269845727,0.282163773125683,0.6603811369612197,0.65952936965674,0.6064425770308124
51,0.28171205381891945,2026-03-11 23:58:36.642029,2026-03-12 00:07:06.502640,0 days 00:08:29.860611,32,0.30000000000000004,0.0016931503157773203,20,meta_stance,256,64,1,1.5565352888394957,0.1,0.0013469033869806235,0.4,7,30,BiLSTM,2,10,1.4408550578525717e-06,0.6120448179271709,0.533595061173739,0.28171205381891945,0.6808215236172588,0.5984762138248593,COMPLETE,0.533595061173739,0.28171205381891945,0.6808215236172588,0.5984762138248593,0.6120448179271709
42,0.2816815384244372,2026-03-11 23:10:43.948603,2026-03-11 23:15:54.550343,0 days 00:05:10.601740,32,0.6000000000000001,0.003585574940331505,15,meta_finbert,256,128,1,0.998602749001928,0.0,0.00026262750872950544,0.4,5,30,BiGRU,1,5,2.7868183417026694e-06,0.6165266106442578,0.5359650808352439,0.2816815384244372,0.6782993380799175,0.5921664475734377,COMPLETE,0.5359650808352439,0.2816815384244372,0.6782993380799175,0.5921664475734377,0.6165266106442578
25,0.28064950489156704,2026-03-11 21:35:46.024128,2026-03-11 21:41:12.506530,0 days 00:05:26.482402,32,0.30000000000000004,0.00425847307241105,10,meta_emotion,256,64,1,1.181771310765878,0.0,0.002790283205391804,0.4,10,30,BiLSTM,2,15,8.668507763150868e-07,0.6148459383753502,0.5353048262645281,0.28064950489156704,0.6721271139395611,0.5898796477683431,COMPLETE,0.5353048262645281,0.28064950489156704,0.6721271139395611,0.5898796477683431,0.6148459383753502
48,0.2804639101595124,2026-03-11 23:44:16.743473,2026-03-11 23:48:00.184696,0 days 00:03:43.441223,64,0.4,0.0013789750753273912,15,meta_finbert,128,32,1,1.4015173556573695,0.2,0.000336278178510801,0.8,10,30,BiGRU,1,10,1.199838091503557e-07,0.6173669467787115,0.533739627019466,0.2804639101595124,0.6861066968093016,0.5924045568893185,COMPLETE,0.533739627019466,0.2804639101595124,0.6861066968093016,0.5924045568893185,0.6173669467787115
29,0.28018352275183933,2026-03-11 22:00:34.934606,2026-03-11 22:07:55.636138,0 days 00:07:20.701532,32,0.6000000000000001,0.0011894209551782907,20,meta_unified_emotion,256,128,1,1.871603817600287,0.1,0.0036842880303012636,0.4,5,30,LSTM,2,5,5.138475776895481e-06,0.611204481792717,0.5482279109166022,0.28018352275183933,0.6711442558946773,0.625039501218173,COMPLETE,0.5482279109166022,0.28018352275183933,0.6711442558946773,0.625039501218173,0.611204481792717
28,0.27991549142872296,2026-03-11 21:54:54.539132,2026-03-11 22:00:34.933702,0 days 00:05:40.394570,32,0.6000000000000001,0.003842285710016946,15,meta_stance,256,128,1,1.990008774351805,0.0,0.0003409680272768411,0.4,10,30,GRU,2,10,9.324001559592059e-07,0.6092436974789917,0.5675442534240935,0.27991549142872296,0.6418779983766641,0.6691608547124094,COMPLETE,0.5675442534240935,0.27991549142872296,0.6418779983766641,0.6691608547124094,0.6092436974789917
61,0.27926779978013755,2026-03-12 00:51:17.355903,2026-03-12 00:59:49.306026,0 days 00:08:31.950123,32,0.5,0.0026669803164960267,20,meta_finbert,256,64,1,1.2380143122935723,0.30000000000000004,0.008770388593328512,0.4,10,30,BiLSTM,2,5,1.8873096565231882e-07,0.6064425770308125,0.5343825060402616,0.27926779978013755,0.6861083702911522,0.6063524498817626,COMPLETE,0.5343825060402616,0.27926779978013755,0.6861083702911522,0.6063524498817626,0.6064425770308125
20,0.2790426418253289,2026-03-11 20:59:23.694099,2026-03-11 21:05:07.023260,0 days 00:05:43.329161,32,0.4,0.002310464450921296,10,meta_sentiment,128,128,1,1.7965295145569604,0.30000000000000004,0.009130344419350287,0.4,5,30,BiGRU,2,5,1.5084595569447712e-07,0.599719887955182,0.550932104542551,0.2790426418253289,0.6586671132258904,0.6598355946750593,COMPLETE,0.550932104542551,0.2790426418253289,0.6586671132258904,0.6598355946750593,0.599719887955182
43,0.2788092556035882,2026-03-11 23:15:54.551171,2026-03-11 23:21:16.942988,0 days 00:05:22.391817,32,0.30000000000000004,0.0006688930146522038,10,meta_err_all_nlp,256,128,1,1.5900551875266564,0.1,0.00321368411684845,0.4,10,20,BiGRU,2,15,1.5709636058588992e-05,0.6100840336134455,0.509504393284374,0.2788092556035882,0.7035944293759407,0.5747406984408797,COMPLETE,0.509504393284374,0.2788092556035882,0.7035944293759407,0.5747406984408797,0.6100840336134455
32,0.278043489157651,2026-03-11 22:18:57.425468,2026-03-11 22:25:02.902273,0 days 00:06:05.476805,32,0.6000000000000001,0.0018285069889372447,20,meta_finbert,256,32,1,1.986548820928181,0.2,0.0006879269444538645,0.4,10,30,LSTM,1,5,1.743847045208651e-05,0.6145658263305322,0.5202084362554997,0.278043489157651,0.6796898517634943,0.5713425725771144,COMPLETE,0.5202084362554997,0.278043489157651,0.6796898517634943,0.5713425725771144,0.6145658263305322
73,0.277871083588726,2026-03-12 01:51:29.912274,2026-03-12 01:56:42.274535,0 days 00:05:12.362261,32,0.4,0.0006583532267753589,15,meta_emotion,256,128,1,1.6710195051286552,0.30000000000000004,0.007466230939519583,0.4,5,30,BiGRU,1,20,1.2058029403572565e-07,0.6095238095238095,0.5180103169599518,0.277871083588726,0.6925906866982245,0.5962799059554937,COMPLETE,0.5180103169599518,0.277871083588726,0.6925906866982245,0.5962799059554937,0.6095238095238095
87,0.27778977941739524,2026-03-12 02:44:38.889165,2026-03-12 02:47:16.419969,0 days 00:02:37.530804,128,0.7000000000000001,9.084032205807033e-05,10,meta_err_emotion,128,64,1,1.3903601992038137,0.0,0.004873022688330447,0.4,7,30,LSTM,1,20,0.0005946236378191351,0.6100840336134454,0.5793917989949787,0.27778977941739524,0.6363152757527372,0.6935441823600629,COMPLETE,0.5793917989949787,0.27778977941739524,0.6363152757527372,0.6935441823600629,0.6100840336134454
63,0.27723570376534795,2026-03-12 01:07:52.763503,2026-03-12 01:11:40.637179,0 days 00:03:47.873676,128,0.6000000000000001,0.0028434533637271427,20,meta_err_emotion,128,64,1,1.6090670107339724,0.2,0.005645610529338527,0.4,10,30,BiGRU,2,10,3.996301538649818e-06,0.6064425770308123,0.5630200786066104,0.27723570376534795,0.6373878513063154,0.6485185906290838,COMPLETE,0.5630200786066104,0.27723570376534795,0.6373878513063154,0.6485185906290838,0.6064425770308123
93,0.27719598765691944,2026-03-12 03:05:07.823693,2026-03-12 03:07:51.695715,0 days 00:02:43.872022,128,0.7000000000000001,0.002479081840209221,15,meta_all_nlp,256,128,1,1.7540382927685778,0.1,0.003039612168736793,0.4,10,30,LSTM,1,15,0.00012123670137468991,0.6078431372549019,0.5442647960411561,0.27719598765691944,0.6741936450204904,0.6164177676266549,COMPLETE,0.5442647960411561,0.27719598765691944,0.6741936450204904,0.6164177676266549,0.6078431372549019
1,0.2756334370049148,2026-03-11 19:06:30.359757,2026-03-11 19:10:25.759195,0 days 00:03:55.399438,64,0.1,0.004722149251619493,10,meta_all_nlp,64,128,1,1.7857042108950205,0.30000000000000004,0.0008241925264876454,0.4,7,30,BiGRU,2,10,0.00012164139351417055,0.6025210084033614,0.5260202740054019,0.2756334370049148,0.675341143015774,0.6072458524577328,COMPLETE,0.5260202740054019,0.2756334370049148,0.675341143015774,0.6072458524577328,0.6025210084033614
8,0.27475218470949947,2026-03-11 19:42:44.012872,2026-03-11 19:46:30.659912,0 days 00:03:46.647040,128,0.2,0.0032004960103061177,20,meta_err_sentiment,128,64,1,1.6702691856047092,0.4,0.009162638829638218,0.4,7,30,BiLSTM,1,20,4.471679901231303e-06,0.6098039215686276,0.5207279149865087,0.27475218470949947,0.6864140324207597,0.5647289859631953,COMPLETE,0.5207279149865087,0.27475218470949947,0.6864140324207597,0.5647289859631953,0.6098039215686276
15,0.27435429938386446,2026-03-11 20:28:25.434764,2026-03-11 20:34:45.372006,0 days 00:06:19.937242,32,0.6000000000000001,0.00039181246016638856,10,meta_err_finbert,256,64,1,0.9409551390956838,0.2,0.00394097010872626,0.4,10,50,BiLSTM,2,5,8.212633093980613e-06,0.6072829131652662,0.5409040456269345,0.27435429938386446,0.6545400590352864,0.6134992562041289,COMPLETE,0.5409040456269345,0.27435429938386446,0.6545400590352864,0.6134992562041289,0.6072829131652662
36,0.2737493189330709,2026-03-11 22:41:53.300993,2026-03-11 22:47:27.184686,0 days 00:05:33.883693,32,0.5,6.709123575888759e-05,15,meta_sentiment,64,32,1,1.3377247008423372,0.30000000000000004,0.00021367469096356483,0.4,10,30,BiGRU,1,5,1.0029649060140785e-05,0.6005602240896359,0.5431960619114823,0.2737493189330709,0.6655714954085151,0.6398119508795872,COMPLETE,0.5431960619114823,0.2737493189330709,0.6655714954085151,0.6398119508795872,0.6005602240896359
16,0.27337280648052836,2026-03-11 20:34:45.373013,2026-03-11 20:39:46.765310,0 days 00:05:01.392297,64,0.6000000000000001,0.0033278972905993465,20,meta_finbert,256,128,1,1.7567280478720018,0.0,0.008932800715327033,0.4,7,30,GRU,2,5,8.290407973584902e-07,0.6100840336134453,0.5297970005556477,0.27337280648052836,0.6788930521642574,0.6044245987530293,COMPLETE,0.5297970005556477,0.27337280648052836,0.6788930521642574,0.6044245987530293,0.6100840336134453
27,0.2726947492802976,2026-03-11 21:47:32.371862,2026-03-11 21:54:54.538147,0 days 00:07:22.166285,32,0.5,0.004792659368539743,15,meta_stance,256,64,1,1.894987782210969,0.1,0.0003342623459412034,0.8,10,30,BiLSTM,2,10,1.1747540493784395e-06,0.6053221288515408,0.5714478969714368,0.2726947492802976,0.6269871720356915,0.6714604936407925,COMPLETE,0.5714478969714368,0.2726947492802976,0.6269871720356915,0.6714604936407925,0.6053221288515408
82,0.272532279232438,2026-03-12 02:29:04.556408,2026-03-12 02:31:25.124399,0 days 00:02:20.567991,128,0.5,0.00027008007764807993,10,meta_finbert,128,128,1,1.5467223356210167,0.0,0.0012899547424464382,0.4,10,30,GRU,1,10,1.3102247199126794e-06,0.6123249299719888,0.5306077514154832,0.272532279232438,0.6804405527135986,0.5897563943434617,COMPLETE,0.5306077514154832,0.272532279232438,0.6804405527135986,0.5897563943434617,0.6123249299719888
21,0.272472394461825,2026-03-11 21:05:07.024398,2026-03-11 21:12:02.500396,0 days 00:06:55.475998,32,0.5,0.004652658799393073,15,meta_emotion,256,128,1,1.436469156615365,0.2,0.0001631759998798111,0.4,10,30,BiGRU,2,5,1.3301067320409103e-06,0.6140056022408964,0.5528570866401716,0.272472394461825,0.6535342574185924,0.6283707128504742,COMPLETE,0.5528570866401716,0.272472394461825,0.6535342574185924,0.6283707128504742,0.6140056022408964
77,0.2708829335308184,2026-03-12 02:09:43.640119,2026-03-12 02:13:14.214600,0 days 00:03:30.574481,32,0.30000000000000004,0.0003973091429984035,10,meta_stance,64,32,1,0.11703611722959426,0.30000000000000004,0.0006288951432677439,0.4,5,50,LSTM,1,10,5.08125445028287e-07,0.6072829131652662,0.543091448458453,0.2708829335308184,0.6564251491800992,0.6236388709404592,COMPLETE,0.543091448458453,0.2708829335308184,0.6564251491800992,0.6236388709404592,0.6072829131652662
44,0.27024169629915895,2026-03-11 23:21:16.943995,2026-03-11 23:28:06.551536,0 days 00:06:49.607541,32,0.30000000000000004,0.002813790249775237,20,meta_err_unified_emotion,256,32,1,1.0804655168496264,0.30000000000000004,0.00040949613997408416,0.4,10,30,BiLSTM,1,5,1.5280594113495185e-06,0.6056022408963586,0.5111412592611567,0.27024169629915895,0.6961655148379512,0.577550361364777,COMPLETE,0.5111412592611567,0.27024169629915895,0.6961655148379512,0.577550361364777,0.6056022408963586
94,0.2666040155900205,2026-03-12 03:07:51.696592,2026-03-12 03:10:24.457544,0 days 00:02:32.760952,128,0.8,0.0008515448811332973,10,meta_err_emotion,128,128,1,1.4258460546585963,0.2,0.002938741834596373,0.4,10,30,BiLSTM,1,15,2.805361137795423e-05,0.6002801120448179,0.5577468328307946,0.2666040155900205,0.6400648538422856,0.6644293282904568,COMPLETE,0.5577468328307946,0.2666040155900205,0.6400648538422856,0.6644293282904568,0.6002801120448179
50,0.2657459509101783,2026-03-11 23:53:11.965790,2026-03-11 23:58:36.640911,0 days 00:05:24.675121,32,0.4,0.00014114594490962805,10,meta_finbert,256,32,1,0.763131098287944,0.2,0.0001758218983714459,0.8,10,30,BiGRU,2,10,1.9787647374557088e-07,0.6070028011204481,0.5328859360772719,0.2657459509101783,0.6630478875446338,0.6010868286654633,COMPLETE,0.5328859360772719,0.2657459509101783,0.6630478875446338,0.6010868286654633,0.6070028011204481
92,0.2645875074774495,2026-03-12 03:00:43.916769,2026-03-12 03:05:07.822767,0 days 00:04:23.905998,32,0.7000000000000001,0.005457993342819776,15,meta_all_nlp,256,32,1,1.8256433207071763,0.1,0.0003570952459102613,0.4,10,30,GRU,1,20,0.00013876801316946036,0.6112044817927171,0.5521521020065813,0.2645875074774495,0.6600536520391841,0.6340063563205938,COMPLETE,0.5521521020065813,0.2645875074774495,0.6600536520391841,0.6340063563205938,0.6112044817927171
9,0.2644951836800036,2026-03-11 19:46:30.660713,2026-03-11 19:53:49.799075,0 days 00:07:19.138362,32,0.6000000000000001,0.0008350071669866876,20,meta_err_stance,128,128,1,0.8148932125087399,0.0,0.0006366144994552212,0.8,5,30,BiGRU,1,20,1.9545735860656967e-07,0.5932773109243696,0.5388318772562425,0.2644951836800036,0.6554649930320925,0.636581224002732,COMPLETE,0.5388318772562425,0.2644951836800036,0.6554649930320925,0.636581224002732,0.5932773109243696
46,0.26139905587635803,2026-03-11 23:33:22.027876,2026-03-11 23:38:56.579948,0 days 00:05:34.552072,32,0.5,0.0013585344957919637,15,meta_finbert,256,32,1,0.9530513878743903,0.0,8.279010588640691e-05,0.4,10,50,LSTM,1,5,4.742637313912019e-06,0.5985994397759105,0.5451241115060407,0.26139905587635803,0.6702532460380303,0.6482963553751245,COMPLETE,0.5451241115060407,0.26139905587635803,0.6702532460380303,0.6482963553751245,0.5985994397759105
2,0.2598837437786891,2026-03-11 19:10:25.760009,2026-03-11 19:13:40.294923,0 days 00:03:14.534914,64,0.7000000000000001,0.009429097039125192,10,meta_finbert,64,128,1,0.7414688256668931,0.4,0.0016973078532467015,0.8,5,20,GRU,1,10,0.0003840300419098854,0.5949579831932773,0.5758418434515912,0.2598837437786891,0.622959727663913,0.6988072467534828,COMPLETE,0.5758418434515912,0.2598837437786891,0.622959727663913,0.6988072467534828,0.5949579831932773
52,0.25849315533904454,2026-03-12 00:07:06.503882,2026-03-12 00:12:49.015196,0 days 00:05:42.511314,32,0.8,0.0033148963785299846,15,meta_all_nlp,256,32,1,1.2873256418436614,0.1,0.00018905810866221766,0.4,10,30,BiLSTM,1,5,1.026732162901602e-06,0.595518207282913,0.5740106436355884,0.25849315533904454,0.6138158614204118,0.6873644825133466,COMPLETE,0.5740106436355884,0.25849315533904454,0.6138158614204118,0.6873644825133466,0.595518207282913
5,0.2579012069962864,2026-03-11 19:29:07.064266,2026-03-11 19:35:31.850220,0 days 00:06:24.785954,32,0.30000000000000004,0.0029359184426449338,20,meta_stance,64,128,1,0.7830331873175348,0.1,0.00016873495104568966,0.8,5,20,BiGRU,1,20,0.0005554169083020909,0.5971988795518207,0.5348680740793201,0.2579012069962864,0.6599282935143053,0.6227651707674432,COMPLETE,0.5348680740793201,0.2579012069962864,0.6599282935143053,0.6227651707674432,0.5971988795518207
13,0.2510912268470543,2026-03-11 20:16:21.314046,2026-03-11 20:22:10.098790,0 days 00:05:48.784744,32,0.4,0.002493428593825504,10,meta_stance,64,32,1,1.3489333887044728,0.0,0.000534880414481152,0.4,5,30,BiLSTM,2,10,2.7840450180393567e-07,0.5966386554621849,0.5706038535494793,0.2510912268470543,0.6108263985845512,0.682099490523849,COMPLETE,0.5706038535494793,0.2510912268470543,0.6108263985845512,0.682099490523849,0.5966386554621849
18,0.24928256371126847,2026-03-11 20:48:42.964711,2026-03-11 20:51:55.211363,0 days 00:03:12.246652,128,0.2,0.0028039778845548244,10,meta_err_emotion,256,64,1,1.7998929325126247,0.1,0.0012236128112239602,0.4,10,30,BiLSTM,2,10,7.881169347394317e-06,0.6016806722689078,0.5561344557034125,0.24928256371126847,0.6265945691649849,0.6453218973264303,COMPLETE,0.5561344557034125,0.24928256371126847,0.6265945691649849,0.6453218973264303,0.6016806722689078
30,0.24858686536645477,2026-03-11 22:07:55.636976,2026-03-11 22:12:18.274682,0 days 00:04:22.637706,32,0.2,0.0018703687555895582,10,meta_stance,128,64,1,1.1195734586008013,0.0,0.0007266951177198306,0.4,10,20,LSTM,2,10,1.6017753704448753e-07,0.5927170868347339,0.5752793487441888,0.24858686536645477,0.608832696860759,0.6879907861514284,COMPLETE,0.5752793487441888,0.24858686536645477,0.608832696860759,0.6879907861514284,0.5927170868347339
57,0.24729241290434756,2026-03-12 00:32:17.462961,2026-03-12 00:37:29.482160,0 days 00:05:12.019199,32,0.6000000000000001,0.000563033965574062,15,meta_finbert,256,32,1,0.47102335820552316,0.2,0.00015337941631179622,0.8,10,30,LSTM,1,5,9.692499154416882e-07,0.5910364145658262,0.566146687517665,0.24729241290434756,0.6239644077023606,0.67806813541418,COMPLETE,0.566146687517665,0.24729241290434756,0.6239644077023606,0.67806813541418,0.5910364145658262
45,0.23574662602170846,2026-03-11 23:28:06.552584,2026-03-11 23:33:22.026574,0 days 00:05:15.473990,32,0.6000000000000001,0.0015667628933120263,15,meta_err_emotion,128,32,1,0.9604909000036335,0.0,0.0001718841922652563,0.4,10,30,LSTM,1,5,1.291191273400244e-07,0.5865546218487395,0.537901386053644,0.23574662602170846,0.6214244244801241,0.638438269008835,COMPLETE,0.537901386053644,0.23574662602170846,0.6214244244801241,0.638438269008835,0.5865546218487395
4,0.23474163310816712,2026-03-11 19:23:08.741509,2026-03-11 19:29:07.063410,0 days 00:05:58.321901,32,0.0,0.0026520236768172545,20,meta_emotion,64,32,1,0.7986600258129236,0.0,0.0001566517163094647,0.8,10,20,LSTM,1,15,5.855726588796251e-05,0.5834733893557423,0.5416617852925366,0.23474163310816712,0.625387987562118,0.6498751083746254,COMPLETE,0.5416617852925366,0.23474163310816712,0.625387987562118,0.6498751083746254,0.5834733893557423
41,0.23352402394266564,2026-03-11 23:05:02.113227,2026-03-11 23:10:43.947738,0 days 00:05:41.834511,32,0.30000000000000004,0.0021864537447051843,20,meta_finbert,128,64,1,1.240212709037421,0.2,5.471181145314829e-05,0.4,10,20,BiGRU,1,5,3.0873999454090597e-06,0.5915966386554622,0.5000640613285375,0.23352402394266564,0.6724982533619948,0.5681257265319288,COMPLETE,0.5000640613285375,0.23352402394266564,0.6724982533619948,0.5681257265319288,0.5915966386554622
19,0.23062954588467802,2026-03-11 20:51:55.212767,2026-03-11 20:59:23.693239,0 days 00:07:28.480472,32,0.8,0.0008920864271408594,20,meta_finbert,64,32,1,1.3903812159037676,0.1,4.549963327968496e-05,0.4,10,20,BiGRU,2,5,4.3205567175303155e-07,0.5848739495798321,0.5136920800880131,0.23062954588467802,0.6544516604445584,0.6132614904354945,COMPLETE,0.5136920800880131,0.23062954588467802,0.6544516604445584,0.6132614904354945,0.5848739495798321
55,0.22948753430025418,2026-03-12 00:19:34.440935,2026-03-12 00:25:18.904758,0 days 00:05:44.463823,32,0.6000000000000001,0.0035912495383640577,15,meta_finbert,256,32,1,1.0577624943329713,0.1,2.377990610964363e-05,0.4,10,30,BiGRU,1,10,3.6820391771563754e-07,0.58515406162465,0.5340149711354598,0.22948753430025418,0.6342493700277572,0.6535684225877348,COMPLETE,0.5340149711354598,0.22948753430025418,0.6342493700277572,0.6535684225877348,0.58515406162465
91,0.228935823245829,2026-03-12 02:58:19.565257,2026-03-12 03:00:43.915867,0 days 00:02:24.350610,128,0.2,0.0002099007548765051,10,meta_stance,128,32,1,0.10930580194560767,0.4,0.0001547855321715156,0.4,10,20,LSTM,1,15,5.536199838220106e-07,0.5739495798319327,0.5306916802447454,0.228935823245829,0.6484783722162758,0.6358349064540976,COMPLETE,0.5306916802447454,0.228935823245829,0.6484783722162758,0.6358349064540976,0.5739495798319327
7,0.22469301196951644,2026-03-11 19:39:21.902624,2026-03-11 19:42:44.011947,0 days 00:03:22.109323,64,0.4,0.00575474177875879,10,meta_err_unified_emotion,128,64,1,1.8864374587074195,0.2,0.0002906701215322915,0.8,10,20,LSTM,1,20,3.4703605955441494e-05,0.5798319327731092,0.5052997415769587,0.22469301196951644,0.6508037854481656,0.5808374620068064,COMPLETE,0.5052997415769587,0.22469301196951644,0.6508037854481656,0.5808374620068064,0.5798319327731092
53,0.21421297429619068,2026-03-12 00:12:49.016898,2026-03-12 00:15:59.174386,0 days 00:03:10.157488,128,0.7000000000000001,0.004016134496663175,15,meta_finbert,256,32,1,0.5082889487272054,0.2,2.4177519621748206e-05,0.8,10,30,BiGRU,1,5,4.303762407055668e-06,0.5759103641456583,0.5287147590717087,0.21421297429619068,0.6179894910252571,0.6386778924595232,COMPLETE,0.5287147590717087,0.21421297429619068,0.6179894910252571,0.6386778924595232,0.5759103641456583
58,0.20689971197748666,2026-03-12 00:37:29.483303,2026-03-12 00:41:00.179516,0 days 00:03:30.696213,128,0.4,0.0008293703170211745,20,meta_finbert,256,32,1,1.3023274424308677,0.30000000000000004,1.4846291923360905e-05,0.4,10,30,BiGRU,1,5,1.6453926047749109e-07,0.5750700280112044,0.4882788846274663,0.20689971197748666,0.6564417231418513,0.5857333320186605,COMPLETE,0.4882788846274663,0.20689971197748666,0.6564417231418513,0.5857333320186605,0.5750700280112044
0,0.16736426608802293,2026-03-11 19:02:17.875034,2026-03-11 19:06:30.359007,0 days 00:04:12.483973,64,0.1,0.0025877998160001693,15,meta_err_all_nlp,64,32,1,1.8277087639496858,0.30000000000000004,0.000269264691008618,0.4,10,30,LSTM,2,10,4.809461967501569e-07,0.5554621848739496,0.5237461930263011,0.16736426608802293,0.5886211065613601,0.639749451884895,COMPLETE,0.5237461930263011,0.16736426608802293,0.5886211065613601,0.639749451884895,0.5554621848739496
6,0.15903453888456567,2026-03-11 19:35:31.851465,2026-03-11 19:39:21.901296,0 days 00:03:50.049831,64,0.6000000000000001,0.008359801205122058,15,meta_unified_emotion,256,128,1,1.9290319878880575,0.2,1.6096330648219384e-06,0.4,10,20,GRU,1,10,1.3348071559960692e-05,0.5549019607843138,0.4901423039393462,0.15903453888456567,0.6029161751445732,0.5923078303796792,COMPLETE,0.4901423039393462,0.15903453888456567,0.6029161751445732,0.5923078303796792,0.5549019607843138
